:020000040800F2
:10000000000002206DB10308C9EA0008CDEA00082B
:10001000E1EA0008E5EA0008E9EA0008000000005B
:1000200000000000000000000000000071620108F4
:10003000EDEA00080000000001630108A93F010883
:1000400005B2030805B2030805B2030805B20308A8
:1000500005B2030805B2030805B2030805B2030898
:10006000F1EA000805B2030805B20308F9EA00083E
:1000700005B2030805EB000811EB00081DEB0008B2
:1000800029EB000805B2030805B2030835EB0008A8
:1000900041EB000805B2030805B203084DEB000868
:1000A00061EB000805B2030805B2030805B20308B6
:1000B0007DEB000805B2030805B2030889EB0008D0
:1000C00005B2030805B2030805B2030895EB000862
:1000D00005B20308A1EB000805B20308ADEB000868
:1000E00005B2030805B2030805B2030805B2030808
:1000F000B9EB000805B2030805B2030805B203080E
:1001000005B2030805B20308C5EB0008D1EB0008EF
:1001100005B2030805B20308DDEB0008E9EB0008AF
:10012000F5EB000805B2030801EC00080DEC00082F
:1001300019EC000805B2030805B2030805B203086C
:1001400005B2030805B2030805B2030825EC000850
:1001500005B2030805B2030805B2030805B2030897
:1001600005B2030805B2030805B2030805B2030887
:1001700005B2030805B2030805B203080000000039
:0801800005B2030805B20308F3
:10C00000CCD9040800000010DC080010000000205B
:10C01000C433012007480849016008484FF48041B3
:10C02000016007484FF0010101600648D0F800D0D8
:10C0300040680047F0FF01200DF0ADBA44380240DF
:10C04000003801400000FF1F000000000000000059
:10C0500000000000000000000000000000000000E0
:10C0600000000000000000000000000000000000D0
:10C0700000000000000000000000000000000000C0
:10C0800030B490F800F020F007016FF0000C10F0D1
:10C09000070491F820F040F048804FF000046FF062
:10C0A0000700D1E9002391F840F000F1080082FA7E
:10C0B0004CF2A4FA8CF283FA4CF3A2FA8CF34BBB49
:10C0C000D1E9022382FA4CF200F10800A4FA8CF2C2
:10C0D00083FA4CF3A2FA8CF3E3B9D1E9042382FA90
:10C0E0004CF200F10800A4FA8CF283FA4CF3A2FAA5
:10C0F0008CF37BB9D1E9062301F1200182FA4CF2DD
:10C1000000F10800A4FA8CF283FA4CF3A2FA8CF343
:10C11000002BC6D0002A04BF04301A4612BAB2FA65
:10C1200082F200EBD20030BC7047D1E9002304F06A
:10C130000305C4F100004FEAC50514F0040F91F89F
:10C1400040F00CFA05F562EA05021CBF63EA05033C
:10C1500062464FF00004AAE7000000000000000063
:10C1600002780B78012A28BF9A4240F0D8806DE906
:10C17000044540EA0104CDE902676FF0000C4FEA84
:10C1800044721AB380EA010414F0070F6BD100F077
:10C19000070420F0070004F0030521F007014FEA2F
:10C1A000C505F0E8042314F0040FF1E804670CFA65
:10C1B00005F462EA040266EA04060BD063EA0403AB
:10C1C000624667EA0407664604E000BFF0E804231D
:10C1D000F1E8046782FA4CF582EA0604A4FA8CF4CA
:10C1E0006CBB83FA4CF583EA0705A5FA8CF595B983
:10C1F00050E9022351E9026782FA4CF582EA06040B
:10C20000A4FA8CF483FA4CF583EA0705A5FA8CF5B9
:10C210002543DBD09CB92DBAB5FA85F424F0070488
:10C2200027FA04F1DDE9026723FA04F303F0FF00C3
:10C2300001F0FF01FDE80445A0EB0100704724BABE
:10C24000B4FA84F424F0070426FA04F1DDE9026765
:10C2500022FA04F202F0FF0001F0FF01FDE80445BC
:10C26000A0EB0100704714F0030F3CD110F0030461
:10C2700028D150F8082B51F8083B82FA4CF582EA95
:10C280000305A5FA8CF55DB950F8042C51F8043C6F
:10C2900082FA4CF582EA0305A5FA8CF5002DE8D068
:10C2A0002DBAB5FA85F424F0070423FA04F122FA32
:10C2B00004F202F0FF0001F0FF01FDE80445A0EBED
:10C2C000010070474FEAC40420F0030050F8082B27
:10C2D00021F0030151F8083B0CFA04F462EA04026D
:10C2E00063EA0403C9E710F003041DD0A1EB0401C5
:10C2F00020F00300E40750F8042B06D012D28B780C
:10C300005FFAA2F4E41A06D12BB1CB785FFAB2F44B
:10C31000E41A00D133B920465DF8104B7047A2EB08
:10C320000300704701F1040150F8042BCC0721F001
:10C33000030151F8043B48D824D222F07F4482FA0A
:10C340004CF594EA1325A5FA8CF50AD165B951F894
:10C35000043B84EA0204B4EB036F0ED150F8042BC3
:10C36000EBE74FEA132355E035F07F454DD10878D0
:10C37000FDE80445C0F1000070474FEA126203F087
:10C38000FF0347E002EA1C4482FA4CF594EA1345A5
:10C39000A5FA8CF50AD165B951F8043B84EA020488
:10C3A000B4EB034F0CD150F8042BEBE74FEA1343E7
:10C3B00030E015EA1C4528D10B884FEA124229E0EB
:10C3C0004FEA124203EA1C4324E002F0FF0482FA1F
:10C3D0004CF594EA1365A5FA8CF50AD165B951F8C4
:10C3E000043B84EA0204B4EB032F09D150F8042B78
:10C3F000EBE74FEA13630DE015F0FF0F05D10B6873
:10C400004FEA122223F07F4304E04FF00000FDE8E2
:10C410000445704712BA1BBA82FA4CF482EA03044C
:10C42000A4FA8CF5B5FA85F402FA04F203FA04F3DF
:10C430004FEA1260FDE80445A0EB1360704700BFAF
:10C4400001F0FF01102A2BDB10F0070F08D010F8C5
:10C45000013B013A8B422DD010F0070F42B3F6D1C9
:10C46000F0B441EA012141EA014122F007047FF0E2
:10C4700000070023F0E80256083C85EA010586EA39
:10C48000010685FA47F5A3FA87F586FA47F6A5FA75
:10C4900087F68EB9EED1F0BC01F0FF0102F0070281
:10C4A00032B110F8013B013A83EA010313B1F8D12C
:10C4B0000020704701387047002D06BF354603380D
:10C4C000073815F0010F07D1013015F4807F02BF46
:10C4D000013015F4C03F0130F0BC0138704700BF97
:10C4E000844641EA000313F003036DD1403A41D37F
:10C4F00051F8043B40F8043B51F8043B40F8043B3E
:10C5000051F8043B40F8043B51F8043B40F8043B2D
:10C5100051F8043B40F8043B51F8043B40F8043B1D
:10C5200051F8043B40F8043B51F8043B40F8043B0D
:10C5300051F8043B40F8043B51F8043B40F8043BFD
:10C5400051F8043B40F8043B51F8043B40F8043BED
:10C5500051F8043B40F8043B51F8043B40F8043BDD
:10C5600051F8043B40F8043B51F8043B40F8043BCD
:10C57000403ABDD2303211D351F8043B40F8043B6D
:10C5800051F8043B40F8043B51F8043B40F8043BAD
:10C5900051F8043B40F8043B103AEDD20C3205D37D
:10C5A00051F8043B40F8043B043AF9D2043208D075
:10C5B000D2071CBF11F8013B00F8013B01D30B88E7
:10C5C00003806046704700BF082A13D38B078DD0C5
:10C5D00010F003038AD0C3F10403D21ADB071CBF97
:10C5E00011F8013B00F8013B80D331F8023B20F801
:10C5F000023B7BE7043AD9D3013A11F8013B00F83A
:10C60000013BF9D20B7803704B7843708B788370C1
:10C610006046704781F0004102E000BF83F00043B4
:10C6200030B54FEA41044FEA430594EA050F08BFCD
:10C6300090EA020F1FBF54EA000C55EA020C7FEA91
:10C64000645C7FEA655C00F0E2804FEA5454D4EB0E
:10C650005555B8BF6D420CDD2C4480EA020281EAD8
:10C66000030382EA000083EA010180EA020281EA10
:10C670000303362D88BF30BD11F0004F4FEA013162
:10C680004FF4801C4CEA113102D0404261EB410171
:10C6900013F0004F4FEA03334CEA133302D05242F7
:10C6A00063EB430394EA050F00F0A780A4F10104B3
:10C6B000D5F1200E0DDB02FA0EFC22FA05F28018ED
:10C6C00041F1000103FA0EF2801843FA05F35941D3
:10C6D0000EE0A5F120050EF1200E012A03FA0EFC52
:10C6E00028BF4CF0020C43FA05F3C01851EBE3717C
:10C6F00001F0004507D54FF0000EDCF1000C7EEB99
:10C7000000006EEB0101B1F5801F1BD3B1F5001FD6
:10C710000CD349085FEA30004FEA3C0C04F10104F5
:10C720004FEA445212F5800F80F09A80BCF1004F1E
:10C7300008BF5FEA500C50F1000041EB045141EAA0
:10C74000050130BD5FEA4C0C404141EB0101013C69
:10C7500028BFB1F5801FE9D291F0000F04BF014658
:10C760000020B1FA81F308BF2033A3F10B03B3F12A
:10C7700020020CDA0C3208DD02F1140CC2F10C02BA
:10C7800001FA0CF021FA02F10CE002F11402D8BF18
:10C79000C2F1200C01FA02F120FA0CFCDCBF41EAE4
:10C7A0000C019040E41AA2BF01EB0451294330BDB3
:10C7B0006FEA04041F3C1CDA0C340EDC04F1140490
:10C7C000C4F1200220FA04F001FA02F340EA030067
:10C7D00021FA04F345EA030130BDC4F10C04C4F1AD
:10C7E000200220FA02F001FA04F340EA030029468D
:10C7F00030BD21FA04F0294630BD94F0000F83F4D7
:10C80000801306BF81F480110134013D4EE77FEAB9
:10C81000645C18BF7FEA655C29D094EA050F08BF05
:10C8200090EA020F05D054EA000C04BF19461046E6
:10C8300030BD91EA030F1EBF0021002030BD5FEA2A
:10C84000545C05D14000494128BF41F0004130BD52
:10C8500014F580043CBF01F5801130BD01F00045A6
:10C8600045F0FE4141F470014FF0000030BD7FEA19
:10C87000645C1ABF194610467FEA655C1CBF0B4614
:10C88000024650EA013406BF52EA033591EA030F2B
:10C8900041F4002130BD00BF90F0000F04BF002123
:10C8A000704730B54FF4806404F132044FF0000556
:10C8B0004FF0000150E700BF90F0000F04BF0021CF
:10C8C000704730B54FF4806404F1320410F0004535
:10C8D00048BF40424FF000013EE700BF42004FEA30
:10C8E000E2014FEA31014FEA02701FBF12F07F43AD
:10C8F00093F07F4F81F06051704732F07F4208BF64
:10C90000704793F07F4F04BF41F40021704730B56A
:10C910004FF4607401F0004521F000411CE700BFB6
:10C9200050EA010208BF704730B54FF000050AE039
:10C9300050EA010208BF704730B511F0004502D53A
:10C94000404261EB41014FF4806404F132045FEA3C
:10C95000915C3FF4D8AE4FF003025FEADC0C18BFE5
:10C9600003325FEADC0C18BF033202EBDC02C2F1D7
:10C97000200300FA03FC20FA02F001FA03FE40EA69
:10C980000E0021FA02F11444BDE600BF70B54FF06D
:10C99000FF0C4CF4E06C1CEA11541DBF1CEA13554B
:10C9A00094EA0C0F95EA0C0F00F0DEF82C4481EAB3
:10C9B000030621EA4C5123EA4C5350EA013518BFD3
:10C9C00052EA033541F4801143F4801338D0A0FBC0
:10C9D00002CE4FF00005E1FB02E506F00042E0FB6D
:10C9E00003E54FF00006E1FB03569CF0000F18BF73
:10C9F0004EF0010EA4F1FF04B6F5007F64F540741B
:10CA000004D25FEA4E0E6D4146EB060642EAC621AD
:10CA100041EA55514FEAC52040EA5E504FEACE2E1A
:10CA2000B4F1FD0C88BFBCF5E06F1ED8BEF1004F1D
:10CA300008BF5FEA500E50F1000041EB045170BD99
:10CA400006F0004646EA010140EA020081EA0301DD
:10CA5000B4EB5C04C2BFD4EB0C0541EA045170BDD9
:10CA600041F480114FF0000E013C00F3AB8014F153
:10CA7000360FDEBF002001F0004170BDC4F100049C
:10CA8000203C35DA0C341BDC04F11404C4F120051D
:10CA900000FA05F320FA04F001FA05F240EA020078
:10CAA00001F0004221F0004110EBD37021FA04F6AE
:10CAB00042EB06015EEA430E08BF20EAD37070BD68
:10CAC000C4F10C04C4F1200500FA04F320FA05F0C7
:10CAD00001FA04F240EA020001F0004110EBD370C9
:10CAE00041F100015EEA430E08BF20EAD37070BD39
:10CAF000C4F1200500FA05F24EEA020E20FA04F312
:10CB000001FA05F243EA020321FA04F001F00041C0
:10CB100021FA04F220EA020000EBD3705EEA430E31
:10CB200008BF20EAD37070BD94F0000F0FD101F060
:10CB30000046400041EB010111F4801F08BF013C99
:10CB4000F7D041EA060195F0000F18BF704703F0D7
:10CB50000046520043EB030313F4801F08BF013D5E
:10CB6000F7D043EA0603704794EA0C0F0CEA13551A
:10CB700018BF95EA0C0F0CD050EA410618BF52EAD4
:10CB80004306D1D181EA030101F000414FF00000DA
:10CB900070BD50EA410606BF1046194652EA4306E8
:10CBA00019D094EA0C0F02D150EA013613D195EA5C
:10CBB0000C0F05D152EA03361CBF104619460AD1A4
:10CBC00081EA030101F0004141F0FE4141F47001AE
:10CBD0004FF0000070BD41F0FE4141F4780170BD9E
:10CBE00070B54FF0FF0C4CF4E06C1CEA11541DBF03
:10CBF0001CEA135594EA0C0F95EA0C0F00F0A7F805
:10CC0000A4EB050481EA030E52EA03354FEA013131
:10CC100000F088804FEA03334FF0805545EA131344
:10CC200043EA12634FEA022245EA111545EA10650C
:10CC30004FEA00260EF000419D4208BF964244F1A3
:10CC4000FD0404F5407402D25B084FEA3202B61AC2
:10CC500065EB03055B084FEA32024FF480104FF496
:10CC6000002CB6EB020E75EB030E22BFB61A75460A
:10CC700040EA0C005B084FEA3202B6EB020E75EB9D
:10CC8000030E22BFB61A754640EA5C005B084FEA05
:10CC90003202B6EB020E75EB030E22BFB61A7546D2
:10CCA00040EA9C005B084FEA3202B6EB020E75EBDD
:10CCB000030E22BFB61A754640EADC0055EA060E9E
:10CCC00018D04FEA051545EA16754FEA06164FEAE1
:10CCD000C30343EA52734FEAC2025FEA1C1CC0D18D
:10CCE00011F4801F0BD141EA00014FF000004FF01A
:10CCF000004CB6E711F4801F04BF01430020B4F1DB
:10CD0000FD0C88BFBCF5E06F3FF6AFAEB5EB030C92
:10CD100004BFB6EB020C5FEA500C50F1000041EB8F
:10CD2000045170BD0EF0004E4EEA113114EB5C045C
:10CD3000C2BFD4EB0C0541EA045170BD41F480112F
:10CD40004FF0000E013C90E645EA060E8DE60CEA37
:10CD5000135594EA0C0F08BF95EA0C0F3FF43BAF54
:10CD600094EA0C0F0AD150EA01347FF434AF95EA0B
:10CD70000C0F7FF425AF104619462CE795EA0C0FEF
:10CD800006D152EA03353FF4FDAE1046194622E7BC
:10CD900050EA410618BF52EA43067FF4C5AE50EA96
:10CDA00041047FF40DAF52EA43057FF4EBAE12E786
:10CDB0004FF0FF3C06E000BF4FF0010C02E000BF67
:10CDC0004FF0010C4DF804CD4FEA410C7FEA6C5C4A
:10CDD0004FEA430C18BF7FEA6C5C1BD001B050EAED
:10CDE000410C0CBF52EA430C91EA030F02BF90EAD8
:10CDF000020F0020704710F1000F91EA030F58BF97
:10CE0000994208BF90422CBFD8176FEAE37040F0F8
:10CE1000010070474FEA410C7FEA6C5C02D150EA96
:10CE2000013C07D14FEA430C7FEA6C5CD6D152EA51
:10CE3000033CD3D05DF8040B704700BF8446104616
:10CE400062468C461946634600E000BF01B5FFF715
:10CE5000B7FF002848BF10F1000F01BD4DF808EDE5
:10CE6000FFF7F4FF0CBF012000205DF808FB00BFB6
:10CE70004DF808EDFFF7EAFF34BF012000205DF810
:10CE800008FB00BF4DF808EDFFF7E0FF94BF01205D
:10CE900000205DF808FB00BF4DF808EDFFF7CEFF5E
:10CEA00094BF012000205DF808FB00BF4DF808ED9D
:10CEB000FFF7C4FF34BF012000205DF808FB00BF6E
:10CEC0004FEA410C7FEA6C5C02D150EA013C0AD186
:10CED0004FEA430C7FEA6C5C02D152EA033C02D178
:10CEE0004FF0000070474FF0010070474FEA4102D9
:10CEF00012F5001215D211D56FF47873B3EB6252AC
:10CF000012D94FEAC12343F0004343EA505311F0D2
:10CF1000004F23FA02F018BF404270474FF0000064
:10CF2000704750EA013005D111F0004008BF6FF0A2
:10CF3000004070474FF00000704700BF4A0011D218
:10CF400012F5001211D20DD56FF47873B3EB625263
:10CF50000ED44FEAC12343F0004343EA505323FA6F
:10CF600002F070474FF00000704750EA013002D1E4
:10CF70004FF0FF3070474FF0000070474FEA41021A
:10CF8000B2F1E04324BFB3F5001CDCF1FE5C0DD927
:10CF900001F0004C4FEAC0024CEA5070B2F1004F71
:10CFA00040EB830008BF20F00100704711F0804F74
:10CFB00021D113F13872BCBF01F00040704741F439
:10CFC00080114FEA5252C2F11802C2F1200C10FA3D
:10CFD0000CF320FA02F018BF40F001004FEAC12321
:10CFE0004FEAD32303FA0CFC40EA0C0023FA02F3C5
:10CFF0004FEA4303CCE77FEA625307D150EA01339B
:10D000001EBF4FF0FE4040F44000704701F000406A
:10D0100040F0FE4040F40000704700BF80F0004048
:10D0200002E000BF81F0004142001FBF5FEA410300
:10D0300092EA030F7FEA226C7FEA236C6AD04FEA00
:10D040001262D2EB1363C1BFD21841404840414045
:10D05000B8BF5B42192B88BF704710F0004F40F4F7
:10D06000000020F07F4018BF404211F0004F41F413
:10D07000000121F07F4118BF494292EA030F3FD0DF
:10D08000A2F1010241FA03FC10EB0C00C3F12003F2
:10D0900001FA03F100F0004302D5494260EB400081
:10D0A000B0F5000F13D3B0F1807F06D340084FEAEC
:10D0B000310102F10102FE2A51D2B1F1004F40EBE1
:10D0C000C25008BF20F0010040EA03007047490049
:10D0D00040EB0000013A28BFB0F5000FEDD2B0FAE6
:10D0E00080FCACF1080CB2EB0C0200FA0CF0AABF09
:10D0F00000EBC25052421843BCBFD04018437047A7
:10D1000092F0000F81F4000106BF80F400000132AC
:10D11000013BB5E74FEA41037FEA226C18BF7FEA83
:10D12000236C21D092EA030F04D092F0000F08BFC5
:10D130000846704790EA010F1CBF0020704712F0AC
:10D140007F4F04D1400028BF40F00040704712F1EB
:10D1500000723CBF00F50000704700F0004343F050
:10D16000FE4040F4000070477FEA226216BF084686
:10D170007FEA23630146420206BF5FEA412390EA49
:10D18000010F40F4800070474FF0000304E000BF3F
:10D1900010F0004348BF40425FEA000C08BF7047F0
:10D1A00043F0964301464FF000001CE050EA0102B4
:10D1B00008BF70474FF000030AE000BF50EA0102C9
:10D1C00008BF704711F0004302D5404261EB4101B6
:10D1D0005FEA010C02BF84460146002043F0B643DB
:10D1E00008BFA3F18053A3F50003BCFA8CF2083A00
:10D1F000A3EBC25310DB01FA02FC634400FA02FC09
:10D20000C2F12002BCF1004F20FA02F243EB02000F
:10D2100008BF20F00100704702F1200201FA02FC71
:10D22000C2F1200250EA4C0021FA02F243EB020064
:10D2300008BF20EADC70704753B94AB9002908BF1B
:10D2400000281CBF4FF0FF314FF0FF3000F00CB84A
:10D25000ADF1080C6DE904CE38F0BCFBDDF804E05C
:10D26000DDE9022304B07047704700BF0348044B58
:10D27000834202D0034B03B118477047DC0800100B
:10D28000DC080010000000000548064B1B1AD90FEF
:10D2900001EBA301491002D0034B03B118477047BB
:10D2A000DC080010DC0800100000000010B5064C7F
:10D2B000237843B9FFF7DAFF044B13B10448AFF307
:10D2C00000800123237010BD00000020000000003A
:10D2D000905C040808B5054B1BB105490548AFF340
:10D2E0000080BDE80840FFF7CFBF00BF000000008E
:10D2F00004000020905C0408704700BF00F094BE5A
:10D300004FF0500383F31188BFF36F8FBFF34F8F3C
:10D31000704700BFBFF34F8F0549064BCA6802F440
:10D32000E0621343CB60BFF34F8F00BFFDE700BF48
:10D3300000ED00E00400FA0508B50A4800224FF4A9
:10D34000804103F095FA074800224FF4004103F0B2
:10D350008FFA044800224FF4005103F089FA1EF0BE
:10D3600011FBFCE7000C024010B5002494B0CDE99D
:10D370000A44CDE90344CDE90544284A01940C94BC
:10D380000794116C264B41F080511164126C02F02D
:10D3900080520192019A02941A6842F480421A6003
:10D3A0001B68092003F480434FF48031CDE9080164
:10D3B0000293012102234FF48002CDE90D130F9255
:10D3C0000421A822CDE910120298072208A8CDE96D
:10D3D000123204F0ADFB90B90F210223CDE9031303
:10D3E00000244FF4A0524FF4805303A80521CDE947
:10D3F0000542079304F0B2FD40B914B010BD0948CE
:10D4000022464FF4804103F033FAE5E7054822460F
:10D410004FF4804103F02CFA14B010BD00380240E4
:10D4200000700040000C02400D4810B54FF0A044C1
:10D4300004214FF400720223046000240171C280B1
:10D44000C0F80930C48104F007FB00B910BD2246C2
:10D450000448BDE810404FF4804103F009BA00BF12
:10D4600020000120000C024080B500249EB001F095
:10D470002DFDFFF779FFCDE91544CDE91744C04DE7
:10D48000029419942B6BBF4843F010032B632B6B52
:10D4900003F010030293029B03942B6B43F00403ED
:10D4A0002B632B6B03F004030393039B04942B6BFC
:10D4B00043F080032B632B6B03F080030493049BE6
:10D4C00005942B6B012213432B632B6B13400593A5
:10D4D000059B06942B6B43F002032B632B6B03F02D
:10D4E00002030693069B07942B6B43F008032B6300
:10D4F0002B6B03F0080307931021079B03F0B8F987
:10D50000A14822464FF4A45103F0B2F99F482246A5
:10D510004FF4805103F0ACF99D4822464FF21C3184
:10D5200003F0A6F9224697484FF4004103F0A0F912
:10D5300001267C239448179615A9CDE9153402F0ED
:10D54000BBFF4FF460439348159315A94FF4881916
:10D55000CDE9164602F0B0FF04238A48179615A9B4
:10D56000CDE915394FF0100802F0A6FF03238548D6
:10D57000189315A9CDE91664CDF8548002F09CFFEC
:10D5800034238248159315A90227CDE9164402F0E9
:10D5900093FF80237C48159315A916961894179726
:10D5A00002F08AFF4FF480737748159315A9CDE9EF
:10D5B000169702F081FF4FF480637348159315A905
:10D5C0004FF48059CDE91667189602F075FF6E4842
:10D5D000189415A9CDE91664CDF8549002F06CFFAB
:10D5E0006A4815A9CDE91596CDE9174702F064FF01
:10D5F0004FF443736648159315A9CDE91664189640
:10D6000002F05AFF4FF210036148159315A9CDE9B6
:10D610001664189402F050FF4FF4004359481593D4
:10D6200015A9CDE91664189702F046FF4FF0200EB9
:10D630004FF404135648179615A9CDE915E302F0E7
:10D640003BFF40235248159315A9CDE9164402F03B
:10D6500033FF22460621082002F0F2FA082002F0E9
:10D660002BFB22460D21172002F0EAFA172002F0C8
:10D6700023FB00942B6B43F480032B632B6B03F48D
:10D6800080030093009B01942B6B43F400132B63E6
:10D690002B6B03F400132246052101930B20019B01
:10D6A00002F0CEFA0B2002F007FB224605210D20E6
:10D6B00002F0C6FA0D2002F0FFFA224605210E20E4
:10D6C00002F0BEFA0E2002F0F7FA224605210F20E2
:10D6D00002F0B6FA0F2002F0EFFA2246052140468A
:10D6E00002F0AEFA404602F0E7FA224605213A205F
:10D6F00002F0A6FA3A2002F0DFFA224605213B208A
:10D7000002F09EFA3B2002F0D7FA224605213C2087
:10D7100002F096FA3C2002F0CFFA1F481F4B03603C
:10D720004FF4803343604FF08053C3624FF0106377
:10D7300083620523CDE91544CDE917448460066171
:10D74000047680F82040C460C36180F83060466190
:10D7500001F01AFC002840F0EC8208240122062384
:10D760000D48179315A9CDE9154201F0B3FD002826
:10D7700040F02E8409220223074815A910E000BFBB
:10D780000038024000000240001002400004024045
:10D79000000C024000080240C40C0120002001409F
:10D7A000CDE9152301F096FD002840F009840E22F2
:10D7B0000323C44815A9CDE9152301F08BFD0028EA
:10D7C00040F0F783102404220323BE48179315A9C1
:10D7D000CDE9154201F07EFD002840F0E3831122DF
:10D7E0000523B84815A9CDE9152301F073FD0028DC
:10D7F00040F0D1832022002116A82DF0F7FEB24878
:10D80000012317931B934FF0FF33C36003230024BE
:10D810004FF08042159315A90523C0E90144026029
:10D820000E94046184610F94199305F07BFD002828
:10D8300040F0AA830024A4480EA9CDE90E4405F0C7
:10D8400059FE002840F0998300242022214615A883
:10D85000CDE90E44CDE91044CDE91244CDE90B44A5
:10D860000A94089414940D9409942DF0BFFE9748DF
:10D87000974B03604FF6FF73C3608023C0E90144F8
:10D88000C0E90444836105F0F1FC002840F06E8398
:10D890004FF480538D480A930AA905F02BFB00280A
:10D8A00040F05D83894805F00FFD002840F050836B
:10D8B0000024864808A9CDE9084405F01BFE00288D
:10D8C00040F03F830024602380480E9322460EA937
:10D8D000CDE90F44CDE91144CDE9134405F0AAFD8B
:10D8E000002840F02783794804220EA905F0A2FD04
:10D8F000002840F01883754808220EA905F09AFD0B
:10D90000002840F0098371480C220EA905F092FD11
:10D91000002840F0FA8200244FF400536B481C9416
:10D9200015A9CDE91544CDE91744CDE9194305F012
:10D9300021FE002840F0E282644800F079FF65484B
:10D9400065494FF48273C0E900134FF4007520233A
:10D950000024C0E906530A23C0E90244C0E9044494
:10D96000C0E908448462C36204F0C8FC002840F0A7
:10D97000BE825A485A4A53230024C0E90023642334
:10D98000CDE90E44CDE91044CDE90A44CDE9154472
:10D99000CDE91744CDE919441B9484600461846186
:10D9A000C36005F063FC002840F09A824FF4805376
:10D9B0004A480E930EA905F09DFA002840F089828E
:10D9C000464805F081FC002840F07C820024434852
:10D9D0000AA9CDE90A4405F08DFD002840F06B82CC
:10D9E000602232230024CDE915233C4817940C22F1
:10D9F00015A9199405F01EFD002840F055823748FE
:10DA00000C2105F073FA3748374B036000244FF0C0
:10DA1000FF33CDE91544CDE91744CDE90E44C0E903
:10DA20000144C0E90334846105F020FC002840F083
:10DA300034824FF480532B48159315A905F05AFAF8
:10DA4000002840F02382002426480EA9CDE90E4488
:10DA500005F050FD002840F012822448244A4FF47B
:10DA60008273C0E9002302220123C0E904231023AA
:10DA70004FF400720024C0E906230A23C0E90244DF
:10DA8000C0E90844C0E90A4304F038FC002840F02B
:10DA9000EF811848184A0623C0E900234FF4801389
:10DAA0004FF420220024C0E904234FF08073C0E922
:10DAB00002448361848301F0B5FC002840F0A18119
:10DAC0001CE000BFC40C0120FC060120440701201B
:10DAD00000000140240A012000380040B406012063
:10DAE000000800406C060120000C00407C0A012068
:10DAF00000300140940B012000640040C44848F20B
:10DB00000E4101F01DFF002840F074810022C14841
:10DB1000102102F0ADFEBE4801F094FDBE48BF4AA0
:10DB200002604FF4803242604FF04052C2624FF0C8
:10DB300010620024012382620222CDE91544CDE95E
:10DB4000174484600361047680F82040C460C26199
:10DB500080F83030436101F017FA002840F043812B
:10DB6000032401220423AC48179315A9CDE91542DB
:10DB700001F0B0FB002840F02F810F220223A648BD
:10DB800015A9CDE9152301F0A5FB002840F01D8162
:10DB9000A348A44AA44B00244FF48045C0E90023C5
:10DBA000C0E90244C0E90454C0E90644046202F03A
:10DBB00079FE002840F003819C489D4A4FF482730F
:10DBC000C0E9002308234FF400720024C0E90623B3
:10DBD0000A23C0E90244C0E90444C0E90844C0E99A
:10DBE0000A4304F08BFB002840F0E2809148924AFF
:10DBF0004FF4E1330024C0E900230C23C0E90244C0
:10DC0000C0E90443C0E9064405F078FD002840F06F
:10DC1000C8808A488A4A00244FF6FF73CDE915442C
:10DC2000CDE91744C0E90024C0E9024304618461DE
:10DC300005F01CFB002840F0AD804FF480537F4876
:10DC4000159315A905F056F9002840F09C807D48F1
:10DC50007D49022240F6FF7380E80E0003F0CEFEFD
:10DC6000002840F089807948794A4FF4E133002454
:10DC7000C0E900230C23C0E90244C0E90443C0E921
:10DC8000064405F03BFD00286FD17248724AA72375
:10DC90000024C0E900234FF6FF73C0E9024304618A
:10DCA000846105F0E3FA002858D16C486C4AA72338
:10DCB0000024C0E900234FF6FF73CDE91544C0E905
:10DCC0000243846105F0D2FA002840D10024634861
:10DCD00015A9CDE9154405F00DFC88BB00220521EE
:10DCE000382001F0ADFF382001F0E6FFFFF79CFB84
:10DCF000484801224FF4005102F0BAFD4548012284
:10DD00004FF4004102F0B4FD01224FF4804141483C
:10DD100002F0AEFD642001F005F906F053F9514A16
:10DD20005148002106F07AF9504B186006F05CF972
:10DD3000FEE7384822464FF4804102F099FD0CE599
:10DD4000344822464FF4804102F092FDC6E7314844
:10DD500022464FF4804102F08BFDB7E72D48224662
:10DD60004FF4804102F084FD9FE72A4822464FF499
:10DD7000804102F07DFD88E7264800224FF4804173
:10DD800002F076FD6FE7234800224FF4804102F055
:10DD90006FFD5CE71F4822464FF4804102F068FDAA
:10DDA0004BE71C4822464FF4804102F061FD30E70A
:10DDB000184822464FF4804102F05AFD16E71548F4
:10DDC0002246294602F054FDF6E6124800224FF49E
:10DDD000804102F04DFDDBE60E4800224FF4804109
:10DDE00002F046FDC9E60B4822464FF4804102F09E
:10DDF0003FFDB5E6074800224FF4804102F038FDB0
:10DE000084E6044822464FF4804102F031FD75E675
:10DE1000940B0120000C02407C0C012000210140E9
:10DE2000400B012000540040A0860100CC090120D5
:10DE3000003C00404C05012000100140DC050120A1
:10DE400000400140D40A01200030004004050120B8
:10DE50000048004094050120001C004024060120D9
:10DE6000001000405460040839D300081C00012051
:10DE70005B4822464FF4804102F0FAFC09E658481C
:10DE800022464FF4804102F0F3FCE6E554480022BC
:10DE90004FF4804102F0ECFCD5E5514822464FF4A6
:10DEA000804102F0E5FCC4E54D4822464FF4804134
:10DEB00002F0DEFCA3E54A4822464FF4804102F01E
:10DEC000D7FC8DE5464800224FF4804102F0D0FC9B
:10DED0007CE5434800224FF4804102F0C9FC6FE525
:10DEE0003F4822464FF4804102F0C2FC5EE53C48C8
:10DEF00022464FF4804102F0BBFC3AE53848224606
:10DF00004FF4804102F0B4FC16E5354800224FF48E
:10DF1000804102F0ADFCFEE4314800224FF4804124
:10DF200002F0A6FCEFE42E4800224FF4804102F0FC
:10DF30009FFCE0E42A4822464FF4804102F098FC1E
:10DF4000D1E4274822464FF4804102F091FCB9E425
:10DF5000234800224FF4804102F08AFCA8E42048C4
:10DF600000224FF4804102F083FC9BE41C482246CF
:10DF70004FF4804102F07CFC8AE4194822464FF4B9
:10DF8000804102F075FC5FE4154822464FF4804161
:10DF900002F06EFC4EE4124800224FF4804102F081
:10DFA00067FC27E40E4800224FF4804102F060FC39
:10DFB00015E40B4800224FF4804102F059FC01E4C3
:10DFC000074800224FF4804102F052FCFFF7EFBBFC
:10DFD000034800224FF4804102F04AFCFFF7CABB1D
:10DFE000000C024008B5034B034AC3F8F02FFFF7BB
:10DFF00091F900BF00F00120ADBE0FD008B5034B72
:10E00000034AC3F8F02FFFF785F900BF00F00120A5
:10E01000EFBEADDE034B02689A4201D01DF0D6BFC1
:10E0200000F06EBF00140040024800224FF480410F
:10E0300002F01EBC000C024082B00E4B0022009287
:10E04000596C41F480415964586C00F48040009050
:10E0500000980192186C40F0805018641B6C03F01B
:10E0600080530193019B0F216FF0010002B001F07A
:10E07000E7BD00BF0038024070B503685E4A8EB04D
:10E0800000249342CDE90844CDE90A4405460C94A6
:10E0900004D05A4A93424ED00EB070BD584B0194F2
:10E0A0005A6C5848584E42F480725A645A6C02F4C2
:10E0B00080720192019A02941A6B42F004021A6370
:10E0C0001A6B02F004020292029A03941A6B42F055
:10E0D00002021A631B6B03F0020303931022032353
:10E0E00008A9CDE90823039B02F0E6F903220323E4
:10E0F00046480A9408A9CDE9082302F0DDF9444A0C
:10E1000074624FF48063C6E9002433614FF4805297
:10E110004FF48043C6E905234FF48073C6E9073402
:10E120003046C6E9024401F0E7FD002861D1AE6344
:10E13000B5630EB070BD324B04945A6C3548364E00
:10E1400042F400725A645A6C02F400720492049A07
:10E1500005941A6B42F001021A631A6B02F0010275
:10E160000592059A06941A6B42F004021A631A6B20
:10E1700002F004020692069A07941A6B42F0020219
:10E180001A631B6B03F0020307930822032308A9F9
:10E19000CDE90823079B02F08FF9202203231948B9
:10E1A0000A9408A9CDE9082302F086F90222032384
:10E1B00016480A9408A9CDE9082302F07DF9174A08
:10E1C0004FF00073C6E900234FF480624FF4805390
:10E1D000C6E90423C6E908444FF480424FF4807333
:10E1E0003046C6E90244C6E9062301F085FD002851
:10E1F0009DD0FFF719FF9AE7002001400021014060
:10E2000000380240000802401C0C012000040240BB
:10E210007064024000000240BC0B012040640240D8
:10E2200030B5234B026889B000249A42CDE90244FC
:10E23000CDE90444069401D009B030BD03F5EA33BA
:10E2400000941A6C1B4842F000721A641A6C02F0B7
:10E2500000720092009A01941A6B42F008021A634D
:10E260001B6B9FED117B03F00803019302A90923A7
:10E270000322CDE905238DED027B019D02F01CF9FF
:10E2800022460C21132001F0DBFC132001F014FDC9
:10E2900022460A21142001F0D3FC142001F00CFDC9
:10E2A00009B030BDAFF300800300000002000000A1
:10E2B00000640040000C0240F0B52A4B026889B0AF
:10E2C00000249A42CDE90244CDE90444069401D0E9
:10E2D00009B0F0BD244F00943B6B244E43F0020381
:10E2E0003B633B6B03F002030093009B4FF44072CF
:10E2F0001223CDE9022301220323CDE9042302A93D
:10E30000042305461A48069302F0D6F801943B6CA4
:10E31000B46043F400133B643B6C164A326003F470
:10E32000001301934FF000724FF480633046C6E94A
:10E330000343C6E90544C6E9074401997260746263
:10E3400001F0DAFC58B9AE63002208211F20B56342
:10E3500001F076FC1F2001F0AFFC09B0F0BDFFF723
:10E3600063FEF0E70054004000380240E00A01205C
:10E3700000040240106002400E4B02689A4200D036
:10E3800070470D4A136C10B523F400130446136450
:10E390000A484FF4807102F0ABF908484FF400715D
:10E3A00002F0A6F9A06B01F03BFDBDE810401F2074
:10E3B00001F090BC005400400038024000040240CC
:10E3C00070B50368984A8CB000249342CDE90644A6
:10E3D000CDE9084405460A9408D0944A934266D091
:10E3E000934A934200F0B3800CB070BD914B0094FF
:10E3F0005A6C914E42F480525A645A6C02F4805224
:10E400000092009A01941A6B42F001021A631B6B8E
:10E4100003F001030193E0220223CDE906230198D2
:10E4200086480322052306A9CDE9092302F044F812
:10E43000834A74624FF0C063C6E9002330464FF44C
:10E4400080624FF48033C6E90244C6E90424C6E979
:10E450000644336201F050FC002840F0D580794C2E
:10E460007949EE644FF0C062C4E900124FF4806253
:10E4700000234021226120464FF48032C4E9021378
:10E48000C4E90533C4E90732B563636201F034FCC3
:10E49000002840F0B68000220521AC642320A5634B
:10E4A00001F0CEFB232001F007FC0CB070BD614BE6
:10E4B00002941A6C654E42F480421A641A6C02F49B
:10E4C00080420292029A03941A6B42F002021A638B
:10E4D0001B6B03F0020303934FF460420223CDE968
:10E4E000062303985A480322052306A9CDE90923E8
:10E4F00001F0E2FF574A74624FF480633046C6E988
:10E500000024C6E90244C6E90544C6E9074433616C
:10E5100001F0F2FB00287AD14F4C5049EE644022C2
:10E520000023A26020464FF48062C4E90013C4E9CE
:10E530000332C4E90533C4E90733B563636201F00C
:10E54000DBFB002866D1AC64A5630CB070BD394B11
:10E5500004941A6C424E42F400421A641A6C02F49B
:10E5600000420492049A05941A6B42F004021A6362
:10E570001B6B03F0040305934FF4E0520223CDE933
:10E580000623059837480322062306A9CDE9092367
:10E5900001F092FF4FF48063334A336130464FF409
:10E5A0008033C6E90024C6E90244C6E90544C6E949
:10E5B0000743746201F0A0FB90BB2C4C2C49EE6425
:10E5C00000234022C4E90013A2604FF480614FF49D
:10E5D00080322046C4E90331C4E90533C4E9073277
:10E5E000B563636201F088FBB8B900220821AC640E
:10E5F0003320A56301F024FB332001F05DFB0CB058
:10E6000070BDFFF711FD46E7FFF70EFD27E7FFF7A7
:10E610000BFD81E7FFF708FD95E7FFF705FDE4E750
:10E62000FFF702FDC9E700BF00300140003800409D
:10E63000003C0040003802406C090120000002400C
:10E64000106402400C09012058640240AC0801200B
:10E6500000040240586002404C08012070600240F3
:10E66000EC07012000080240406002408C070120B6
:10E670008860024000B5444A0368934287B036D0B0
:10E68000424A93420ED0424A93421AD0414A9342A0
:10E6900043D0414A934252D0404A934261D007B09E
:10E6A0005DF804FB3E4B002201921A6C42F004021A
:10E6B0001A641B6C03F004030193019B07B05DF81F
:10E6C00004FB374B00220292196C41F008011964D7
:10E6D0001B6C03F00803029332200621029B01F019
:10E6E000AFFA322007B05DF804EB01F0E5BA2C4B2D
:10E6F00000220092596C41F0010159645B6C03F0F7
:10E700000103009306211820009B01F099FA1820BC
:10E7100007B05DF804EB01F0CFBA214B0022039261
:10E72000196C41F0100119641B6C03F01003039382
:10E7300036200921039B01F083FA3620D2E7184BDB
:10E7400000220492596C41F4803159645B6C03F4EB
:10E750008033049318200621049B01F071FA1820DD
:10E76000C0E70F4B00220592196C41F0800119643B
:10E770001B6C03F0800305932C200621059B01F000
:10E780005FFA2C20AEE700BF000001400008004007
:10E79000000C00400010004000400140001C004000
:10E7A000003802400000000010B5036888B0002463
:10E7B000B3F1804FCDE90244CDE90444069401D081
:10E7C00008B010BD03F50E3300941A6C164842F0E1
:10E7D00001021A641A6C02F001020092009A01947C
:10E7E0001A6B42F001021A631B6B9FED0D7B03F065
:10E7F0000103019302A901238DED027B049306938B
:10E80000019A01F059FE224607211C2001F018FA56
:10E810001C2001F051FA08B010BD00BFAFF300801A
:10E8200003000000020000000000024000000000A1
:10E8300000B5174A016889B000239142CDE902333F
:10E84000CDE90433069302D009B05DF804FB02F56C
:10E850009C320193136B43F010031363136B9FED12
:10E860000A7B03F01003019301980A480222012356
:10E8700002A98DED027B0592069301F01DFE09B001
:10E880005DF804FBAFF30080006A000002000000A6
:10E89000000001400010024030B50368364A8BB0DA
:10E8A00000249342CDE90444CDE90644089404D001
:10E8B000324A93422CD00BB030BD314B00945A6C8D
:10E8C000304842F010025A645A6C02F01002009272
:10E8D000009A01941A6B42F002021A631B6B9FEDBF
:10E8E000227B03F00203019304A9032307258DED86
:10E8F000047BCDE90735019A01F0DEFD2246294669
:10E90000252001F09DF9252001F0D6F90BB030BD8E
:10E910001B4B02941A6C1B4842F480221A641A6C36
:10E9200002F480220292029A03941A6B42F00202CD
:10E930001A631B6B9FED0E7B03F00203039304A984
:10E94000032307258DED047BCDE90735039A01F0FC
:10E95000B3FD22462946272001F072F9272001F055
:10E96000ABF90BB030BD00BFC000000002000000DA
:10E97000000C0000020000000010014000480040B0
:10E98000003802400004024030B5036889B000241A
:10E99000B3F1A04FCDE90244CDE90444069401D07F
:10E9A00009B030BD1C4D00942B6B1C4843F0010393
:10E9B0002B632B6B03F001034FF40072009302A949
:10E9C000009B029201F078FD4FF4C0520223CDE982
:10E9D000022300220323CDE9042302A90A230F48BE
:10E9E000069301F069FD6B6B43F080036B63019448
:10E9F0006B6C43F480436B646B6C03F480430E21B7
:10EA0000224601934320019B01F01AF9432001F0B3
:10EA100053F909B030BD00BF003802400000024089
:10EA200070B588B0234B002202921A6C42F020028B
:10EA30001A641B6C03F020030293054601A903A886
:10EA4000029B03F04FFB069BD3B903F02BFB03465D
:10EA5000194A1A4C1A49A2FB03239B0C013B0022C2
:10EA6000C4E90013204640F2E7332261A260A261AC
:10EA7000E36004F0FBFB064630B1304608B070BDE1
:10EA800003F010FB4300E3E7204604F023F90646B9
:10EA90000028F2D1372001F00FF90F2D01D90126FE
:10EAA000EBE732462946372001F0CAF8054B1D60D6
:10EAB000E3E700BF0038024083DE1B430C0D01205A
:10EAC0000014004008000010704700BF08B503485C
:10EAD00001224FF4804101F0CBFEFEE7000C024022
:10EAE000FEE700BFFEE700BFFEE700BF704700BFC4
:10EAF000042001F0CBBE00BF014801F067BA00BF9F
:10EB0000E00A0120014801F061BA00BFEC070120D2
:10EB1000014801F05BBA00BFAC080120014801F0D8
:10EB200055BA00BF4C080120014801F04FBA00BFA0
:10EB30008C070120014800F019BF00BF940B012091
:10EB4000014800F013BF00BF940B012008B520203E
:10EB500001F09CFEBDE808404FF4807001F096BEC5
:10EB600008B5044804F078FABDE80840024804F00B
:10EB700073BA00BF44070120DC050120014804F0FE
:10EB80006BBA00BFFC060120014802F057BA00BF73
:10EB9000400B0120014803F063BF00BF7C0A012045
:10EBA000014804F08FBE00BF4C050120014804F06D
:10EBB00089BE00BF04050120014804F04DBA00BF22
:10EBC00094050120014804F047BA00BF6C060120FB
:10EBD000014803F045BF00BFCC090120014804F003
:10EBE0003BBA00BF24060120014804F035BA00BF3B
:10EBF0000C0D0120014801F0E9B900BF6C090120AA
:10EC0000014801F0E3B900BFBC0B0120014801F04D
:10EC1000DDB900BF0C090120014801F0D7B900BFE0
:10EC20001C0C012000200AF0B7BC00BF0120704777
:10EC300008B52CF0BDFB162303604FF0FF3008BD74
:10EC400008B52CF0B5FB16230360FEE770B5161E61
:10EC500007DD0C468D19AFF3008004F8010BA542C7
:10EC6000F9D1304670BD00BF70B5161E07DD0C46E9
:10EC70008D1914F8010BAFF30080A542F9D130468D
:10EC800070BD00BF4FF0FF30704700BF4FF400531E
:10EC90004B600020704700BF012070470020704784
:10ECA0000C490D4A0B6810B50C4C121B2BB11844C3
:10ECB000904207D80860184610BD094B0B601844F5
:10ECC0009042F7D92CF074FB0C2303604FF0FF3314
:10ECD000184610BD540D0120000002200004000061
:10ECE000C83301201249134BD1F8882042F4700236
:10ECF00010B4C1F888201A680F4C002042F00102BD
:10ED00001A6098601A6822F0847222F480321A60C5
:10ED10005C601A6822F480221A60D8605A6F4FF043
:10ED2000006442F080725A678C605DF8044B704753
:10ED300000ED00E000380240103000240000000028
:10ED400010B560B104460C201CF0A8FE206058B13C
:10ED50009FED077B0023037280ED007B10BD2CF03C
:10ED600027FB1623036010BD72B6FFF75DF9FEE7BF
:10ED700000000000000000001CF092BE08B5A8B121
:10ED8000037A012B0ED85A1C0272EFF311824FF056
:10ED9000500181F31188BFF36F8FBFF34F8F40F89D
:10EDA000232008BD72B6FFF73FF9FEE772B6FFF702
:10EDB0003BF9FEE708B570B1037A013BDBB2012BEA
:10EDC000037204D850F8233083F3118808BD72B65B
:10EDD000FFF72AF9FEE772B6FFF726F9FEE700BF54
:10EDE00008B528B3BFF35B8F0378BFF35B8F0BB11C
:10EDF000002008BD1C4B1A7A012A1DD8511C19721B
:10EE0000EFF311814FF0500C8CF31188BFF36F8F2B
:10EE1000BFF34F8F43F82210BFF35B8F0278BFF32D
:10EE20005B8F8AB943785BB901234370184608BDEC
:10EE300072B6FFF7F9F8FEE772B6FFF7F5F8FEE7EE
:10EE400072B6FFF7F1F8FEE71A7A013AD2B2012A58
:10EE50001A7204D853F8223083F31188C8E772B6C7
:10EE6000FFF7E2F8FEE700BF580D012008B598B1A2
:10EE700043786BB10C4A00234370137A013BDBB239
:10EE8000012B13720CD852F8233083F3118808BD7C
:10EE900072B6FFF7C9F8FEE772B6FFF7C5F8FEE7EE
:10EEA00072B6FFF7C1F8FEE7580D012008B548B16A
:10EEB000BFF35B8F01220270BFF35B8FBDE8084098
:10EEC000FFF7D4BF72B6FFF7AFF8FEE708B50B4BFC
:10EED0001A6842F400721A601A6842F480621A607A
:10EEE0001A6842F480721A60032000F097FE042032
:10EEF000FFF796FDFFF7A0F8002008BD003C024098
:10EF0000034A044B11681B780B441360704700BF21
:10EF1000880D012004000010014B1868704700BFE5
:10EF2000880D012038B50446FFF7F6FF631C05463F
:10EF300002D0044B1B781C44FFF7EEFF401BA0429D
:10EF4000FAD338BD04000010014B1868000C70475C
:10EF5000002004E0024B1868C0F30B00704700BFAC
:10EF6000002004E0014BD3F8100A70470070FF1F27
:10EF7000014BD3F8140A70470070FF1F014BD3F800
:10EF8000180A70470070FF1F002800F09E8038B5F7
:10EF9000056C04463DB1236CDB060CD5002384F8D8
:10EFA0003C30012038BDFFF767F86564236C84F8B6
:10EFB0003C50DB06F2D4236C474A23F4885323F0F9
:10EFC000020343F0020323645168236821F44031B3
:10EFD000516051686068014351605A682069A168B6
:10EFE00022F480725A605A6842EA00225A605A68D3
:10EFF000E06822F040725A605A680A435A609A6880
:10F00000A16A22F400629A609A6802439A60334AC5
:10F0100091429A6851D022F07062E06A9A609A68D0
:10F02000114399609A6822F040529A609A680243AC
:10F030009A609A6822F002029A609A68217E42EAF7
:10F0400041029A6094F82020002A40D05A68616AF0
:10F0500042F400625A605A6822F460425A605A6868
:10F06000013942EA41325A60DA6AE16922F47002F7
:10F07000DA62DA6A013942EA0152DA629A6861694F
:10F0800022F400729A609A6894F8300042EA4022B2
:10F090009A609A6822F480629A609A68002042EA34
:10F0A00081229A606064236C23F0030343F0010320
:10F0B0002364002384F83C3038BD22F070629A60EB
:10F0C0009A6822F040529A60B3E7012070475A686C
:10F0D00022F400625A60C7E7002301400100000FDC
:10F0E00070B5054690F83C0082B0002301280193DA
:10F0F00000F08D802E681346012285F83C20B2680E
:10F10000D40714D4B26842F00102B260434A1068D6
:10F11000434AA2FB0020800C00EB40000190019AC2
:10F120002AB1019C013C019401980028F9D1B268F0
:10F13000D00503D5B26822F48072B260B268D207FB
:10F140004DD5286C20F4E06020F0010040F4807080
:10F1500028647268540505D52A6C22F4405242F4A2
:10F1600080522A642A6CA86B12F480521CBF6A6C0D
:10F1700022F006026A64002285F83C200A462949EA
:10F18000C163294901642949C1646FF022013160DA
:10F19000716841F080617160B16841F48071B16063
:10F1A00006F14C0100F07AFE214B5A68D00621D1BD
:10F1B0002A6820498A4209D001F580718A4229D003
:10F1C0001D498A4213D15B68DB0610D4936813F0A3
:10F1D000405F0CD1936843F08043936007E02B6C51
:10F1E00043F010032B646B6C43F001036B6400204D
:10F1F00002B070BD0F4A2B689342F8D19A6812F0A2
:10F20000405FF4D19A6842F080429A60EFE70220B2
:10F2100002B070BD5B68D906D8D0E8E700000010E6
:10F2200083DE1B4369F2000841F2000851F2000836
:10F23000002301400020014000220140704700BF30
:10F2400008B5806BFFF7FAFF08BD00BF704700BF2D
:10F25000806B08B540230364436C43F004034364AC
:10F26000FFF7F4FF08BD00BF836B1A6C12F0500F5C
:10F2700010B51A6C23D142F4007219681A648A68B6
:10F2800012F0405F17D11A7EAAB9CA6A12F4700F41
:10F2900002D08A6850050ED44A6822F020024A60E3
:10F2A0001A6C22F480721A641A6CD10403D41A6C9A
:10F2B00042F001021A6418461DF068F910BDD2062A
:10F2C00004D49B6BBDE81040DB6C18471846FFF771
:10F2D000BDFF10BD70B590F83C3082B00246012BE6
:10F2E0004FF00000019000F09380012382F83C3041
:10F2F0000D6813688C68092DA8B228D81E6905EB23
:10F30000450E4FF0070C0CFA0EFC26EA0C061E61A7
:10F310001E6904FA0EF434431C614C68062C04EB9D
:10F3200084012AD85C6B05394FF01F0C88400CFA19
:10F3300001F124EA01015963596B084358633649C6
:10F340008B422BD0002082F83C0002B070BD00EB55
:10F35000400CDE68ACF11E0C4FF0070E04FA0CF402
:10F360000EFA0CFC26EA0C06DE60DE683443DC6034
:10F370004C68062C04EB8401D4D90C2C34D81C6BBB
:10F3800023391F26884006FA01F124EA0101196396
:10F39000196B0843204918638B42D3D1122D30D00A
:10F3A000A5F11003012BCDD81C494B68102D43F457
:10F3B00000034B60C6D11A4B01F146711B6801F581
:10F3C0002E3101F28331A1FB03139B0C03EB83036A
:10F3D0005B000193019B002BB4D0019B013B019387
:10F3E000019B002BF9D1ADE7DC6A41391F2688402B
:10F3F00006FA01F124EA0101D962D96A0843D86208
:10F400009DE7D1F8043343F48003C1F8043399E74E
:10F41000022002B070BD00BF002001400023014067
:10F420000000001000287BD038B590F8203004464A
:10F43000002B72D02268136843F001031360FFF7BA
:10F440006BFD054604E0FFF767FD401B0A285BD80B
:10F4500023685A68D107F6D51A6822F002021A60AA
:10F46000FFF75AFD054604E0FFF756FD401B0A284A
:10F470004AD823685A689207F6D4227E012A1A686D
:10F480000CBF42F0800222F080021A60627E012AE4
:10F490001A680CBF42F0400222F040021A60A27EBD
:10F4A000012A1A680CBF42F0200222F020021A60E2
:10F4B000E27E012A1A680CBF22F0100242F010020C
:10F4C0001A60227F012A1A680CBF42F0080222F05B
:10F4D00008021A60627F012A1A680CBF42F0040217
:10F4E00022F004021A60D4E90220216902430A438F
:10F4F00060696168024301390A4300200121DA6131
:10F50000606284F8201038BD636A052243F400333A
:10F51000636284F82020012038BDFEF781FE89E770
:10F520000120704790F82020013A012A06D9426A4A
:10F53000034642F4802201205A627047404BD3F8C0
:10F5400000220120024330B4C3F80022D3F8002285
:10F5500022F47C52C3F80022D3F800224C6A42EA1B
:10F560000422C3F800224A6902F01F04A040D3F825
:10F570001C4224EA0004C3F81C42CD69C443002D98
:10F5800045D1D3F80C522540C3F80C52D200CD68B7
:10F590008B8802F1804202F5C84243EA0543C2F873
:10F5A00040328D680B8843EA0543C2F844328B69C8
:10F5B000234A33BBD2F804322340C2F804320B6929
:10F5C000C3B91F4BD3F814221440C3F814420B6A7A
:10F5D000012B05D11A4AD2F81C320343C2F81C325F
:10F5E000174AD2F8003223F00103002030BCC2F8E1
:10F5F00000327047124AD2F814320343C2F8143270
:10F60000E5E7D2F804320343C2F80432D7E7012D0C
:10F61000CDD1D3F80C520543C3F80C52D2000D687B
:10F620008B8802F1804202F5C84243EA0543C2F8E2
:10F6300040328D688B8943EA0543C2F84432B6E70D
:10F640000064004038B590F82030012B044605D006
:10F65000436A43F400234362012038BD0268022359
:10F6600080F82030136823F001031360FFF754FC87
:10F67000054604E0FFF750FC431B0A2B07D823681C
:10F680005B6813F00103F5D16362184638BD636A05
:10F69000052243F40033636284F82020DCE700BFD6
:10F6A00038B590F82030022B044605D0436A43F465
:10F6B00080134362012038BD0268136843F00103E0
:10F6C0001360FFF729FC054604E0FFF725FC431B08
:10F6D0000A2B0CD823685A68D207F6D51A6801217C
:10F6E00022F002021A6084F82010002038BD636AFC
:10F6F000052243F40033636284F82020DAE700BF78
:10F7000030B490F820C005680CF1FF3CBCF1010F4B
:10F71000AC6839D814F0E05F06D1436A43F40013B3
:10F720004362012030BC7047C4F301640120A04053
:10F7300018608B686BB3C8680343486843EAC0032A
:10F7400004F1180000012B5005EB041C0B69CCF8E8
:10F7500084310B7D012B4FEA041105D1DCF8843193
:10F7600043F48073CCF884316B185168C3F88C1162
:10F770001268C3F88821DCF8803143F001030020CF
:10F7800030BCCCF880317047436A43F48023436235
:10F79000C7E7CB68086843EA405004F118031B012F
:10F7A000E850D1E790F82020013A012A034605D914
:10F7B000426A42F4802201205A627047CA0704D587
:10F7C0000068826842F080028260880704D5186869
:10F7D000826842F4004282604A0704D51A6893683E
:10F7E00043F4000393600020704700BF90F820307E
:10F7F000013B012B01D900207047036898689A6883
:10F800009B681201C0F3806048BF0130DB00F3D574
:10F810000130704790F820C00CF1FF3CBCF1010FA3
:10F820006BD870B5046841B9E568AD0708D1436A83
:10F8300043F400134362012070BD2569AE07F6D082
:10F8400004EB011C4FEA011EDCF8B05105F0040581
:10F850009560002D57D0DCF8B051ED085560DCF80C
:10F86000B05105F00205D560DCF8B4512D0758BF42
:10F87000DCF8B451DCF8B46154BF05F00F0508257D
:10F8800015617444DCF8B451C6F3072696612D0C5B
:10F89000D4F8B86155611E7002687244D2F8B8217C
:10F8A000120A5A7002687244D2F8B821120C9A7087
:10F8B00002687244D2F8B821120EDA7002687244FB
:10F8C000D2F8BC211A7102687244D2F8BC21120A23
:10F8D0005A7102687244D2F8BC21120C9A71026803
:10F8E0007244D2F8BC21120EDA71026881B9D36871
:10F8F00043F02003D360002070BD436A43F48023AB
:10F90000436201207047DCF8B0516D0D1560A6E729
:10F91000136943F020031361EDE700BF90F8203036
:10F92000013B012B01D900207047036819B9D86841
:10F9300000F003007047186900F00300704700BF33
:10F9400090F82020013A012A034605D9426A42F480
:10F95000802201205A627047026853690B430020DD
:10F9600053617047704700BF704700BF2DE9F84FE3
:10F9700003685C69D3F804809F68D3F80CB0D3F8AF
:10F980001090D3F818A014F0010605461FD0F9070F
:10F9900000F19B800026F9050BD52B684FF480728F
:10F9A0009A60BA0500F1DE807B0540F1D18046F413
:10F9B0000056F9030BD52B684FF480329A60BA03D6
:10F9C00000F1D4807B0340F1C88046F40046210753
:10F9D00002D51BF0100F72D1620702D51BF0080F81
:10F9E0007ED1A30704D52B68DB689F0740F0988081
:10F9F000600602D519F0100F5BD1A10602D519F0EF
:10FA0000080F74D1E20603D52B681B699B077CD1D4
:10FA1000A70302D518F0100F7BD1E00302D518F030
:10FA2000080F6BD1210440D518F0040F2B683AD091
:10FA3000E20544BF0AF001021643A70574D461052C
:10FA400004F400622BD51AF0040F28D046F0040607
:10FA5000002A77D01AF0700A74D0BAF1400F00F083
:10FA6000A88000F28780BAF1200F00F0BD80BAF1C3
:10FA7000300F00F0B080BAF1100F40F095809A6915
:10FA8000042122F070029A6146F0080659606B6A00
:10FA9000334328466B621CF04AFCBDE8F88F12B174
:10FAA0001AF0700AD9D104225A60002EEFD1BDE8B5
:10FAB000F88F2B68102246F480661A619DE72B6848
:10FAC000102246F40076DA6086E701229A60BA07CF
:10FAD00035D47B0739D43E075BD54FF480565AE7BF
:10FAE0002B680822DA6028461CF061FB79E72B6856
:10FAF00008221A6128461CF072FB83E72B68082253
:10FB00005A602846FFF730FF8CE728461CF000FBC0
:10FB10007EE72B6810225A602846FFF723FF7CE718
:10FB200028461CF0A9FA63E71AF0020F87D0600597
:10FB300046F0020604F4006285D41AB18AE71CF08C
:10FB400066FB27E704225A60A1E74FF4006622E72C
:10FB5000380525D546F480462BE738031CD546F4F6
:10FB6000803634E728461CF06AFB22E728461CF062
:10FB70007EFB2CE7BAF1500F24D0BAF1600F13D1FD
:10FB80009A69042122F070029A6146F480765960E5
:10FB90007DE71CF084FBFDE628461CF0B0FB16E771
:10FBA00028461CF094FB04E79A6922F070029A61DF
:10FBB00079E79A69042122F070029A6146F04006C2
:10FBC000596064E79A69042122F070029A6146F054
:10FBD000800659605BE79A69042122F070029A61FD
:10FBE00046F02006596052E79A69042122F070021B
:10FBF0009A6146F01006596049E700BF90F820204E
:10FC0000013A012A034605D9426A42F480220120C2
:10FC10005A62704700205862704700BF0749CA689F
:10FC200003024FF6FF0003F4E0630240134343F086
:10FC3000BF6343F40033CB60704700BF00ED00E0CA
:10FC40001B4BDB68C3F3022300B5C3F1070EBEF103
:10FC5000040F03F1040C28BF4FF0040EBCF1060F93
:10FC60001CD9A3F1030C4FF0FF3303FA0CF322EA83
:10FC700003024FF0FF3303FA0EF321EA030303FA02
:10FC80000CF313431B010028DBB20ADB00F16040D8
:10FC900000F5614080F800335DF804FB00229446D3
:10FCA000E7E7044A00F00F00024413765DF804FB16
:10FCB00000ED00E0FCEC00E0002807DB044A41090D
:10FCC000012300F01F00834042F82130704700BF3D
:10FCD00000E100E000280CDB4309064900F01F00AA
:10FCE00020330122824041F82320BFF34F8FBFF31E
:10FCF0006F8F704700E100E038B50446FFF70CF95C
:10FD0000002C6BD023680022022184F8351084F87F
:10FD100034201A6822F0010205461A6005E0FFF758
:10FD2000FBF8431B052B37D823681A68D107F6D494
:10FD3000D4E90120E16802430A43D4E90451A069EF
:10FD40002A430A43E1691D6802430A4331492940B5
:10FD5000256A2A430A43616A042924D01A605A6931
:10FD600022F007021143D8B22B4A59611038A2FB86
:10FD70000052120929496FF30903895CE1655F2884
:10FD800088BF04333F228A40A36500209A60012384
:10FD9000606584F8353038BD03232022626584F81D
:10FDA0003530184638BDD4E90B5129431143196049
:10FDB0005969A26A21F00701114341F00401002DA5
:10FDC000D1D068B9012A21D032F00202CBD1EA01A8
:10FDD000C9D540220123626584F83530012038BD41
:10FDE000B0F5005F04D0022AF3D9032AEFD0BAE7B6
:10FDF000032AB8D801A050F822F000BFD3FD0008B4
:10FE0000CFFD0008D3FD00080DFE0008B5F1C07F4E
:10FE1000A9D1DEE73F8010F0ABAAAAAA906004083F
:10FE2000002835D090F83520022A0346D0B22ED0D3
:10FE30001A681849D0B2103830B4A1FB0041090942
:10FE40001468154D24F001046D5C146000211160EC
:10FE500051609160D1601161212151615F286FF380
:10FE6000090288BF04323F240021AC40DD65C3E9AC
:10FE70000F11C3E91111C3E913119A659460596513
:10FE800083F8341083F83510084630BC704770474B
:10FE900001207047ABAAAAAA9060040870B490F839
:10FEA0003440856D012C0AD090F835404FF0010C9C
:10FEB000644580F834C005D0002380F83430022037
:10FEC00070BC7047022680F83560046800264665DD
:10FED000266826F48026266063608368402B0EBF68
:10FEE000A260A160E260C26D08BFE1603F23934061
:10FEF000AB602368026C43F0160323601AB12368D9
:10FF000043F008032360236843F0010300202360CB
:10FF100070BC704770B50446866DFEF7FDFF94F81F
:10FF20003530022B06D080236365002384F83430FB
:10FF3000012070BD23681A6822F016021A605A69FF
:10FF400022F080025A61226C054642B31A6822F000
:10FF500008021A601A6822F001021A6005E0FEF732
:10FF6000DBFF431B052B10D823681B6813F001032C
:10FF7000F5D1E16D3F228A40184601210023B2608D
:10FF800084F8351084F8343070BD03232022626574
:10FF9000184684F83530002384F8343070BDA26CE4
:10FFA000002AD3D1D6E700BF90F83530022B03D01A
:10FFB00080234365012070470268052380F83530AF
:10FFC000136823F00103002013607047F0B583B07D
:10FFD000674A876D166800230193C36D3D68082248
:10FFE0009A402A42044603D001680868400778D442
:10FFF00001229A402A4203D02168496908066AD43E
:020000040801F1
:1000000004229A402A4203D02168096889075CD4F7
:1000100010229A402A4203D021680868000741D480
:1000200020229A402A4214D021680868C00610D5C0
:10003000BA6094F83520052A63D00B6813F4802F3A
:100040000B687ED0190340F18980E36B0BB1204629
:100050009847636D23B3636DDA071AD52268454963
:10006000052384F835301368A1FB061623F001033D
:10007000B60A136002E01368DB0704D5019B013365
:10008000B3420193F7D90122002384F8352084F884
:100090003430E36C23B1204603B0BDE8F04018478C
:1000A00003B0F0BDBA600A6812F4802F0A6822D14A
:1000B000D20503D40A6822F008020A60226C002AE2
:1000C000AED020469047E36DAAE7BA60626D42F079
:1000D000040262659CE7BA60626D42F002026265EA
:1000E0008EE7086820F004000860BA60626D42F094
:1000F000010262657CE71103E0D5A26C002AE0D121
:100100008EE70A6822F016020A604A6922F080022D
:100110004A61226C3AB30A6822F008020A603F2260
:1001200002FA03F3216DBB600122002384F835201D
:1001300084F834300029B3D0204603B0BDE8F04045
:10014000084713F4807380D10A6822F010020A6015
:10015000012284F8352084F8343076E7636C002B74
:100160007FF475AF75E7A26C002AD4D1D7E700BF42
:1001700000000010B5814E1B90F83500704700BF9D
:100180001B4BDA68D10605D51A49CA69102002430B
:10019000CA61D860164BDA68920606D51549CA6955
:1001A000202042F00802CA61D860114BDA6850067C
:1001B00006D51049CA69402042F00402CA61D860DD
:1001C0000B4BDA68110606D50A49CA69802042F04D
:1001D0000202CA61D860064BDA68920706D5054963
:1001E000CA69022042F02002CA61D860704700BF8D
:1001F000003C02408C0D0120064B1A69002A01DBED
:10020000002070470449054A59605A601869C00FB8
:10021000704700BF003C024023016745AB89EFCD2A
:10022000034A136943F0004300201361704700BF85
:10023000003C0240144B70B500220446DA61FEF720
:100240006BFE124E0546F368D90305D5631C0FD12A
:100250000E4AD368D803FCD40C4BDA68D20744BFEB
:100260000122DA60094BD86810F0F20008D170BDA5
:1002700024B1FEF751FE401BA042E4D9032070BD1B
:10028000FFF77EFF012070BD8C0D0120003C024075
:100290002DE9F041304D95F818C0BCF1010F32D076
:1002A00080461C464CF2503001230E4617462B76F2
:1002B000FFF7C0FF18B100232B76BDE8F081274B74
:1002C000B8F1000F22D0B8F1010F35D01A6922F42D
:1002D00040721A61B8F1020F1A6924D042F44072D8
:1002E0001A611A6942F001021A613760BFF36F8F19
:1002F00074604CF25030FFF79DFF184A136923F0E9
:1003000001031361D7E70220BDE8F081196921F4E8
:1003100040711961196919611969FAB241F0010155
:1003200019613270E5E742F400721A611A6942F00D
:1003300001021A613760DCE7196921F44071196123
:10034000196941F4807119611969BAB241F001016A
:1003500019613280CDE700BF8C0D0120003C0240C6
:100360000D4B1A6922F440721A611A69022994BF6E
:1003700009024FF440710A431A611A6922F0F80227
:100380001A611A6942EAC00040F0020018611A6955
:1003900042F480321A617047003C0240144B1A68E4
:1003A00091050FD51A6822F400721A601A6842F497
:1003B00000621A601A6822F400621A601A6842F435
:1003C00000721A600A4B1A6852050FD51A6822F497
:1003D00080621A601A6842F480521A601A6822F425
:1003E00080521A601A6842F480621A60704700BF37
:1003F000003C02402DE9F8432D4F3B7E012B38D0C5
:10040000012304464CF2503088463B76FFF712FF3A
:10041000064648BB4FF0FF33C8F800302368012B75
:100420002BD0D4E902532B44AB421BD9DFF8849084
:1004300005E0D4E9022301351344AB4212D9217CF3
:100440002846FFF78DFF4CF25030FFF7F3FED9F846
:10045000103023F0FA03C9F810300028E9D0C8F8AA
:1004600000500646FFF79AFF00233B763046BDE872
:10047000F88302263046BDE8F8830E4D23692A69C9
:1004800022F440722A612A6942F004022A612A6930
:100490001B029BB2134343F480332B614CF2503068
:1004A000FFF7C8FE2B6923F0040306462B61D9E74A
:1004B0008C0D0120003C02402DE9F04F00230C6818
:1004C000DFF814A285B04FF0010B894603E0013339
:1004D000102B00F092800BFA03F202EA0408A24308
:1004E000F5D1D9F8041001F0030C5A0003250CF1E2
:1004F000FF369540012E6FEA050540F28180BCF180
:10050000030F40F0D98006680CFA02F235402A4306
:1005100011F4403F0260DAD000220392DAF844205E
:1005200042F48042CAF84420DAF8442002F48042BF
:100530000392039A23F0030202F1804203F00306C0
:100540000F2702F59C32B60007FA06FC5F4F95684C
:10055000B84225EA0C0527D007F58067B84200F0BD
:1005600087805B4FB84200F08980DFF870C160453A
:1005700000F08A80DFF868C1604500F08B80DFF80A
:1005800064C1604500F08C80DFF85CC1604500F01C
:100590008D80DFF858C160450CBF4FF0070C4FF05D
:1005A000080C0CFA06F6354395604A4A9268CE026A
:1005B0006FEA0805474E54BF2A4048EA0202B2607B
:1005C000F268444E8F0254BF2A4048EA0202F260A9
:1005D00072688E033F4E54BF2A4048EA020272609E
:1005E0003268C90303F101033A4954BF2A4048EA7B
:1005F0000202102B0A607FF46EAF05B0BDE8F08FE9
:10060000866806EA050ED9F80C60964046EA0E06A2
:100610008660466826EA080EC1F300169E4046EA48
:100620000E064660C66806EA050ED9F808609640D0
:1006300046EA0E06BCF1020FC6607FF464AFDE0826
:1006400000EB86060196376AD9F81060009703F030
:10065000070E4FEA8E0E0F2706FA0EF607FA0EFE69
:10066000009F27EA0E0E019F46EA0E063E624AE709
:100670004FF0010C0CFA06F6354395E74FF0020CEB
:100680000CFA06F635438FE74FF0030C0CFA06F62A
:10069000354389E74FF0040C0CFA06F6354383E73F
:1006A0004FF0050C0CFA06F635437DE74FF0060CCB
:1006B0000CFA06F6354377E7C66806EA050ED9F860
:1006C0000860964046EA0E06C6601CE7000002403D
:1006D00000080240003C014000380240000C02408B
:1006E000001002400014024000180240001C0240AA
:1006F0002DE9F04F0023534F83B001264FF00F092F
:100700004FF0030A02E00133102B76D006FA03F211
:1007100032EA010402EA010CF5D123F0030505F1E8
:10072000804503F00304A40005F59C3509FA04F89C
:100730000194454CD5F808E0A04208EA0E0E20D0FE
:1007400004F58064A0425BD0404CA0425CD0404C99
:10075000A0425FD03F4CA04262D0DFF8FCB05845C9
:1007600064D0DFF8F8B0584566D0DFF8F4B0019CEB
:1007700058450CBF4FF0070B4FF0080B0BFA04F471
:1007800000E00024A64513D13C6824EA0C043C6038
:100790007C6824EA0C047C60FC6824EA0C04FC609D
:1007A000BC6824EA0C04BC60AC6824EA0804AC60B1
:1007B00004685D000AFA05F54FEAD30C24EA050443
:1007C00000EB8C0C046003F00704DCF820E0A400CC
:1007D00009FA04F42EEA0404CCF82040C46824EAA0
:1007E0000504C460446824EA02024260826801335E
:1007F00022EA0502102B826088D103B0BDE8F08F99
:10080000019C06FA04F4BDE7019C4FF0020B0BFAC1
:1008100004F4B7E7019C4FF0030B0BFA04F4B1E7C3
:10082000019C4FF0040B0BFA04F4ABE7019C4FF072
:10083000050B0BFA04F4A5E7019C4FF0060B0BFA2D
:1008400004F49FE7003C0140000002400008024021
:10085000000C024000100240001402400018024048
:10086000001C02400369194214BF01200020704798
:1008700002B9090481617047436901EA030221EA70
:10088000030141EA02418161704700BF044A516996
:10089000014200D1704708B550611BF0A9FB08BDAB
:1008A000003C0140002800F0B88070B590F83D3061
:1008B000044603F0FF02002B00F0988023682422F6
:1008C00084F83D201A6822F001021A601A6842F486
:1008D00000421A601A6822F400421A6001F0E2FB3A
:1008E0004F4B65689D424FD84E4B98427CD94E4B3A
:1008F0006A00A3FB0035431EB3FBF2F32268516884
:1009000021F03F0141EA95415160116A4FEA954C4F
:100910000CF1010C21F03F0141EA0C011162D16997
:1009200040F6FC70013321F44F41034221F0FF01F6
:1009300061D104230B43D361D4E907301168034329
:1009400021F0C0010B4313609168D4E9030321F443
:100950000341034321F0FF010B439360D4E90530C9
:10096000D168034321F0FF010B43D36011680023DA
:1009700041F0010120201160236484F83D002363CD
:1009800084F83E30184670BD284B98422CD9226816
:10099000254B274EA3FB003C431E506820F03F0030
:1009A00040EA9C4050604FEA9C414FF4967000FB37
:1009B00001F1A6FB0161106A890920F03F000131B5
:1009C00001431162D169A06821F44F4121F0FF0178
:1009D000A0B905EB4505B3FBF5F30133C3F30B03F6
:1009E000CBB143F40043A5E7012070BD80F83C2063
:1009F000FDF762FC62E7C3F30B039BE705EB85059C
:100A000005EB8505B3FBF5F30133C3F30B0313B11A
:100A100043F440438EE701238CE70120704700BF79
:100A2000A08601007F841E0083DE1B43FF083D007B
:100A3000D34D6210B0B10268242310B580F83D3068
:100A4000136823F0010304461360FDF795FC0023AF
:100A5000236484F83C3084F83D30236384F83E30CE
:100A6000184610BD0120704710B582B084460020A2
:100A700001909CF83D00202824D12F482F4C00687D
:100A8000C008A4FB0040000A00EB800000EB8000DF
:100A9000019004E0DCF80040A069800715D5019CB6
:100AA000013C019401980028F4D12023CCF83000B7
:100AB0008CF83D308CF83E00DCF8403043F02003E9
:100AC000CCF84030022002B010BD9CF83C00012858
:100AD000F8D02068C00703D4206840F001002060EF
:100AE00020684FF0220E20F4006020608CF83DE07A
:100AF00000204FF0100E8CF83EE0CCF82420CCF80B
:100B000040000F4AACF82A30BCF82A308CF83C0080
:100B1000CCF82C20CCF84410ACF82830636843F4AF
:100B2000E0636360236843F480632360236843F4D5
:100B30008073236002B010BD0000001089B5F81466
:100B40000000FFFF70B582B08446002001909CF841
:100B50003D00BDF81CE0202824D13048304C00680E
:100B6000C008A4FB0040000A00EB800000EB8000FE
:100B7000019004E0DCF80040A069850715D5019CD0
:100B8000013C019401980028F4D12023CCF83000D6
:100B90008CF83D308CF83E00DCF8403043F0200308
:100BA000CCF84030022002B070BD9CF83C00012817
:100BB000F8D02068C00703D4206840F0010020600E
:100BC0002068184E20F4006020600698CCF82400BD
:100BD00021208CF83D00002540208CF83E00CCF808
:100BE0004050ACF82AE0BCF82A00CCF82C60CCF8D5
:100BF0004410CCF84820CCF84C30CCF85050236846
:100C0000ACF8280043F4807323608CF83C50636890
:100C1000284643F4E063636002B070BD000000103A
:100C200089B5F8140000FFFFF0B482B000240194ED
:100C300090F83D40BDF81CC0202C20D12D4C2E4DED
:100C40002468E408A5FB0454240A04EB840404EBA0
:100C50008404019403E00468A569AE0713D5019CE0
:100C6000013C0194019C002CF5D12023046380F801
:100C70003D3080F83E40036C43F0200303640220C3
:100C800002B0F0BC704790F83C50012DF7D02568B9
:100C9000ED0703D4256845F0010525602568174F49
:100CA00025F400652560069D4562222580F83D50AB
:100CB0000026402580F83E500664A0F82AC0458DE5
:100CC000C76241648264C36406652268ADB242F4BF
:100CD000806205852260226842F48072226080F87A
:100CE0003C601DB1636843F4E0636360002002B0C0
:100CF000F0BC70470000001089B5F8140000FFFF39
:100D0000704700BF704700BF704700BF704700BF0B
:100D100090F83D20016D034659B9C26C0168012A63
:100D2000826C1CD0C2F307220A61026D0132026597
:100D30007047016D01290AD0016D022915D00368A1
:100D40005A69120602D500221A6170477047826CF8
:100D50000168D2B20A61026D013202657047D2B2F7
:100D60000A61026D023202657047D2B2222A1FD098
:100D7000418D89B2C1B9418D89B20029E6D1212ABC
:100D8000E4D1026810B5546824F4E0645460146837
:100D900044F4007414602022016380F83D2080F840
:100DA0003E101BF04EFB10BD212A0AD05B8D704710
:100DB00001680A6842F480720A60026D01320265BD
:100DC0007047416A026811F8010B10615A8D59622F
:100DD000013A92B25A857047704700BF70B53A4BDE
:100DE0003A4A1B68806B82B0DB080021A2FB032318
:100DF00001911B0A90F83D10026803EB8303C3EBDB
:100E0000C303C9B2019305E0019B013B0193136841
:100E10009B0506D5019B002BF6D1036C43F0200304
:100E20000364D0E90D4344B30025E563F3B11668CC
:100E3000DD6326F4806616604585256500241C6503
:100E4000136823F00103136090F83D30602B29D024
:100E500001F02801282918D02022002380F83D2005
:100E600080F83E301BF0F1FA02B070BD156825F431
:100E70008065156043852365E2E7F3B11568DC639F
:100E800025F4806515604485D8E7136843F00103B5
:100E900013601368002443F480631360046380F8D4
:100EA0003D10DFE70023202280F83D2080F83E300F
:100EB0000364FFF791FF02B070BD146824F48064EE
:100EC00014604385BCE700BF0000001089B5F8142A
:100ED00010B590F83D2090F83E30102B0446D2B269
:100EE00039D0D9B2402936D002F028012829236808
:100EF0003CD05968080507D4602A05D0202100227B
:100F000084F83D1084F83E20002222635A6812F4CF
:100F1000006233D194F83D10602974D05A695006AC
:100F200005D5626A1B691370636A013363622046E8
:100F30001BF08BFA236C190704D02268536823F442
:100F4000E063536094F83D30226C5207DBB201D568
:100F5000282B2ED010BD222AC6D123681A6822F46D
:100F600000621A605A681205C8D5CDE700222263D4
:100F700084F83D105A6812F40062CBD05A68606B56
:100F800022F400625A6090F83530012B1ED0294BB4
:100F90000365FFF709F80028CCD02268606B13685E
:100FA000202123F00103136084F83D10036D98475E
:100FB000C0E700232049E16220222363204684F811
:100FC0003D2084F83E30FFF7A1FE10BDA06B194B09
:100FD0000365FEF7E9FF0028ACD023685A69510683
:100FE00006D5626A1B691370626A23680132626205
:100FF0001A68A06B22F0010220211A6084F83D10CB
:10100000036D984796E7202184F83D1022645A69C1
:10101000520606D5626A1B691370626A2368013240
:1010200062621A6822F0010220461A60FFF7D4FEBD
:1010300080E700BFDD0D01080000FFFFF0B5036889
:101040005F68C56A90F83E2090F83D10102A04466B
:101050008FB0C9B2D0B223D0402821D0226C002A50
:1010600000F0D7805A69002012F0020500F0978046
:10107000BD0540F19680226C02B1986994F83D203C
:1010800002F02802282A00F04F8200220C925969AF
:101090000C919B690C930C9B84F83C200FB0F0BD25
:1010A0009E695A6912F0010F20D1B5F52A0FF5D0CB
:1010B000B5F12A4FF2D012F0080540F0D78012F0B7
:1010C000020F36D017F4007F33D094F83E20E06A48
:1010D000266B94F83D102229D2B200F0FE810A95C9
:1010E0005A690A929B690A930A9BD7E7BD0520D5E6
:1010F000E26AB2F52A0F00F01482E26AB2F12A4FD6
:1011000004BF0822E26294F83E20402A00F00282E6
:101110002269B2F5804F00F0C681226D002A40F0AE
:101120001782626CD21102F0060242F0F0021A61DC
:10113000B4E7760770D55D682D05AFD4160602F0CA
:10114000040540F147817A0540F14481002D40F0CB
:10115000448194F83D20208D94F83E10E56AD2B287
:10116000C9B2002840F09D82212A00F0A4834029C2
:1011700094D1222A92D1628D92B2002A00F0248367
:1011800094F83E20402A00F03181626A12F8011B77
:101190001961638D6262013B9BB263857EE7D6066F
:1011A00077D401F0F701212902F0040000F0CD808E
:1011B000550640F10081790540F1FD80002840F09E
:1011C000FD8094F83D10628D92B2C9B2002A3FF4BE
:1011D00065AF626A1B691370638D626A013B9BB2E3
:1011E0006385638D01329BB26262002B7FF456AF40
:1011F0002A297FF453AF226853682225282123F43B
:10120000806353602046256384F83D10FFF77AFD24
:1012100044E798695A6927E759680D053FF53EAFDD
:10122000500602F0040100F1E78000293FF436AFD8
:10123000BE057FF533AFE06A628D616A92B2042A1F
:1012400000F0FD81628D92B2032A00F03C82628D33
:1012500092B2022A00F06D821B690B70638D626A84
:10126000013B01329BB26262638517E7BD057FF5E2
:1012700060AF626C616BD2B21A61002900F0248108
:10128000CA6B002A00F020815A6842F400625A605A
:1012900004E7B80585D594F83D605A6822F4E06209
:1012A0005A600D955A690D921A6842F001021A604F
:1012B0000D9A1A6822F480621A605A681105F6B213
:1012C00000F1C080638D9BB213B323685A69520743
:1012D0000AD5626A1B691370628D636A013A591CF0
:1012E00092B22368616262855A69570609D5626ABB
:1012F0001B691370638D626A013B01329BB26262AB
:101300006385638D9BB21BB1236C43F0040323649C
:10131000236C002B40F0C1802A2E00F04C8194F801
:101320003D30282B00F05781236B222B02D0222E38
:101330007FF4B4AE002320222363204684F83D20AE
:1013400084F83E30FFF7DEFCA8E6150627D57A05BF
:1013500025D538BB94F83D00628D92B2C0B2002A08
:101360003FF49CAE626A12F8015B1D616262628D9D
:10137000013A92B26285628D92B2002A7FF48EAEFB
:1013800029287FF48BAE5A68282522F480625A609F
:101390002046216384F83D50FFF7B2FC7EE600282A
:1013A0003FF47CAEBE057FF579AE628D92B2002A25
:1013B0003FF474AEE9E600283FF470AEBA057FF55D
:1013C0006DAE628D92B2002A3FF468AE626A1B690C
:1013D000137043E7002D3FF461AEBE057FF55EAEAE
:1013E000212900F0338140287FF458AE20460FB009
:1013F000BDE8F040FFF78CBC7A057FF516AF0029F9
:101400007FF416AF94F83D20222A7FF447AEE06ABD
:10141000628D92B2032A40F21782626A1B691370CE
:10142000638D626A013B9BB26385638D9BB201321F
:10143000032B62627FF432AE2268536823F4806328
:1014400053602BE606F0F702222A00F09380606BCF
:101450000268526892B26285628D92B21AB1226CB1
:1014600042F0040222645A6822F400625A60FEF7D5
:1014700083FE012808D0606B9A4B0365FEF794FD4C
:1014800010B1606B036D9847638D9BB2002B7FF4A6
:101490001CAF236C002B3FF442AF20460FB0BDE8D9
:1014A000F040FFF715BD94F83D20212A626C16BF6D
:1014B00042F0010202F0FE02D2B21A61626B1AB16E
:1014C000D26B002A7FF4E0AEA26B002A3FF4E6ADB7
:1014D000D26B002A7FF4D8AEE0E5216D11B9402A25
:1014E00000F0D880226D22B92169B1F5404F00F09B
:1014F000DC80628D92B2002A7AD103925A690392FB
:101500009A690392039A1A6842F400721A600023DF
:101510002365C3E5226D3ABB626C02F0FE021A61DC
:10152000BCE50122E262EEE55A6822F480625A606C
:10153000070680F004014FF0000354BFA289228BFC
:1015400084F83C30C1F380012046FFF7DDFBA5E5C0
:10155000226D012A7FF4A2AD626CD21102F0060264
:1015600042F0F1021A6199E5626C42F00102D2B2D6
:101570001A6193E5A06B0268526892B26285628D2F
:1015800092B21AB1226C42F0040222645A6822F428
:1015900000625A60FEF7F0FD01283FF493AEA06BA5
:1015A000504B0365FEF700FD00283FF48BAEA06BA7
:1015B000036D984786E628222363204684F83D2061
:1015C000FFF7A0FB94F83D30282B04D0236B222B8F
:1015D0007FF464ADAEE600234349E1622022236339
:1015E000204684F83D2084F83E30FFF78FFB55E518
:1015F000628D92B2012A7BD0628D92B2022A00F0F3
:10160000E8801A6842F480621A605A6812050ED5A2
:10161000202800F2A781072840F2A081334A083829
:10162000C240D70703D55A6842F480525A6000225C
:1016300009925A6909929B690993099B67E75A685D
:1016400022F480625A601B690B7007E6E16A94F825
:101650003D20212A7FF422AD628D92B2002A7FF4D0
:1016600094AD082900F0D880202900F0D58011F52C
:10167000803F00F0D180596821F4E0615960112069
:101680002023206384F83E20204684F83D301AF061
:10169000B8FE03E501915A6901929B690193019B90
:1016A000FCE4212A7FF463AD65E502925A69029257
:1016B0009A690292029A1A6842F480721A60236D43
:1016C00001332365EAE45A68042822F480625A60F0
:1016D0003FF4C2AD02283FF4BFAD1A6822F4806225
:1016E0001A60B9E5DD0D01080000FFFF01010001EE
:1016F00010F5803F00F01B81082800F0F4802028BE
:1017000000F0F180122E00F04C81102800F24B8185
:101710009A4A0241D20700F146811A6842F4806277
:101720001A60002206925A6906929B690693069BEC
:10173000EDE6421E0F2A09D8DFE802F0413C083CE2
:101740000808080808080808080808411A6842F448
:1017500000721A601B690B70638D626A013B9BB259
:1017600063852368511C1B6961625370638D216816
:10177000626A013B9BB263854B68013223F440737C
:1017800062624B60202384F83D3094F83E30402B59
:101790004FF0000384F83E3000F0E980082800F0A4
:1017A000DA80202800F0D7801223236320461AF025
:1017B00038FE73E41A6842F480621A60CAE71A6855
:1017C00022F480621A60C5E75A6822F480625A6087
:1017D00064E4102800F29780694AC240D70740F1BC
:1017E00092801A6842F480621A605A6815050BD517
:1017F000072840F2DD80634A0838C240D10703D58C
:101800005A6842F480525A60002208925A6908923B
:101810009B690893089B7AE6596821F4E061596056
:1018200019680022202041F400711960226384F8B5
:101830003D0094F83E3084F83E20402B20467FF453
:1018400026AF1AF0FEFD29E4E56A022DBCD0012A7C
:10185000BAD84D4A0B91126846F2A811B2FBF1F2C8
:1018600002EB82020B9204E01A6812F4007200F09C
:10187000A3800B9A013A0B920B990029F4D1226CA8
:10188000606A42F0200222645A6822F4E0625A60E0
:101890001B690370638D626A013B01329BB2202099
:1018A0006385626284F83D00204684F83E101AF099
:1018B000CCFDFFF7F3BB082DAED0202DACD015F535
:1018C000803FA9D05A6822F4E0625A6011200021BA
:1018D0002023206384F83E10204684F83D301AF01F
:1018E00090FDFFF7DBBB1A68002122F480621A60CA
:1018F00007915A6907929A690792079A1A6842F4FF
:1019000000721A6003E61A6822F480621A601A688C
:1019100042F400621A605A6816057FF575AF2028F8
:101920007FF666AF10F5803F7FF46EAF68E71A6808
:1019300022F480621A605A6812F4006226D01A6893
:10194000002122F480621A6004915A6904929B6912
:101950000493049BDBE50023236327E701287FF43E
:1019600066AE60E610F5803F7FF461AE5BE6204630
:1019700023631AF068FDFFF791BB00BFEBFFFEFF8A
:1019800014000100010100010000001005925A69D5
:1019900005929A690592059A1A6842F400721A60D3
:1019A000B5E501289FD11A6822F480621A60B8E672
:1019B00001287FF429AF23E7196821F480611960B9
:1019C000596821F4E06159601969636A1970638D7F
:1019D000013B20219BB2638584F83D10636A94F833
:1019E0003E1084F83E200133402963627FF4D6AE76
:1019F000204622631AF027FDFFF750BB18B338B515
:101A0000D0E90031826804464CF6CC40186045F2BB
:101A10005550186059609A60FDF77EFA23680546B4
:101A2000DA6891070AD0FDF777FA401B312823685E
:101A3000F6D9DA689207F3D0032038BD4AF6AA2215
:101A40001A60002038BD0120704700BF03684AF6C5
:101A5000AA2200201A60704770B582B000B390F8D7
:101A600095340568044603F0FF02002B5AD028463F
:101A70000323B5F1A04F84F8953404BF0023A3716C
:101A800002F01AF9237C8DF80030251D95E80E0030
:101A9000206802F0C9F8014630B1022384F8953479
:101AA0000125284602B070BD206802F00DF90146FC
:101AB0000028F2D1267906B3234622464FF0010CC6
:101AC0001175D1850131B142C2E9070082F815C014
:101AD000107642F8240FF3D100210A4683F85412FD
:101AE0000131B142C3E9972283F8552283F8582285
:101AF000C3F8642203F12403F0D1207C95E80E00A2
:101B00008DF80000206802F065F905460028C4D170
:101B100001236074206884F8953402F035FA284671
:101B200002B070BD80F89424FCF72EFF20689FE778
:101B3000002800F0D8812DE9F0410368DD0782B06C
:101B400004462FD59D498A6802F00C02042A00F051
:101B5000EC808A6802F00C02082A00F0E2806368D8
:101B6000B3F5803F00F0EB80B3F5A02F00F0738158
:101B7000924D2A6822F480322A602A6822F4802258
:101B80002A60002B40F0E080FDF7C6F9064605E02C
:101B9000FDF7C2F9801B642800F200812B689F03C7
:101BA000F6D423689D0728D5844A916811F00C0F5C
:101BB00000F09B80916801F00C01082900F09180F1
:101BC000E368002B00F00C817D4B7C4E01221A60F3
:101BD000FDF7A2F9054605E0FDF79EF9401B022836
:101BE00000F2DC8033689F07F6D53368226923F062
:101BF000F80343EAC203336023681A075CD45D0725
:101C00003AD56E4A136C13F0805340F088800193EC
:101C1000136C43F080531364136C03F080530193EF
:101C2000019B0125674E3368D80540F1A780A36862
:101C3000012B00F0B780052B00F01D815F4E326F45
:101C400022F001023267326F22F004023267002B69
:101C500040F0AD80FDF760F941F28838074605E0B5
:101C6000FDF75AF9C01B404500F29880336F9B077F
:101C7000F6D4002D40F0F980A369CBB14F4DAA688E
:101C800002F00C02082A00F0BC80022B4C4B4FF0F3
:101C900000021A6600F0F980FDF73EF9044604E000
:101CA000FDF73AF9001B022878D82B689B01F7D47E
:101CB000002002B0BDE8F0816369FBB1404B3F4EAC
:101CC0000122C3F8802EFDF727F9054604E0FDF751
:101CD00023F9401B022861D8736F9B07F7D523684F
:101CE0008DE7526851023FF56BAF344A1268920794
:101CF00038D5E268012A35D00120DAE7304A2F4E84
:101D0000C2F8803EFDF708F9054604E0FDF704F946
:101D1000401B022842D8736F9F07F7D4DFE70025E6
:101D200080E74A6851027FF51AAF244A126892038D
:101D30007FF538AF6268002A7FF434AFDCE71F4AD2
:101D4000136843F480331360FDF7E6F81B4E054635
:101D500004E0FDF7E1F8401B64281FD833689B03BB
:101D6000F7D51EE7154920690A6822F0F80242EA11
:101D7000C0020A601A077FF542AF9DE7336843F45B
:101D800080733360FDF7C8F807463368D9053FF51F
:101D90004EAFFDF7C1F8C01B0228F6D9032002B0F0
:101DA000BDE8F081054A136F43F001031367FDF7A7
:101DB000B3F8024F064641F288380AE00038024084
:101DC0000000474200700040FDF7A6F8801B404528
:101DD000E4D83B6F9A07F7D5002D3FF44DAF44E0B0
:101DE000424A434E1360FDF797F8054604E0FDF7BD
:101DF00093F8401B0228D1D833689907F7D4236899
:101E0000FBE6012B3FF478AF6B68E26903F48001D5
:101E100091427FF471AF226A03F03F0191427FF457
:101E20006BAF616A47F6C0721A40B2EB811F7FF454
:101E300063AFA26A520803F44031013AB1EB024F9A
:101E40007FF45AAFE26A03F07063B3EB026F14BF22
:101E5000012000202DE7264B1A6842F480221A60E8
:101E60001A6842F480321A606EE7214A136C23F03C
:101E70008053136400E71E4B1A6F42F004021A6786
:101E80001A6F42F001021A6791E7FDF745F806461E
:101E900005E0FDF741F8801B02283FF67FAF2B6875
:101EA0009901F6D4D4E90731626A0B4343EA8213FD
:101EB000D4E90A2052080D4943EA0063013A43EA93
:101EC000024301226B600A66FDF726F8084D0446BE
:101ED00005E0FDF721F8001B02283FF65FAF2B68F5
:101EE0009A01F6D5E4E60120704700BF00004742A2
:101EF00000380240164908B58B6803F00C03042B28
:101F00001BD0082B01D0134808BD4A684B684968AC
:101F100013F4800302F03F0211D10E48C1F388117F
:101F2000A1FB0001FBF788F9094B5B68C3F3014390
:101F300001335B00B0FBF3F008BD074808BD06485D
:101F4000C1F388110023A1FB0001FBF775F9EBE752
:101F5000003802400024F40000127A00002800F04B
:101F60008780484A136803F007038B422DE9F0414C
:101F70000D46044609D2CBB21370136803F0070371
:101F80008B4202D00120BDE8F0812368980714D568
:101F9000590704D53C498A6842F4E0528A601A071E
:101FA00004D539498A6842F460428A603649A0689B
:101FB0008A6822F0F00202438A60DF0721D5626856
:101FC000012A57D0931E012B2F4B1B684DD999071F
:101FD000D8D52D4EB36823F003031343B360FCF749
:101FE0009BFF41F28838074604E0FCF795FFC01BD1
:101FF000404544D8B368626803F00C03B3EB820F2A
:10200000F3D1204A136803F00703AB4206D9EBB2C1
:102010001370136803F00703AB42B3D123685A0768
:1020200006D51949E0688A6822F4E05202438A60C2
:102030001B0707D5144A2169936823F4604343EAD8
:10204000C1039360FFF756FF0F4A104C9268104986
:10205000C2F303120346A25C0E48D34000680B6033
:10206000FCF7DEFC0020BDE8F0819801B1D489E7DF
:1020700001207047044B1B689E03AAD482E703200B
:1020800081E700BF003C0240003802408060040845
:102090000000001008000010014B1868704700BFD6
:1020A00000000010044B05499B68054A0868C3F30B
:1020B0008223D35CD84070470038024000000010F3
:1020C00078600408044B05499B68054A0868C3F317
:1020D0004233D35CD8407047003802400000001003
:1020E000786004080E4B0F2202609A6802F0030227
:1020F00042609A6802F0F00282609A6802F4E0524C
:10210000C2609B68DB0810B403F4E053054C036124
:1021100023685DF8044B03F007030B60704700BFB2
:1021200000380240003C02402DE9F04383B01F46D6
:1021300014460A9E0D468046FCF7EEFE3E44361AD3
:10214000FCF7EAFE2C4B1A68C2F3CB3206FB02F214
:1021500081460192D8F80020936835EA03030CBF4A
:1021600001230023A34209D07B1C0BD1936835EADD
:1021700003030CBF012300239C42F7D1002003B0CE
:10218000BDE8F083FCF7C8FEA0EB0900B04208D21E
:10219000019B002B019B03F1FF3308BF0026019335
:1021A000D8E7D8E900315A68B1F5827F22F0E00221
:1021B0005A6014D0D8F82820B2F5005F07D11A6809
:1021C00022F400521A601A6842F400521A60012286
:1021D000002388F8512088F850300320CFE7D8F842
:1021E0000820B2F5004F02D0B2F5806FE2D11A6834
:1021F00022F040021A60DDE7000000102DE9F041F6
:1022000084B00F46904600920B46012202210446FC
:10221000FFF78AFF40BB194B1D68194BA3FB05351F
:102220006D0D4FF47A7303FB05F563680395B3F501
:10223000827F064607D10DE0039B2168013B039393
:102240008B681B0602D5039B002BF5D1304604B0EA
:10225000BDE8F0810246CDF800803B468021204653
:10226000FFF762FF0028F1D0636D032643F02003DF
:102270003046636504B0BDE8F08100BF0000001087
:10228000819F5E1630B50B4611464268B2F5827FDB
:1022900083B0044608D0009100220121FFF744FFDB
:1022A00088B9002003B030BD8268B2F5004F1ED05F
:1022B000B2F5806F0ED00091002280212046FFF7FA
:1022C00033FF0028EDD0636D032043F020036365E6
:1022D00003B030BD05682A6822F040022A600091F0
:1022E00000220121FFF720FF0028DAD0EBE7006889
:1022F000026822F040020260DDE700BF00285CD0E7
:1023000070B50446406A002847D00023C4E904336E
:1023100094F851300022A26203F0FF01002B42D05A
:1023200094462168A568A269266A022384F8513080
:102330000B6823F040030B60636805F4044503F465
:1023400082732B43E56805F400652B43256905F08E
:1023500002052B43656905F001052B43E56906F08D
:10236000800E02F4007605F0380533432B43120C3F
:1023700000F0100043EA0E0302F0040243EA0C03EB
:1023800002430B604A60CB69002023F40063012202
:10239000CB61606584F8512070BD6368B3F5827FBE
:1023A000B6D0E061B4E7204684F85010FCF708F896
:1023B000D4E9090303F4005CB3E70120704700BFD0
:1023C0002DE9F041044682B01D460F469046FCF7C9
:1023D000A3FD94F85130012B66D10646D8B2002FE8
:1023E0005FD0B8F1000F5CD094F85030012B5BD077
:1023F000A26884F8500000230321B2F5004F84F84E
:102400005110C4E910336365A363A387A4F8368031
:102410002763E387A4F83480236807D11A6822F081
:1024200040021A601A6842F480421A601A68520622
:102430003ED5E2686168B2F5006F42D0002961D1F3
:102440003A781A73E38E226B013B01329BB222630E
:10245000E386E38E9BB293B958E0226B12781A732D
:10246000B4F836C0236B0CF1FF3C01331FFA8CFC2F
:102470002363A4F836C0E18E89B2002946D02368D0
:102480009A689207E9D4FCF747FD801BA842F2D373
:102490006B1CF0D0012384F85130002384F85030B5
:1024A000032002B0BDE8F081022002B0BDE8F08157
:1024B0001A68616842F040021A60E268B2F5006F83
:1024C000BCD1002940D0B8F1010F3DD0E28E92B2CC
:1024D0006AB91BE0226B32F8021BD960E38E2263DB
:1024E000013B9BB2E386E38E9BB27BB123689A6883
:1024F0009007EFD4FCF710FD801BA842F3D3691CB2
:10250000F1D0C7E7B8F1010FA3D199E732462946C8
:102510002046FFF773FE08B120236365A36833B933
:1025200022680193D368019393680193019B01236F
:1025300084F85130606D0023C01A18BF012084F860
:10254000503002B0BDE8F08137F8022BDA60E28E3D
:102550002763013A92B2E286B8E700BF2DE9F04363
:10256000044683B091461F460A9E8846FCF7D4FC79
:1025700094F851306268012B054608D0B2F5827F8D
:102580007CD1D9B2A368002B78D1042976D1B8F1D7
:10259000000F00F0DF80B9F1000F00F0DB80002FAA
:1025A00000F0D88094F85030012B67D094F8513067
:1025B000C4F83890042B1CBF052384F85130002345
:1025C00063650121C4E910332368E78784F850105C
:1025D000E7861968A7874906C4F83080A78603D420
:1025E000196841F040011960E168B1F5006F49D008
:1025F000002A00F08580012F00F082800127E38E01
:102600009BB223B9E38F9BB2002B00F08480226839
:10261000936899070FD5E38E9BB263B15FB1236BCB
:102620001B781373E38E226B013B01329BB2226352
:102630002268E3860027936813F001030DD0E18F31
:1026400089B251B11F46A36BD2681A70A36B0133D4
:10265000A363E38F013B9BB2E387FCF75DFC401B68
:10266000B042CCD3731CCAD0012384F8513003206C
:10267000002384F8503003B0BDE8F083022003B09B
:10268000BDE8F083002A67D1424632F8021BD960C8
:10269000E38E2263013B9BB2E3860127E38E9BB26C
:1026A0001BB9E38F9BB2002B35D0226893689B0740
:1026B0000DD5E38E9BB253B147B1236B33F8021BA8
:1026C000D1602363E38E013B9BB2E38600279368CE
:1026D00013F001030CD0E18F89B249B11F46A36BFF
:1026E000D26823F8022BA363E38F013B9BB2E387FD
:1026F000FCF712FC401BB042D0D3701CCED0B3E725
:1027000098F800201A73E38E226B013B01329BB2D2
:102710002263E38672E72A4631462046FFF76EFDC4
:1027200098B9A36833B922680193D3680193936879
:102730000193019B012384F85130606D0023C01A7E
:1027400084F8503018BF012099E7202200236265E9
:1027500084F85030012092E7012F9ED194E700BF0A
:1027600070B5044690F85100656801280AD0B5F5A7
:10277000827F48D15FFA80FCA068002843D1BCF179
:10278000040F40D100293CD0002A3AD0002B38D089
:1027900094F85000012836D0012084F8500094F8B5
:1027A00051002163042818BF05204FF0000618BF10
:1027B00084F851006665E386E38794F85110E06C75
:1027C000284DA38604292849A387284BA26318BF54
:1027D0000B46C4E910662649036418BF2946254BF9
:1027E000C364E38FC163216806659BB20C31FDF7BA
:1027F00055FB054648B1636D84F8506043F0100303
:102800006365012070BD022070BD2268A06C536812
:10281000216B43F001035360E38E0C32C0E90F5586
:10282000C0E913559BB2FDF739FB98B923681A68C4
:10283000520603D41A6842F040021A60002284F85B
:1028400050205A6842F020025A605A6842F0020250
:102850005A6070BD636D84F8505043F01003636597
:10286000CFE700BF052A0108692901085D29010891
:10287000992901087529010890F85130012B52D18E
:1028800070B5866804460D46002E3FD0002D52D00C
:10289000002A50D094F85030012B57D0012384F8EF
:1028A0005030042384F85130B6F5004F4FF0000348
:1028B0006365C4E91033E2872168A563A287A38614
:1028C000E3863AD0E06C224B0364224BC363224B75
:1028D000C364E38F002606652A460C319BB2FDF7E0
:1028E000DDFA10BB23681A68520603D41A6842F056
:1028F00040021A60002284F850205A6842F02002F8
:102900005A605A6842F001025A6070BD4368B3F5DC
:10291000827FBBD1042580F851501346BDE870403A
:102920000A46FFF71DBF02207047636D84F85060B0
:1029300043F010036365012070BD0B6823F0400372
:102940000B600B6823F480430B60BBE7022070BD73
:102950005D290108992901087529010808B5806BCE
:1029600019F01FFD08BD00BF08B5806B19F029FDE7
:1029700008BD00BF806B026808B5536823F00303ED
:102980005360436D012143F01003436580F85110FB
:1029900019F027FD08BD00BF38B50546846BFCF76C
:1029A000BBFA2B681B68DB0517D4236859680246FD
:1029B000A06821F020015960B0B1596821F00101EF
:1029C000596064212046FFF75DFC50B901230022C5
:1029D000E28784F85130636D7BB9204619F0C1FC61
:1029E00038BD20236365F1E76168B1F5827FE4D1EA
:1029F000596821F003015960E3E7204619F0F1FC22
:102A000038BD00BF38B50546846BFCF785FA2B68E6
:102A10001B68DB051BD402462068436823F02003B3
:102A2000436064212046FFF7E9FB18B1636D43F072
:102A30002003636521684B68002223F00303012013
:102A40004B60E286E28784F85100636D1BB9204633
:102A500019F097FC38BD204619F0C3FC38BD00BF03
:102A600030B502685168936813F0400F85B0044692
:102A7000C3F3801516D113F0010F53D198076AD50F
:102A800008067CD4980613D4DB0568D58D0666D578
:102A9000636D002043F0080363650390936803931C
:102AA000039B18E0980742D5080668D4980640D5DD
:102AB000880654D5002D56D1606D40F00100606548
:102AC0000020029090680290106820F04000106092
:102AD0000298DB05DCD4636D002B40D053680120E5
:102AE00023F0E0038D07536084F8510059D05368F8
:102AF000E06C23F00303536040B12C4B0365FDF7FA
:102B000053FA18B1636D43F040036365A06C30B3B2
:102B1000264B0365FDF748FA08B3636D43F04003A5
:102B200063651CE011F0400FA8D0036C29E09D06FE
:102B300017D4880613D594F85100032817D0606D78
:102B400040F00400606500200090D068009090681C
:102B500000900098BDE7980696D58806ACD405B0DD
:102B600030BD8D06FBD594F8510003280DD100230C
:102B70000193D368019393680193019BEFE7636C22
:102B8000204605B0BDE830401847606D40F00400B5
:102B9000606500200090D0680090906800900098D8
:102BA0008AE7204619F01DFCD9E700BFB12B0108C8
:102BB00008B5806B0023C387C38619F012FC08BDDB
:102BC000036A026A22F00102026270B444688269F8
:102BD0000D6822F073022A438D6823F002032B4311
:102BE0000E4DA8420AD005F58065A84206D0496876
:102BF0004460826170BC416303627047CD6823F01A
:102C000008032B43D1E9056524F4407446EA050C1A
:102C100023F004034CEA0404E9E700BF000001408C
:102C2000036A026A22F48072026270B44468C26964
:102C30000D6822F073022A438D6823F4007343EA7F
:102C400005230F4DA8420AD005F58065A84206D09D
:102C500049684460C26170BCC16303627047CD685B
:102C600023F4006343EA0523D1E9056524F44054C5
:102C700046EA050C23F4806344EA0C14E8E700BF3D
:102C800000000140036A026A22F48052026230B4FA
:102C90004468C2690D6822F4E64242EA05228D6862
:102CA00023F4005343EA0533094DA8420AD005F541
:102CB0008065A84206D049684460C26130BC0164A6
:102CC000036270474D6924F4804444EA8514F2E7B6
:102CD0000000014090F83D30012B2FD103681849C6
:102CE000022280F83D20DA688B4242F00102DA606D
:102CF00019D0B3F1804F16D0124A934213D002F587
:102D0000806293420FD002F5806293420BD002F5AD
:102D10007842934207D002F57052934203D0A2F555
:102D20009432934204D19A6802F00702062A03D033
:102D30001A6842F001021A600020704701207047B3
:102D400000000140000400400368DA6822F001023C
:102D5000DA601A6A41F211110A4208D1196A40F286
:102D60004442114203D11A6822F001021A60012381
:102D700080F83D300020704769BB90F83E30012B51
:102D800031D1022380F83E30036801F01F01186A38
:102D900001228A4020EA02001862186A254902438B
:102DA0008B421A6221D0244A93421ED0B3F1804F45
:102DB00006D0224A934203D002F5806293422DD17D
:102DC0009A6802F00702062A03D01A6842F001024C
:102DD0001A6000207047042910D0082916D090F8F6
:102DE0004130012B06D0012070475A6C42F400425A
:102DF0005A64E5E7022380F84130C5E790F83F3098
:102E0000012BF0D1022380F83F30BDE790F840302D
:102E1000012BE8D1022380F84030B5E7084A9342FD
:102E2000CED0084A9342CBD0A2F594329342CCD173
:102E3000C6E700BF0000014000040140000400405C
:102E4000000C004000400140036810B41A6A01F011
:102E50001F044FF0010C0CFA04FC22EA0C021A6267
:102E6000204A1C6A1C62934215D002F5806293428C
:102E700011D01C6A41F21112144204D11C6A40F2B2
:102E80004442144222D00123A1B980F83E305DF8BB
:102E9000044B002070471C6A41F211121442E8D121
:102EA0001C6A40F244421442E3D15A6C22F40042BC
:102EB0005A64DEE704290ED008290CBF80F84030A0
:102EC00080F841305DF8044B002070471A6822F00A
:102ED00001021A60D7E780F83F305DF8044B00200C
:102EE000704700BF00000140704700BFFFF744BFBC
:102EF000FFF7AABF90F83C20012A6ED00346026873
:102F000030B40120022483F83C0083F83D409468EB
:102F100024F47F4424F0770494600C68602C76D00D
:102F200011D8402C5BD02ED8202C04D000F2888001
:102F300034F010011FD1916821F07001214341F05C
:102F40000701916016E0B4F5805F13D0B4F5005F1F
:102F500033D0702C0FD1D1E9015094682843CD684B
:102F600024F47F4140EA052008439060916841F0D5
:102F70007701916000200121002283F83D1083F841
:102F80003C2030BC7047502CF5D14868CC68116AA1
:102F900021F00A010843116A21F0010111629169CF
:102FA00021F0F00141EA041191611062916821F071
:102FB000700141F057019160DCE7D1E9015094685C
:102FC0002843CD6824F47F4140EA052008439060FF
:102FD000916841F480419160CCE7022070474868D5
:102FE000CC68116A21F00A010843116A21F001013D
:102FF0001162916921F0F00141EA041191611062BE
:10300000916821F0700141F047019160B2E7486892
:10301000CC68116A21F0A00141EA0011106A20F089
:1030200010001062906920F4704040EA0430906112
:103030001162916821F0700141F06701916099E798
:10304000302C3FF478AF96E7704700BF704700BF61
:10305000704700BF704700BF036870B5DE681D6928
:10306000A907044601D5B20751D4690701D57207F3
:103070003AD42B0701D5300724D4EA0601D5F3064C
:1030800010D4E80701D5F10757D42A0601D5330635
:103090005BD4680601D571065FD4AA0601D5B306D4
:1030A00042D470BD23686FF010021A6108222277A3
:1030B000DB6913F4407F204663D0FFF7C7FF00238E
:1030C0002377DEE723686FF008021A610422227773
:1030D000DB699907204651D1FFF7B6FF2046FFF77D
:1030E000B7FF00232377C8E723686FF004021A6153
:1030F000022222779B6913F4407F20463BD1FFF7E1
:10310000A3FF2046FFF7A4FF00232377B1E76FF06A
:1031100002021A61012202779B699B0725D0FFF703
:1031200095FF00232377A0E723686FF02002204655
:103130001A61BDE8704000F047BA23686FF00102E1
:103140001A612046FAF766FF9FE723686FF0800256
:103150001A61204600F03AFA9BE723686FF04002BC
:103160001A612046FFF776FF97E7FFF76DFF2046CD
:10317000FFF76EFFD5E7FFF769FFC5E7FFF766FFCB
:10318000AFE7FFF761FF2046FFF762FF97E700BF59
:10319000344A0368904210B450D0B0F1804F3BD015
:1031A000A2F57C42904237D002F58062904233D043
:1031B00002F5806290422FD002F5784290423DD0D5
:1031C000294A90422CD002F58062904228D002F524
:1031D0008062904224D0A2F59832904220D002F52D
:1031E000806290421CD002F58062904218D00A683A
:1031F0008C68496923F080030B430360C4628262D8
:10320000012343610369DB0703D5036923F001034D
:1032100003615DF8044B70474A6823F07003134361
:10322000CC684A6923F44073234323F080038C68FD
:1032300013430A680360C4628262E1E74C68CA68AB
:1032400023F07003234323F4407313434A6923F0AC
:103250008003134303608B68C3620B6883620B694E
:103260000363CDE7000001400040014050B310B5BA
:1032700090F83D30044603F0FF02F3B121460223EB
:1032800084F83D3051F8040BFFF782FF012384F8E6
:10329000463084F83E3084F83F3084F8403084F87B
:1032A000413084F8423084F8433084F8443084F864
:1032B000453084F83D30002010BD80F83C20FBF7FD
:1032C000D9F9DBE70120704750B310B590F83D30D5
:1032D000044603F0FF02F3B12146022384F83D3097
:1032E00051F8040BFFF754FF012384F8463084F8AB
:1032F0003E3084F83F3084F8403084F8413084F820
:10330000423084F8433084F8443084F8453084F8FF
:103310003D30002010BD80F83C20FFF7E5FDDBE7E5
:1033200001207047002851D0F8B590F83D300D4687
:10333000044603F0FF02002B43D02146022384F809
:103340003D3051F8040B836823F4804323F00703D6
:103350008360FFF71DFF86688369A969AA682F6AE1
:1033600023F4407323F0030342EA01221A432B693A
:10337000E9691B0143EA0123E96822F47C420B431B
:1033800022F0FC0243EA0733016A6F6913436A685B
:1033900021F0AA0142EA071211432A6816430122CA
:1033A00086608361016284F8462084F83E2084F8B8
:1033B0003F2084F8422084F8432084F83D200020F8
:1033C000F8BD80F83C20FBF7EFF9B6E70120704725
:1033D000036A026A22F01002026270B444688269D1
:1033E0000D6822F4E64242EA05228D6823F02003AC
:1033F00043EA05130E4DA8420AD005F58065A842A0
:1034000006D049684460826170BC81630362704782
:10341000CD6823F0800343EA0513D1E9056524F460
:10342000406446EA050C23F0400344EA8C04E8E7D4
:103430000000014038B590F83C30012B57D00123F3
:1034400004460D4680F83C300C2A08D8DFE802F02C
:103450001E0707072E0707073F0707070C00012075
:10346000002384F83C3038BD0068FFF70BFCC369CB
:103470002A6943F40063C361C36923F48063C361B1
:10348000C36943EA0223C3610020E9E70068FFF74C
:1034900097FB83692A6943F008038361836923F0FA
:1034A00004038361836913438361EDE70068FFF7D9
:1034B0008FFF83692A6943F400638361836923F47E
:1034C00080638361836943EA02238361DCE70068E8
:1034D000FFF7A6FBC3692A6943F00803C361C36908
:1034E00023F00403C361C3691343C361CCE7022023
:1034F00038BD00BF90F83C20012A37D0034602684F
:10350000022030B483F83D0050680D68946820F0C4
:10351000700028435060164882421AD0B2F1804FA2
:1035200017D0A0F57C40824213D000F58060824223
:103530000FD000F5806082420BD000F578408242C7
:1035400007D000F57050824203D0A0F5943082423B
:1035500004D1496824F080040C43946000200122C7
:1035600083F83D2083F83C0030BC70470220704750
:103570000000014090F83C30012B23D010B4D1E979
:10358000024323F440730246234348680C6823F443
:103590008063034323F400630869234323F48053C7
:1035A00003434869CC6923F40053034323F4804365
:1035B000106800212343436482F83C1008465DF8FC
:1035C000044B704702207047704700BF704700BF30
:1035D000026802F10C0353E8003F23F4907302F1F8
:1035E0000C0C4CE800310029F3D102F1140353E82C
:1035F000003F23F0010302F1140C4CE800310029D4
:10360000F3D1036B012B05D02022002380F8422048
:103610000363704702F10C0353E8003F23F01003EB
:1036200002F10C0C4CE800310029F3D1ECE700BFAB
:103630000268116938B50446C068A36821F4405196
:1036400001432069116103436069D1680343E06964
:1036500021F4164121F00C0103430B43D36053695D
:10366000A069234923F4407303438A42536105D080
:10367000204B9A4202D0FEF715FD01E0FEF722FD35
:10368000E2691921B2F5004FD4E90053A0FB010112
:1036900013D09A009B0FF9F7CFFD174AA2FB001336
:1036A0005B09642101FB130000013230A2FB002002
:1036B0001B0103EB5013AB6038BDDA184FF0000369
:1036C0005B41F9F7B9FD0C4AA2FB003149096423BB
:1036D00003FB1103DB003233A2FB0323C3F34212CB
:1036E0001B0902EB011203F4F8731344AB6038BDFD
:1036F00000100140001401401F85EB5170B310B55C
:1037000090F84130044603F0FF0213B322682423EB
:1037100084F84130D36823F400532046D360FFF788
:1037200087FF2368196921F490411961596921F0D3
:103730002A015961D96800224FF0200C41F4005150
:10374000D960626484F841C084F842C01046626364
:1037500010BD80F84020FBF79FF8D7E701207047A5
:1037600090F84130202B15D101B10AB901207047E2
:1037700010B40023046801622121C284436480F8EC
:103780004110E168828441F08001E16018465DF8F3
:10379000044B70470220704790F84230202B03D131
:1037A00001B11AB9012070470220704710B40469B2
:1037B00081620023222103638285C28543640368FA
:1037C00080F842101CB1DA6842F48072DA605A69FB
:1037D0005DF8044B42F001025A61DA6842F02002BF
:1037E0000020DA60704700BF704700BF08B5806BEB
:1037F0000023C385C384FFF7F7FF08BD704700BFF0
:1038000090F84230222B57D183680168826AB3F561
:10381000805F44D0002B4BD10369002B48D14B680B
:10382000DBB21370826A0132C38D8262013B9BB2AC
:10383000C385002B40D10268D16821F0200100B57A
:10384000D160D16821F48071D16051694FF0200CB2
:1038500021F00101516180F842C04363016B0129ED
:1038600083B02AD1036302F10C0353E8003F23F035
:10387000100302F10C0C4CE800310029F3D113685D
:10388000DB0606D500230193136801935368019367
:10389000019B818DFFF7B2FF03B05DF804FB036964
:1038A000002BBCD14B68C3F3080322F8023BBBE7F3
:1038B0004B6803F07F03B4E7704718F0ABFB03B02D
:1038C0005DF804FB70B505682B68EE68696913F054
:1038D0000F0F82B004462A4670D19D0602D5B1066C
:1038E00000F1C480216B01290BD0180602D53106E6
:1038F00000F192805B0602D5750600F1AC8002B043
:1039000070BDD806F1D5F106EFD5002301931368F9
:10391000019353680193019B53695D0640F10B814C
:10392000E06B03685B689BB2002BE8D0A18D9942E5
:10393000E5D9E385C369B3F5807F36D002F10C0386
:1039400053E8003F23F4807302F10C0545E8003191
:103950000029F3D102F1140353E8003F23F00103DF
:1039600002F1140545E800310029F3D102F11403F6
:1039700053E8003F23F0400302F1140545E800310D
:103980000029F3D1202384F84230216302F10C0393
:1039900053E8003F23F0100302F10C0545E8003125
:1039A0000029F3D1FCF7B6FAA18D02236363E38DFE
:1039B000C91A204689B2FFF721FFA0E711F00101E3
:1039C00076D116F4907F8DD0DA070AD5F00540F154
:1039D000ED80626C580742F0010262644FD5002905
:1039E0006AD198075AD5190700F1A280626C002AA3
:1039F00085D09A0602D5B30600F1DC806B69626C53
:103A000003F0400302F0080253EA020620465CD1AC
:103A1000FFF7EAFE666472E794F84130212B7FF4E9
:103A20006EAFA168236AB1F5805F00F0C880591CB1
:103A300021621B785360E38C013B9BB2E384002B33
:103A40007FF45DAFD36823F08003D360D36843F085
:103A50004003D36053E7D368202123F04003D360B1
:103A6000204684F8411018F0E5FA48E702B0BDE8B6
:103A70007040FFF7C5BEF005ABD45A071CD49807B9
:103A80000CD50029AFD0626C42F0040262641A07C0
:103A9000ACD5626C42F008026264A7E71807A5D5AE
:103AA00006F020020A43F4D1636C002BA6D126E76E
:103AB000DA07E0D4580738D5626C990742F0020261
:103AC0006264E0D41A07E4D490E7FFF781FD6B69E4
:103AD0005E0626D505F1140353E8003F23F04003AA
:103AE00005F1140141E8003262B1226802F11403C9
:103AF00053E8003F23F0400302F1140040E8003196
:103B00000029F3D1E06B60B1324B0365FCF74CFA4E
:103B100000283FF4F4AEE06B036D02B0BDE87040E6
:103B200018472046FFF760FEE9E69907ABD4C9E7DE
:103B3000B206AED4B8E7E18DE38DA08D9BB289B219
:103B4000002B3FF4DCAE411A89B200293FF4D7AE16
:103B500002F10C0353E8003F23F4907302F10C05CB
:103B600045E800300028F3D102F1140353E8003F88
:103B700023F0010302F1140545E800300028F3D1D9
:103B8000202384F84230206302F10C0353E8003F05
:103B900023F0100302F10C0545E800300028F3D1B2
:103BA000022363632046FFF729FEA8E65A073FF584
:103BB00018AF64E72046FFF723FE25681EE721695A
:103BC00000297FF434AF33F8021BC1F308015160C0
:103BD000236230E7ED37010882B00023019302E051
:103BE0000369002B09DB019B01330193019BB3F1B6
:103BF000706FF5D9032002B0704700230193036969
:103C000043F00103036103E0036913F0010307D0EC
:103C1000019B01330193019BB3F1706FF4D9E9E784
:103C2000184602B0704700BF84B010B50DF10C0CFF
:103C30008CE80E009DF81130012B044624D1836BD3
:103C40009DF8182023F480338363C36823F484032E
:103C500023F04003C360C368012A23F44013C36008
:103C600025D02046FFF7B8FF9DF80E30012B07D175
:103C7000A36843F00603A360A36843F02003A36096
:103C8000BDE8104004B07047C36843F04003C36010
:103C9000FFF7A2FF9DF8153023B9A36B43F48033DF
:103CA000A363E1E7A36B23F48033A363DCE7C3687A
:103CB00043F48013C360D4E7034600209A6822F0DF
:103CC00001029A60704700BF38B5C368012923F02C
:103CD000C0430546C36018D0A9B9C36843F0804308
:103CE0000C46C36001E0C82C0DD00A20FBF71AF97E
:103CF0006B69DB0704F10A04F5D4A4F1C800B0FA3B
:103D000080F0400938BD012038BDC36843F000533E
:103D10000024C36001E0C82CF5D00A20FBF702F9AB
:103D20006B69DA0704F10A04F5D5A4F1C800B0FA0A
:103D300080F04009E6E700BF82B00023019302E073
:103D40000369002B09DB019B01330193019BB3F154
:103D5000706FF5D9032002B070478901002341F04C
:103D600020010193016103E0036913F0200307D0F0
:103D7000019B01330193019BB3F1706FF4D9E9E723
:103D8000184602B0704700BF82B00023019302E0E2
:103D90000369002B09DB019B01330193019BB3F104
:103DA000706FF5D9032002B07047002210230192F2
:103DB000036103E0036913F0100307D0019B013393
:103DC0000193019BB3F1706FF4D9EBE7184602B091
:103DD000704700BF84B0F8B507AC84E80E0000233C
:103DE0009DF81C509DF826600446194603F14002D8
:103DF00004EB820201330F2B5160F7D104F5006709
:103E0000002E40F09F807B6843F002037B60A36B31
:103E100043F40013A363A36B23F40023A363A36BF6
:103E200023F48023A3630023C4F8003E9DF82130CF
:103E3000012B00F09780D4F8003843F00303C4F856
:103E4000003810212046FFF777FF01462046FFF794
:103E50009BFF41EA000E5FFA8EFE0022BEF1000ECB
:103E60003A6118BF4FF0010E7A61FA6105B3D4F8D8
:103E70000019002904F5106315DB002119600020EA
:103E80004FF67F310132AA421861996003F1200395
:103E900036D0D3F800C0BCF1000FEEDA4FF0904CF2
:103EA000C3F800C0EEE74FF00061C4F80019E6E780
:103EB0003B6923F480733B6100229DF81E30A261B0
:103EC0006FF0804262611BB9A36943F01003A361E4
:103ED000A2692C4B13439DF82220A3611AB1A36958
:103EE00043F00803A361012E05D1A36943F0804389
:103EF00043F00403A3617046BDE8F84004B0704786
:103F0000D4F8002B002A04F5306315DB00220021D1
:103F100019604FF0000C4FF67F300132AA42C3F80F
:103F200010C0986003F12003C2D019680029EEDAAE
:103F30004FF090411960F0E74FF00062C4F8002B99
:103F40000022E6E7A36B23F40013A363A36B43F4FF
:103F50000023A3630023C4F8003E9DF82130012B09
:103F60007FF469AF9DF81F3023B9D4F80038C4F846
:103F7000003866E7D4F8003843F00103C4F800388D
:103F80005FE700BF00383C80D0F8002E034622F0E7
:103F90000302C3F8002ED3F8043800F5006143F0A3
:103FA000020300204B60704708B54FF0E0231B6907
:103FB00001F0FAFC012800D108BDBDE8084002F07C
:103FC000D1B900BFEFF305832BB9064B186828B9A8
:103FD00001221A6070476FF0050070474FF0FF3004
:103FE000704700BFB016012010B5EFF3058474B917
:103FF000084B1A68012A07D107490222CC771A60B8
:1040000001F05AF9204610BD4FF0FF3010BD6FF09F
:10401000050010BDB016012000ED00E0F0B587B03E
:10402000002514460595EFF3058212B1002007B074
:10403000F0BD0028FAD00CB3A369DBB9182362687D
:10404000D207F3D4656935B3AA08A668D4F800C0CE
:10405000E76816B3B7F5C07FE8D32469002CE5D034
:10406000002DE3D00093CDE901460B46614600F0F8
:10407000A3FFDCE75D1E372DE1D9D7E780221823A7
:1040800000930B46214605AC019400F0D1FF0128B6
:10409000CCD10598CBE78022D7E7002FC6D1246981
:1040A000002CC3D192B26446EAE700BF044B036020
:1040B00010B48023034C0C605DF8044B1360704710
:1040C0003015012030130120054B036010B44FF46C
:1040D0008073044C0C605DF8044B1360704700BFA4
:1040E000B0110120AC0D012000F108034FF0FF31A9
:1040F0000022C0E90131C0E903330260704700BF0C
:1041000000230361704700BF4268036810B49468DD
:104110000133C1E90124616091605DF8044B0861DD
:104120000360704730B40D686B1C10D000F10803B9
:104130001C465B681A68AA42FAD902684B600132D1
:1041400099608C606160086130BC026070470469EE
:104150006368F2E7036910B4D0E901125C688A6011
:104160008442516008BF5A601A685DF8044B002110
:10417000013A01611A601868704700BF036C70B59E
:10418000856B04462BB90668013546B31846A5630E
:1041900070BD164682B91A464068F8F7A1F96368FF
:1041A000216CA2680B449342636024BF2368636060
:1041B00001350020A56370BD1A46C068F8F790F974
:1041C000226CE36851429B1A2268E360934202D258
:1041D000A3680B44E360022E06D00135E9E780684E
:1041E00001F032FCA660D2E7012D38BF0125002086
:1041F000CDE700BF70B5054602F04CF895F84530A4
:104200005CB2002C14DD05F1240603E0631EDAB273
:104210005CB26AB16B6A304653B101F02DFB0028E5
:10422000F4D001F0BBFB631EDAB25CB2002AF1D11C
:10423000FF2385F8453002F04FF802F02BF895F88F
:1042400044305CB2002C14DD05F1100603E0631E5F
:10425000DAB25CB26AB12B69304653B101F00CFBA3
:104260000028F4D001F09AFB631EDAB25CB2002A97
:10427000F1D1FF2385F84430BDE8704002F02CB83E
:1042800038B5E0B104460D4602F004F8D4E90F2336
:104290002168616003FB02F2D31A0A44A260002283
:1042A000A2630B44FF2284F84420E36084F8452095
:1042B00075B92369C3B902F00FF8012038BD4FF07A
:1042C000500383F31188BFF36F8FBFF34F8FFEE767
:1042D00004F11000FFF708FF04F12400FFF704FFCA
:1042E00001F0FAFF012038BD04F1100001F0C4FA1A
:1042F0000028E0D04FF0E0234FF08052C3F8042DA7
:10430000BFF34F8FBFF36F8FD5E700BF30B585B0D8
:104310009DF8204040B94FF0500383F31188BFF35C
:104320006F8FBFF34F8FFEE77BB18AB3B1B15025DA
:104330000395039D502D1AD04FF0500383F311883D
:10434000BFF36F8FBFF34F8FFEE74FF0500383F340
:104350001188BFF36F8FBFF34F8FFEE74FF050030D
:1043600083F31188BFF36F8FBFF34F8FFEE7039D79
:104370001A60C3E90F01012183F846101846019322
:10438000FFF77EFF019B184683F84C4005B030BD17
:1043900039B950220392039A502ACDD1039A1A4672
:1043A000E6E74FF0500383F31188BFF36F8FBFF33D
:1043B0004F8FFEE7F8B540B94FF0500383F31188F3
:1043C000BFF36F8FBFF34F8FFEE7044601FB00F092
:1043D00050300D46164602F0D7F8074670B100235C
:1043E00080F8463065B100F15003C7E90F453B60E6
:1043F00001213846FFF744FF87F84C603846F8BD86
:104400000346F2E7F0B585B0019200287ED00E4653
:104410001D460446002969D0022D0BD1E36B012B08
:1044200008D04FF0500383F31188BFF36F8FBFF3B1
:104430004F8FFEE701F0B8FA002870D001F02AFF94
:10444000A26BE36B9A4276D3022D74D000221746FA
:104450000EE001F041FF2046FFF7CCFE01F0C4F86A
:1044600001F018FFA16BE36B99424FF0010262D398
:104470000198002876D0002A44D001F02DFF00F0EA
:104480006BFF01F007FF94F84430FF2B08BF84F85E
:10449000447094F84520FF2A08BF84F8457001F065
:1044A0001BFF01A902A801F037FA00285ED101F034
:1044B000F1FEA26BE36B9A42CBD101F00DFF0199A3
:1044C00004F1100001F0A0F92046FFF793FE01F07F
:1044D0008BF80028C4D14FF0E0234FF08052C3F88E
:1044E000042DBFF34F8FBFF36F8FB9E7036C002B21
:1044F00092D04FF0500383F31188BFF36F8FBFF357
:104500004F8FFEE702A801F0FBF9B6E74FF050032A
:1045100083F31188BFF36F8FBFF34F8FFEE7019BCB
:10452000002B8BD04FF0500383F31188BFF36F8FB4
:10453000BFF34F8FFEE72A4631462046FFF71EFEA7
:10454000636ACBB948B14FF0E0234FF08052C3F813
:10455000042DBFF34F8FBFF36F8F01F0BDFE01201D
:1045600005B0F0BD01F0B8FE0020F9E72046FFF7E6
:1045700041FE01F039F8F7E704F1240001F07CF97D
:104580000028EAD0DFE700BF51B370B582B05023F6
:104590000193019B502B08D04FF0500383F31188F7
:1045A000BFF36F8FBFF34F8FFEE70C46002601214C
:1045B000C4E90F16054684F8461024602046019B86
:1045C000FFF75EFE84F84C50A6602660E660334636
:1045D000324631462046FFF715FF204602B070BD37
:1045E0004FF0500383F31188BFF36F8FBFF34F8FEA
:1045F000FEE700BF70B50646502001F0C5FF044637
:1046000098B10025012180F846502060C0E90F15BF
:10461000FFF736FE84F84C60A5602560E5602B4608
:104620002A4629462046FFF7EDFE204670BD00BF12
:10463000002848D02DE9F0410E4617461D46044695
:1046400021B3022D0BD1E36B012B08D04FF05003A7
:1046500083F31188BFF36F8FBFF34F8FFEE701F035
:1046600035FFEFF311884FF0500383F31188BFF348
:104670006F8FBFF34F8FA26BE36B9A4212D3022D61
:1046800010D0002088F31188BDE8F081036C002B66
:10469000D7D04FF0500383F31188BFF36F8FBFF370
:1046A0004F8FFEE72A4694F84550A36B31466DB212
:1046B0002046FFF763FD6B1C0ED06B1C5BB284F8C9
:1046C00045300120DEE74FF0500383F31188BFF33C
:1046D0006F8FBFF34F8FFEE7636A002BF1D004F1B9
:1046E000240001F0C9F80028EBD0002FE9D0012305
:1046F0003B60E6E760B3036C70B5044643B14FF02E
:10470000500383F31188BFF36F8FBFF34F8FFEE722
:1047100003680D462BB301F0D9FEEFF311864FF07D
:10472000500383F31188BFF36F8FBFF34F8FA36BD9
:10473000E26B9A4221D994F845200133FF2AA36302
:1047400053B21ED001335BB284F84530012015E02E
:104750004FF0500383F31188BFF36F8FBFF34F8F78
:10476000FEE78368002BD6D04FF0500383F3118807
:10477000BFF36F8FBFF34F8FFEE7002086F31188E2
:1047800070BD636A002BE1D004F1240001F074F8DD
:104790000028DBD0002DD9D001232B60D6E700BF45
:1047A000F0B585B00192002800F084800E460446E2
:1047B000002941D001F0F8F8002849D001F06AFD45
:1047C000A56B002D7FD1019B8BB302A801F098F857
:1047D0002F4601F081FD00F0BFFD01F05BFD94F874
:1047E0004430FF2B08BF84F8447094F84530FF2B09
:1047F00008BF84F8457001F06FFD01A902A801F01F
:104800008BF8002830D101F045FDA36B002B38D088
:1048100001F062FD2046FFF7EDFC00F0E5FE01F03F
:1048200039FDA56B002D4ED1019B002BD1D101F09C
:1048300053FD002005B0F0BD036C002BBAD04FF043
:10484000500383F31188BFF36F8FBFF34F8FFEE7E1
:10485000019B002BB2D04FF0500383F31188BFF3BC
:104860006F8FBFF34F8FFEE72046FFF7C3FC00F0CA
:10487000BBFE01F00FFDA36B002BD8D001F02CFD87
:10488000CDE701F029FD019904F1240000F0BCFFFF
:104890002046FFF7AFFC00F0A7FE0028BFD14FF085
:1048A000E0234FF08052C3F8042DBFF34F8FBFF3C6
:1048B0006F8FB4E74FF0500383F31188BFF36F8F0E
:1048C000BFF34F8FFEE7226C52B1E168A368114439
:1048D0009942E16024BF2168E1603046F7F700FEAD
:1048E000013DA56323691BB901F0F6FC0120A1E796
:1048F00004F1100000F0C0FF0028F5D04FF0E023D5
:104900004FF08052C3F8042DBFF34F8FBFF36F8F6A
:10491000EAE700BFF0B585B00191002856D0066CDB
:10492000044646B14FF0500383F31188BFF36F8FF5
:10493000BFF34F8FFEE701F037F8054600284ED051
:10494000354601F0A7FCA36B00278BBB019B002B16
:1049500000F09A80002D5CD001F0BEFC00F0FCFC61
:1049600001F098FC94F84430FF2B08BF84F84470A1
:1049700094F84530FF2B08BF84F8457001F0ACFC7B
:1049800001A902A800F0C8FF002834D101F082FC80
:10499000A36B002B44D001F09FFC2046FFF72AFCBC
:1049A00000F022FE01F076FCA36B0125002BCDD098
:1049B0002268013BA363002A00F082802369002B58
:1049C0006DD101F089FC012005B0F0BD4FF050031E
:1049D00083F31188BFF36F8FBFF34F8FFEE7019B07
:1049E000002B38D04FF0500383F31188BFF36F8F43
:1049F000BFF34F8FFEE72046FFF7FCFB00F0F4FD0E
:104A000001F048FCA36B43B901F066FC2EBB00200B
:104A1000DAE702A800F074FF9EE701F05DFCC1E751
:104A200001F05AFC236833B3019904F1240000F02B
:104A3000EBFE2046FFF7DEFB00F0D6FD0028B1D1EB
:104A40004FF0E0234FF08052C3F8042DBFF34F8F97
:104A5000BFF36F8FA6E72E4673E701F01BFC616A78
:104A600019B1236B1968C1F13801A06801F030F861
:104A700001F032FCCBE701F00DFCA06800F0A4FFD0
:104A8000064601F029FCCFE7002EF1D04FF050038D
:104A900083F31188BFF36F8FBFF34F8FFEE704F1ED
:104AA000100000F0E9FE00288BD04FF0E0234FF01B
:104AB0008052C3F8042DBFF34F8FBFF36F8F80E791
:104AC00001F056F8A06079E72DE9F84310B30E46DF
:104AD0001746044691B101F0F9FCEFF311894FF04C
:104AE000500383F31188BFF36F8FBFF34F8FA56B14
:104AF000CDB9284689F31188BDE8F883036C002BF3
:104B0000E9D04FF0500383F31188BFF36F8FBFF3E9
:104B10004F8FFEE74FF0500383F31188BFF36F8F81
:104B2000BFF34F8FFEE794F84480226C4FFA88F869
:104B300052B1E168A36811449942E16024BF216841
:104B4000E1603046F7F7CCFC013DB8F1FF3FA563CB
:104B500006D008F101035BB284F844300120C9E7B4
:104B60002369002BFAD004F1100000F085FE002824
:104B7000F4D0002FF2D001233B60EFE740B110B535
:104B8000044601F087FBA46B01F0A6FB204610BD94
:104B90004FF0500383F31188BFF36F8FBFF34F8F34
:104BA000FEE700BF78B11349002351F8332090424B
:104BB0004FEAC30C03F1010310D0082BF5D190F894
:104BC00046304BB170474FF0500383F31188BFF369
:104BD0006F8FBFF34F8FFEE701F06CBD06490023D6
:104BE00000228C44CCE9002390F84630002BE9D118
:104BF000F2E700BFBC160120B816012010B40A4A23
:104C0000002352F8334002EBC30C2CB10133082BC4
:104C1000F7D15DF8044B704742F833105DF8044B50
:104C2000CCF80400704700BFB816012070B50446E8
:104C30000E46154601F02EFB94F84430FF2B04BFBE
:104C4000002384F8443094F84530FF2B04BF002340
:104C500084F8453001F040FBA36B23B12046BDE84A
:104C60007040FFF7C7BA04F124002A46314600F02D
:104C7000E5FD2046BDE87040FFF7BCBA2DE9F041E4
:104C8000054601F007FB334A334E136801331360C6
:104C90003368002B31D0314CE86A236833B3304F8E
:104CA000304A3149136801331360AB640B688342A7
:104CB00038BF086000EB800007EB8000291DFFF77C
:104CC00023FA01F009FB236873B13268EB6AD26AF8
:104CD0009A4209D24FF0E0234FF08052C3F8042DDE
:104CE000BFF34F8FBFF36F8FBDE8F08133681C4F68
:104CF000DB6A834298BF3560D2E735601368012BC9
:104D000003D0E86A164F154CCAE7154F3C4607F525
:104D10008C6820461434FFF7E7F94445F9D1DFF8F1
:104D20006480124C4046FFF7DFF92046FFF7DCF9BC
:104D30000F48FFF7D9F90F48FFF7D6F90E48FFF7EC
:104D4000D3F90E4BE86AC3F800800D4B1C60034C8E
:104D5000A6E700BF1C170120F01B0120101701203F
:104D60009017012000170120141701206817012057
:104D70004C1701203817012020170120641701204B
:104D8000601701207C170120F8B51C4B1C4E1D68D4
:104D900033680446181D0F46FFF7DCF9631C0FD07B
:104DA00033682D195D6010D2164B186831680431D4
:104DB000FFF7B8F9144B1A68AA4200D91D60F8BD74
:104DC000A7B933686A1E5A603DB1104B1868316844
:104DD000BDE8F8400431FFF7A5B90A4B18683168FF
:104DE0000431FFF79FF9084B1B68F8BD316808488C
:104DF000BDE8F8400431FFF787B900BF181701205C
:104E0000F01B012064170120FC160120601701200F
:104E10002017012010B50446583026F085FC94F880
:104E20007D3163B1012B13D0022B10D04FF0500312
:104E300083F31188BFF36F8FBFF34F8FFEE7206BB3
:104E400001F038FC2046BDE8104001F033BC10BD35
:104E50002046BDE8104001F02DBC00BF80B5164CC7
:104E6000164E174DDFF85CA04FF0E0294FF0805848
:104E700011E001F00FFAF368DF68381DFFF76AF9F7
:104E80002B68013B2B602368013B236001F024FA6F
:104E90003846FFF7BFFF2368002BEAD1DAF800306D
:104EA000012B05D9C9F8048DBFF34F8FBFF36F8F66
:104EB000F8F722FAEFE700BF341701203817012076
:104EC0001C170120901701202DE9F0470A9C099F2B
:104ED0004FEA8208424605468946206BA5211E46B8
:104EE00026F084FB236BA8F10408434423F0070851
:104EF000C4F84480B9F1000F52D009F1FF3C09F128
:104F00000F0104F1330E1CF8012F0EF8012F0AB126
:104F10008C45F8D1002384F84330089B372B28BFF9
:104F200037234FF0000AE3622365201DC4F854A024
:104F30009946FFF7E5F804F11800FFF7E1F8C9F129
:104F40003803A361C4F878A151464FF490722461EC
:104F5000646284F87CA104F1580026F047FB3246D5
:104F60002946114E114D124BE365C4E93E65114DC2
:104F7000C4F8005103F16805D033404663664FF032
:104F800001080B234FF00009C4E93C892566A4F809
:104F9000043101F059F9206007B13C60BDE8F087A9
:104FA00084F83490B9E700BF0E33CDAB34126DE610
:104FB000C0300120ECDE050030B587B00B9CD4B1C9
:104FC0000C9D7DB14FF4C0750595059DB5F5C07F6D
:104FD0001AD04FF0500383F31188BFF36F8FBFF3E4
:104FE0004F8FFEE74FF0500383F31188BFF36F8FAD
:104FF000BFF34F8FFEE74FF0500383F31188BFF3E9
:105000006F8FBFF34F8FFEE70C9D2C63022485F852
:105010007D4104ACCDE901450A9C0094059CFFF755
:1050200053FF0C98FFF72AFE049807B030BD00BF6D
:105030002DE9F043074685B090001546884699460D
:1050400001F0A2FAF8B104464FF4C07001F09CFAE6
:105050000646A8B10463002486F87D410D9C0194A6
:105060000C9C02964B462A46414638460094FFF770
:105070002BFF3046FFF702FE012005B0BDE8F083AC
:10508000204601F017FB4FF0FF3005B0BDE8F0837C
:1050900070B504462B4D01F0FDF8002C38D0261DCC
:1050A0003046FFF757F8A36A1BB104F11800FFF769
:1050B00051F8254A1368013313602B68A3421ED0B0
:1050C000224A13682046013B1360FFF7A3FE204BE2
:1050D0001A68126872B11A681E4BD268D268526898
:1050E0001A6001F0F9F81C4B1B6813B12B68A3423E
:1050F00010D070BD174B4FF0FF321A60F1E7174820
:105100003146FFF701F8164A136801331360E8E7E8
:105110002C68C4E7134B1B6843B14FF0500383F373
:105120001188BFF36F8FBFF34F8FFEE74FF0E0237F
:105130004FF08052C3F8042DBFF34F8FBFF36F8F32
:1051400070BD00BFF01B0120001701201C170120BB
:1051500064170120FC1601201017012038170120C8
:1051600034170120F816012080B170B5204D2B684E
:105170008342044609D001F08DF81E4B62699A42C1
:105180000DD0BDE8704001F0A7B870BD4FF05003DE
:1051900083F31188BFF36F8FBFF34F8FFEE7A36ACE
:1051A000154A9342EDD0002BEBD1261D3046FEF779
:1051B000D1FF124AE36A116811488B4288BF13601D
:1051C00003EB830300EB83003146FEF79DFF2B6862
:1051D000E26ADB6A9A42D4D34FF0E0234FF0805268
:1051E000C3F8042DBFF34F8FBFF36F8FC9E700BF24
:1051F000F01B0120201701204C170120141701205B
:1052000090170120F8B5A8B1044601F05FF9EFF35B
:1052100011854FF0500383F31188BFF36F8FBFF3F5
:105220004F8F1F4B62699A420DD0002685F311887B
:105230003046F8BD4FF0500383F31188BFF36F8FF2
:10524000BFF34F8FFEE7A36A16488342EDD0002BD1
:10525000EBD1154B1B68EBB9144BE66A1B68DB6A94
:10526000271D9E42384634BF00260126FEF772FFF6
:105270000F4AE36A11680F488B4288BF136003EB43
:105280008303394600EB8300FEF73EFF85F3118868
:105290003046F8BD04F11801FEF736FFC5E700BF40
:1052A000201701204C170120F8160120F01B0120C7
:1052B000141701209017012030B589B0002407AAE7
:1052C00006A905A8CDE90544FEF7F0FEDDE90523B2
:1052D0001A491B480094CDE90132079A2346FFF78B
:1052E0006BFE70B100F0A2FD01280CD0013008D196
:1052F0004FF0500383F31188BFF36F8FBFF34F8FCD
:10530000FEE709B030BD4FF0500383F31188BFF3BF
:105310006F8FBFF34F8F0B4B0B4A1B680B495833F2
:1053200013600B4A0B4B4FF0FF350D6010601C6093
:1053300009B0BDE8304001F03FB800BF205E04086E
:105340005D4E0108F01B012028020010FC16012010
:105350001017012018170120024A13680133136047
:10536000704700BFF8160120014B1868704700BF56
:10537000181701202DE9F04F4C4B1B6883B0002B10
:1053800045D14B4B1E6801361E60002E48D0494B5C
:105390000193019B1B689E424FD3474FDFF82C912E
:1053A0003B68DFF82CA11D68002D72D0DFF8248146
:1053B000002520E0FEF7CEFEA36A04F118000BB131
:1053C000FEF7C8FEE06AD8F80030984288BFC8F8F7
:1053D000000000EB8000594609EB8000FEF794FEC8
:1053E000DAF80030E26ADB6A9A4228BF01253B689E
:1053F0001B68002B4DD03B68DB68DC68636804F1F8
:10540000040B9E425846D5D2019A13601AE02B4AEB
:105410001368002501332846136003B0BDE8F08F00
:10542000254B1A6812680AB34FF0500383F31188B2
:10543000BFF36F8FBFF34F8FFEE7DFF89090DFF879
:1054400090A00025DAF800301D49DB6A03EB8303E6
:105450009B0059F803200B68022A28BF0125002B66
:1054600018BF0125284603B0BDE8F08F154A18681B
:1054700011681960144910600A6801320A601A68DC
:1054800012685AB90B4B01931A464FF0FF33136061
:105490007FE7019A4FF0FF331360D3E71B68054A9B
:1054A000DB680192DB685B68136072E7F816012025
:1054B00018170120FC160120641701200C17012089
:1054C0000817012060170120041701209017012000
:1054D000F01B0120141701202DE9F84F00F0DAFE2F
:1054E000374B1A68013A1A601B68002B57D1354BAD
:1054F0001B68002B53D0344D2B68002B5CD0334EEF
:10550000DFF8DC80324FDFF8DC904FF0010AEB6807
:10551000DC6804F1040B04F11800FEF71BFE58468A
:10552000FEF718FEE36A326803EB830093425946A4
:1055300008EB800088BF3360FEF7E6FD3B68E26A57
:10554000DB6A9A4228BFC9F800A02B68002BDED185
:10555000204B1A68126842BB1F4B4FF0FF321A6093
:105560001E4E346844B10125FFF704FF08B1C9F8A5
:105570000050013CF8D13460D9F800307BB14FF0D5
:10558000E0234FF08052C3F8042DBFF34F8FBFF3D9
:105590006F8F012400F0A0FE2046BDE8F88F0024A4
:1055A00000F09AFE2046BDE8F88F1A680A4BD268D0
:1055B000D26852681A60D3E7DFF82890D0E700BFBE
:1055C000F81601201C1701204C1701201417012088
:1055D000F01B012064170120FC1601200C1701208C
:1055E0009017012008170120064B1B6843B94FF0A4
:1055F000500383F31188BFF36F8FBFF34F8FFEE724
:10560000FFF76ABFF816012010B550B94FF0E0233C
:105610004FF08052C3F8042DBFF34F8FBFF36F8F4D
:1056200010BD104C216841B14FF0500383F3118835
:10563000BFF36F8FBFF34F8FFEE723680133236003
:10564000FFF7A2FB236843B94FF0500383F311889F
:10565000BFF36F8FBFF34F8FFEE7FFF73DFF0028CB
:10566000D4D010BDF816012038B52A4B1B681BB1E9
:10567000294B01221A6038BD274A284C1360236841
:105680001B6B1A68B2F1A53F03D15A68B2F1A53F6E
:1056900036D0206821683431F7F730FE204D21499B
:1056A0002B6803EB8302920098008A5842B9F3B149
:1056B000013B03EB8302980051F82220002AF6D028
:1056C000184401EB800C6246DCF804104968CCF801
:1056D00004100832914204BF4968CCF80410CA682B
:1056E00022602B602368104A5833136038BD4FF096
:1056F000500383F31188BFF36F8FBFF34F8FFEE723
:105700009A68B2F1A53FC4D1DB68B3F1A53FC0D11F
:10571000C4E700BFF816012008170120F01B012084
:1057200014170120901701202802001070B50446BC
:105730002E4E00F0AFFD002C3AD0251D2846FEF776
:1057400009FDA36A1BB104F11800FEF703FD294609
:105750002748284DFEF7D8FC94F87C31012B04BF74
:10576000002384F87C3100F0B7FD2B688BB93368D7
:10577000A34200D070BD2B680BB31F4B1B6833B323
:105780004FF0500383F31188BFF36F8FBFF34F8F38
:10579000FEE700F07FFD194B1A68126852B11A68D3
:1057A000174BD268D26852681A6000F095FDDEE7A8
:1057B0003468C2E7124B4FF0FF321A60F5E70C492C
:1057C000104A0968126891420CD1336070BD4FF0E5
:1057D000E0234FF08052C3F8042DBFF34F8FBFF387
:1057E0006F8F70BDBDE87040FFF73EBFF01B01201A
:1057F0002017012010170120F8160120641701203E
:10580000FC1601201C17012060B110B50A4B0C4694
:1058100019681831FEF786FC20460121BDE81040CA
:10582000FFF7B2BA4FF0500383F31188BFF36F8FC5
:10583000BFF34F8FFEE700BFF01B012038B580B1EA
:105840000C4B0D46196814461831FEF75DFC002C10
:1058500021460CBF28464FF0FF30BDE83840FFF727
:1058600093BA4FF0500383F31188BFF36F8FBFF3E8
:105870004F8FFEE7F01B012038B5C368DC684CB3DE
:1058800004F118052846FEF765FC174B1B6873B139
:1058900016482946FEF738FC154BE26A1B68DB6A9E
:1058A0009A4283BF134B01201860002038BD251D8C
:1058B0002846FEF74FFC104AE36A11680F488B42F6
:1058C00088BF136003EB8303294600EB8300FEF7D8
:1058D0001BFCE1E74FF0500383F31188BFF36F8F98
:1058E000BFF34F8FFEE700BFF81601204C170120D1
:1058F000F01B012008170120141701209017012028
:10590000034A044B12681B68C0E90023704700BFBC
:105910000417012018170120F8B508B30D46B1B1DE
:10592000044600F0B7FC2B681A4A581C11682CD0AA
:10593000DFF864C0D4E90060DCF80070BE4218D023
:10594000884216D8012400F0C7FC2046F8BD4FF06D
:10595000500383F31188BFF36F8FBFF34F8FFEE7C0
:105960004FF0500383F31188BFF36F8FBFF34F8F56
:10597000FEE7A1EB000E734509D95B1ADCF80010B5
:10598000126803442B60C4E900120024DBE7002303
:105990002B60D7E71817012004170120014B0122C3
:1059A0001A60704708170120054B1B6833B1054B7F
:1059B0001868B0FA80F04009400070470120704735
:1059C00010170120F8160120F8B50446C8B11B4D88
:1059D000C36A2A68D26A934214D28269002A04DB1D
:1059E0002A68D26AC2F138028261154E626903EBFD
:1059F000830306EB83039A420CD02B68DB6AE362D5
:105A00000120F8BD2B68006DDB6A98422CBF002096
:105A10000120F8BD271D3846FEF79CFB2A68094B7C
:105A2000D06A1A68E062904288BF186000EB80007C
:105A3000394606EB8000FEF767FBE1E7F01B01202B
:105A4000901701201417012008B338B51D4B1C68AE
:105A5000844208D04FF0500383F31188BFF36F8F57
:105A6000BFF34F8FFEE7636D43B1E16A226D013BE7
:105A70009142636500D063B1002038BD4FF0500300
:105A800083F31188BFF36F8FBFF34F8FFEE70020C2
:105A90007047251D2846FEF75DFB236D0A4AE36229
:105AA000C3F13800A06110688342084888BF1360C2
:105AB00003EB830300EB83002946FEF725FB01205F
:105AC00038BD00BFF01B01201417012090170120E2
:105AD00000283DD0436D70B504464BB1006DE26ABD
:105AE000814238BF01468A4201D0012B09D070BDE6
:105AF0004FF0500383F31188BFF36F8FBFF34F8FC5
:105B0000FEE7184B1B68A34223D0A369E162002B78
:105B1000A8BFC1F13801144DA8BFA16102EB8202F8
:105B2000616905EB82039942E1D1261D3046FEF7FB
:105B300011FB0E4BE06A1A68904288BF186000EBB8
:105B40008000314605EB8000BDE87040FEF7DCBA0E
:105B500070474FF0500383F31188BFF36F8FBFF38B
:105B60004F8FFEE7F01B0120901701201417012032
:105B7000044B1A681AB119684A6D01324A651868EF
:105B8000704700BFF01B012070B51A4C06460D4649
:105B900000F080FB2368D3F8783123B92368012112
:105BA00083F87C11C5B900F097FB00F073FB236804
:105BB000D3F8785125B1236856B10022C3F8782173
:105BC0002368002283F87C2100F086FB284670BD04
:105BD0006A1EC3F87821F3E72846FFF7D5F84FF09F
:105BE000E0234FF08052C3F8042DBFF34F8FBFF373
:105BF0006F8FD8E7F01B0120F8B508B31E460F469B
:105C00001546044600F046FB16B1D4F878313360EF
:105C100094F87C310222DBB284F87C21042D54D824
:105C2000DFE805F007171D050300022B3AD0C4F882
:105C30007871012B19D0012400F04EFB2046F8BDED
:105C40004FF0500383F31188BFF36F8FBFF34F8F73
:105C5000FEE7D4F878213A43C4F87821E9E7D4F88C
:105C600078210132C4F87821E3E7251D2846FEF7A4
:105C700071FA1C4AE36A11681B488B4288BF1360A3
:105C800003EB830300EB83002946FEF73DFAA36A8A
:105C900053B14FF0500383F31188BFF36F8FBFF3FD
:105CA0004F8FFEE70024C7E7104BE26A1B68DB6AF0
:105CB0009A42C0D94FF0E0234FF08052C3F8042D30
:105CC000BFF34F8FBFF36F8FB5E7D4F87821013260
:105CD000AFD04FF0500383F31188BFF36F8FBFF342
:105CE0004F8FFEE71417012090170120F01B0120B1
:105CF000F8B5E8B10D46044600F0E8FBEFF3118675
:105D00004FF0500383F31188BFF36F8FBFF34F8FB2
:105D1000022394F87C2184F87C31D4F87831012A6C
:105D200003F10103C4F878310BD086F31188F8BD74
:105D30004FF0500383F31188BFF36F8FBFF34F8F82
:105D4000FEE7A36A43B14FF0500383F31188BFF31A
:105D50006F8FBFF34F8FFEE7134B1B688BB1134858
:105D600004F11801FEF7D0F9114BE26A1B68DB6AF7
:105D70009A42DAD90DB101232B600E4B01221A6031
:105D8000D3E7271D3846FEF7E5F90B4BE06A1A68A2
:105D9000904288BF1860094B00EB8000394603EB46
:105DA0008000FEF7B1F9DFE7F81601204C1701205B
:105DB000F01B012008170120141701209017012063
:105DC000F0B5124C83B000F065FA256825B103B038
:105DD000BDE8F04000F080BA0D4F0E4E3846FEF799
:105DE00083F93046FEF780F90B4A009517600B4A9D
:105DF0000B4B166010210B4A0A20FEF787FA206031
:105E00000028E4D00849FEF7F9FEE0E7EC1C012089
:105E10000C1D0120F81C0120F41C0120F01C0120A5
:105E2000F41B0120441C0120285E040810B588B032
:105E3000FFF7C6FF124B1B68CBB1002407AA06A9C7
:105E400005A8CDE90544FEF73FF9DDE90502022387
:105E5000CDE9012000930B49079A0B482346FFF731
:105E6000ABF80A4B186010B1012008B010BD4FF01C
:105E7000500383F31188BFF36F8FBFF34F8FFEE79B
:105E8000EC1C0120305E04087D5F0108E81C012045
:105E9000C0B130B5184D2C6885B084B10529CDE965
:105EA0000012029017DCFFF77FFD02281CD00023B0
:105EB00028681A466946FEF7A5FA05B030BD2046A7
:105EC00005B030BD4FF0500383F31188BFF36F8FDF
:105ED000BFF34F8FFEE79C4662460023694620468B
:105EE000FEF7A6FB05B030BD2868089A0023694676
:105EF000FEF788FAE4E700BFEC1C0120F0B51D4E68
:105F000083B00DE0DB68DC681F68251D2846FEF7BE
:105F100021F9236A2046984794F828305B0709D472
:105F200033681A68002AEDD1134A11683160136092
:105F300003B0F0BDA26907EB020C67454FF0000308
:105F400020463A46294606D23068C4F804C0246187
:105F5000FEF7E8F8E4E700931946FFF799FF0028F9
:105F6000DED14FF0500383F31188BFF36F8FBFF37F
:105F70004F8FFEE7F41C0120F01C01202DE9F04FAB
:105F80008E4E8F4D8F4C89B04FF0E0294FF08058E6
:105F900032681768002F00F09D80D3681F68FFF7F4
:105FA000DBF9FFF7E1F92A6890428346C0F0A3804D
:105FB0008742286040F2B28000222068A7EB0B01E4
:105FC000FEF734FEFFF710FB28B9C9F8048DBFF3C4
:105FD0004F8FBFF36F8F2068002204A9FEF7E0FB0C
:105FE0000028D5D0049B0698002B6CDB069F7B69AC
:105FF00013B1381DFEF7AEF8FFF7B6F92B689842DB
:1060000083467FD3049BC5F800B0092BE3D8DFE8B3
:1060100003F00505054A345105054A3497F8282050
:10602000059BB9693F6142F0010287F828205A18A0
:106030002CBF012000205A457A6066D8ABEB0303E1
:1060400099422AD83B6A3846984797F8283059072A
:10605000C1D5BB69059A1A440023009338461946F6
:10606000FFF716FF0028B6D14FF0500383F31188D5
:10607000BFF36F8FBFF34F8FFEE797F82820059B84
:10608000BB6142F0010287F82820002B00F08880D5
:106090005B445B457B603F613BD84B4B391D1868C7
:1060A000FEF740F897E797F8283023F0010387F8C8
:1060B000283090E797F828309A074AD523F0010353
:1060C00087F8283087E7059B07999847049B002BA2
:1060D00081DB8BE7FFF740F9FFF746F92A68824238
:1060E000834608D8384BC5F800B01A681268B2FA6F
:1060F00082F2520961E7FFF701FFC5F800B0FFF730
:1061000073FA68E7FFF7FAFE7CE75B4501D90028E0
:1061100098D03068391DFEF705F85CE7FFF764FAA0
:106120003268D268D2F80CA00AF104010846039143
:10613000FEF710F89AF82820039912F0040F0CD1FA
:1061400022F001028AF82820DAF8203050469847D9
:1061500041E7384600F0AEFA3DE7DAF81800CAF831
:1061600010A03A185A45CAF8042003D93068FDF740
:10617000D9FFE9E7ABEB070B58451AD800233A469D
:10618000009319465046FFF783FE0028DCD14FF0FC
:10619000500383F31188BFF36F8FBFF34F8FFEE778
:1061A0004FF0500383F31188BFF36F8FBFF34F8F0E
:1061B000FEE7054B1868FDF7B5FFC5E7F41C0120A5
:1061C000E41C0120EC1C0120F01C012008480068A0
:1061D000006880F308884FF0000080F3148862B6EE
:1061E00061B6BFF34F8FBFF36F8F00DF00BF0000BA
:1061F00008ED00E0DFF80C00016841F47001016077
:106200007047000088ED00E00E4B1B6882B0002252
:106210000133019208D04FF0500383F31188BFF38C
:106220006F8FBFF34F8FFEE74FF0500383F311885A
:10623000BFF36F8FBFF34F8F019B002BFCD002B0D9
:10624000704700BF0C00001010B44FF08073074C73
:1062500040F8043C21F001016FF0020340E90341E2
:1062600040E909325DF8044B44387047096201087F
:10627000074B19680868B0E8F04F80F30988BFF34E
:106280006F8F4FF0000080F311887047AFF30080EC
:10629000F01B01204FF0500383F31188BFF36F8F81
:1062A000BFF34F8F0B4A13680133012B136000D0EB
:1062B00070474FF0E023D3F8043DDBB2002BF7D05A
:1062C0004FF0500383F31188BFF36F8FBFF34F8FED
:1062D000FEE700BF0C000010084A136843B94FF0F6
:1062E000500383F31188BFF36F8FBFF34F8FFEE727
:1062F000013B13600BB983F3118870470C00001049
:10630000EFF30980BFF36F8F154B1A681EF0100F63
:1063100008BF20ED108A20E9F04F10602DE9090038
:106320004FF0500080F31188BFF34F8FBFF36F8F92
:10633000FFF79AF94FF0000080F3118809BC196843
:106340000868B0E8F04F1EF0100F08BFB0EC108ADC
:1063500080F30988BFF36F8F704700BFAFF30080F1
:10636000F01B012008B54FF0500383F31188BFF3F1
:106370006F8FBFF34F8FFEF7FDFF28B14FF0E02383
:106380004FF08052C3F8042D002383F3118808BD19
:106390004FF0E02200230649136193610B68054921
:1063A000A1FB03139B090720013B53611061704758
:1063B00000000010D34D62104FF0E0233D4AD3F8A7
:1063C000001D914241D0D3F8002D3B4B9A4233D06F
:1063D00030B53A4B3A4C1A783A4883B0FF21D2B2E2
:1063E000019219701B78DBB28DF803309DF80330F1
:1063F0009DF8032003F0500307211206237001606B
:1064000048BF06220FD59DF803305B00DBB28DF844
:1064100003309DF803301B06114602F1FF32F2D41F
:1064200003291BD001604FF0500383F31188BFF3A1
:106430006F8FBFF34F8FFEE74FF0500383F3118848
:10644000BFF36F8FBFF34F8FFEE74FF0500383F31F
:106450001188BFF36F8FBFF34F8FFEE7019B174A81
:106460004FF0E0244FF44071DBB201601370D4F8B8
:10647000203D43F47003C4F8203DD4F8203D43F0A0
:106480007043C4F8203DFFF783FF0F4B00251D60CC
:10649000FFF7B0FED4F8343F43F04043C4F8343F34
:1064A000FFF794FEFFF7E0F8FFF7AEFE284603B0D3
:1064B00030BD00BF71C20F4170C20F4100E400E067
:1064C000241D0120201D01200C000010EFF3058386
:1064D0000F2B0ED91149124A5B5C12789A4208D9E7
:1064E0004FF0500383F31188BFF36F8FBFF34F8FCB
:1064F000FEE74FF0E0230B4AD3F80C3D126803F49B
:10650000E063934208D94FF0500383F31188BFF33F
:106510006F8FBFF34F8FFEE7704700BFF0E300E0DF
:10652000241D0120201D012010B4154B1A461B68A4
:106530008342FBD35468416802EB040C604513D0DE
:106540004418A34206D00360824218BF10605DF871
:10655000044B70470B4C2468A342F4D0D3E90034B9
:10656000214403604160EFE72144501883425160A9
:10657000EDD1044800688342E9D01046EEE700BF41
:10658000401D01203C1D01202DE9F041414E0446F3
:10659000FEF7E2FE3368002B5DD03F4B1D682C42B6
:1065A0002FD174B304F1080160071CBF21F007016B
:1065B000083131B3DFF8F880D8F800708F4220D36B
:1065C0003648046803E0236823B120461C4662680D
:1065D0008A42F8D33368A34213D023680668036065
:1065E000531A102B06F1080618D96018420710D06C
:1065F0004FF0500383F31188BFF36F8FBFF34F8FBA
:10660000FEE7FEF7F1FFF6F77BFE00263046BDE819
:10661000F08143606160FFF787FF6268204B196873
:10662000BF1A8F421F4938BF1F600B68C8F800703F
:10663000154300220133C4E900250B60FEF7D4FFA7
:106640007307E3D04FF0500383F31188BFF36F8FCC
:10665000BFF34F8FFEE7144B144A11480E4F5D07EE
:1066600018BF07330D4D22F0070218BF23F00703B0
:106670002B601946D31A03600D4832600360002076
:1066800068604FF00045C2E900003D60C1E90023A9
:1066900085E700BF3C1D0120281D0120401D012071
:1066A000341D0120301D01201C000020130001209A
:1066B000381D0120D0B11C4A50F8043C1268134226
:1066C0000BD050F8081C91B14FF0500383F31188A0
:1066D000BFF36F8FBFF34F8FFEE74FF0500383F38D
:1066E0001188BFF36F8FBFF34F8FFEE7704700B580
:1066F00023EA020383B040F8043C0190FEF72CFE2D
:106700000A4A0198116850F8043C08380B44136099
:10671000FFF70AFF064A13680133136003B05DF800
:1067200004EBFEF761BF00BF281D0120381D0120CA
:106730002C1D0120014B1868704700BF381D012037
:10674000014B1868704700BF341D01201D4B1E4AC5
:106750001B8870B51488A4B206469BB2F4B94EF6F5
:10676000EE629B1A18BF0123184D03F500509B03DE
:1067700001301D44B5EB803F4FEA803403D815E06B
:106780000434A54212D923680133F9D10A46002303
:1067900021460120F9F77CFD50B170BD7BB94EF662
:1067A000EE63E31AB3FA83F35B09DDE7802070BD83
:1067B00003463246A11C0120F9F76AFD70BDAB20EB
:1067C00070BD00BF0040000800800008FF7F000887
:1067D00030B4124D124A2B88B2F800C09BB2CBB134
:1067E0001FFA8CF484B90F4B02F1020C02E0043B57
:1067F0009C450CD21A8892B28242F8D133F8023CFE
:106800000B80002030BC7047AB2030BC70470120AB
:1068100030BC7047044B2A46E6E700BF0040000842
:1068200000800008FEBF0008FE7F00082DE9F04749
:1068300086B005460F46FFF789FF802802D006B0D4
:10684000BDE8F087264C27492388002200920A8859
:106850009BB292B2002B3ED0002A3FD102264EF6C8
:10686000EE62002321460120F9F712FD0028E6D14F
:1068700039462846FFF76AFF0028E0D1DFF86CA010
:10688000DFF864900AF5A4783AF8027B1649BD4215
:1068900038460AD0FFF79CFF0128384605D0B9F8E2
:1068A0000010FFF753FF0028C9D1C245ECD10022E8
:1068B00001250223694601A8CDE9045301920396FC
:1068C000F9F798FD0028BAD1002200232146284676
:1068D000F9F7DEFCB3E701260C46C0E7AB20AEE7D4
:1068E0000040000800800008481D01206462040880
:1068F00000B5012289B00123CDE904230221002241
:106900000691CDE901220D4B0D484FF6FF7101E0D4
:1069100083420AD01A8892B28A4203F10403F7D064
:1069200001A902A8F9F766FD28B90449002200234D
:106930000120F9F7ADFC09B05DF804FB0040000848
:10694000008000082DE9F0435F4D604E2C883388AD
:1069500089B00022CDE90122A4B24EF6EE620120F8
:10696000012102279442CDE904019BB206976FD022
:106970004FF6FF718C4249D024B1FFF7B9FF09B03F
:10698000BDE8F083002BF8D08B4200F09880DFF850
:106990004491DFF83C814FF0FF37F38839F8025B10
:1069A0004B499BB2AB4208BF27B2A74228460AD048
:1069B000FFF70EFF0128284605D0B8F80010FFF7B2
:1069C000C5FE0028DBD10134A42CE6D13F490022CA
:1069D00000230120F9F75CFC0028D0D1012201231B
:1069E000CDE904230222384B384806924FF6FF7156
:1069F00001E0834263D01A8892B28A4203F1040311
:106A0000F7D001A902A8F9F7F5FCB8E7CBB193429A
:106A100002D0B2E7B5420BD02B889BB2A34205F15E
:106A20000405F7D001A902A8F9F7E4FC0028A6D1D3
:106A30002649002200230120F9F72AFC9FE7B542EE
:106A40003DD02B889BB2A34205F10405F7D0D8E7CF
:106A500043BBDFF880801E4E99464FF0FF37EA882F
:106A600038F8024B1A4992B2A24208BF0FFA89F7CE
:106A70004F4520460AD0FFF7ABFE0128204605D03F
:106A80003188FFF763FE00287FF479AF09F101092F
:106A9000B9F1A40FE3D10C49002200230120F9F73A
:106AA000F7FB6CE74FF6FF7293427FF466AF00226C
:106AB0000023294601200497F9F7EAFB5FE700204D
:106AC00009B0BDE8F08300BF004000080080000866
:106AD000481D01206462040840EA01039B070FD0AF
:106AE000FAB100B501F1FF3C0138634602335B1A8D
:106AF0001CF801EF00F801EF9A42F6D85DF804FBAC
:106B00009307EED192080BD001EB820204380439CE
:106B1000131F51F8042F40F8042F9942F9D1704700
:106B20007047704712B1531E1A4001D000207047C1
:106B3000C0E90022C0E9023101207047D0E90032EB
:106B400093423EBF81685B180133981A704700BFBB
:106B5000D0E90032806893423CBF1B1801339A1A77
:106B6000801A70472DE9F04104460368A668C068A2
:106B700003EB020CB4451546184413D9721CD61AFF
:106B8000ACEB02080F463246FFF7A6FFE06842462C
:106B9000B919FFF7A1FF2268A36815441D402560BD
:106BA000BDE8F081FFF798FFF5E700BFF8B546684C
:106BB00004460F46C1688068B318834231440DD93A
:106BC0000130861B1D1A32463846FFF785FFE16803
:106BD0002A46B819BDE8F840FFF77EBF3846BDE841
:106BE000F840FFF779BF00BFD0E9012311441940F5
:106BF000416070470023C0E90033704710B50B4671
:106C000082B0B9B101280CD80B7853B1134C012BC9
:106C1000235402D0012002B010BD01F02DFA00284B
:106C2000F8D14FF0E023D3F8F03DDB0700D500BEEC
:106C30000020F0E7012401A91846ADF8044001F056
:106C40001BFA38B94FF0E023D3F8F03DDA07E2D56C
:106C500000BEE0E7014B1C70DDE700BF4C1D0120CA
:106C6000F8B5037813F001041AD103785A070546E2
:106C7000C3F3800701D52046F8BD0E4630464FF0DD
:106C8000FF31FDF747FE2B7813F001040BD12B7871
:106C90005B0709D42B7843F0040301242B7003E035
:106CA00000242046F8BD3C4600231A4619463046CB
:106CB000FDF7A8FB2046F8BD70B50C4605464FF021
:106CC000FF312046FDF726FE2B78C3F380065B07D5
:106CD00008D52B7813F0010303BF2A7863F38202EF
:106CE0002A70002600231A4619462046FDF78AFB23
:106CF000304670BDC378828803F003000228C2F3D7
:106D00000A021FD0032803D001280AD000207047B0
:106D1000022914BF40234FF48063934209D301201A
:106D20007047022940F2FF3308BF4FF4806393425B
:106D3000F6D24FF0E023D3F8F03DDB07E6D500BEF6
:106D400000207047022902D0402AE8D9F1E7B2F5C5
:106D5000007FE4D0EDE700BF0A44914205D37047BD
:106D600091F800C061448A4220D991F801C0BCF179
:106D7000050FF5D100B591F802C00CF07F0E00EBC5
:106D80004E0E4FEADC1C0EF80C3091F800C0614446
:106D90008A4209D991F801C0BCF1050FEBD091F8F6
:106DA00000C061448A42F5D85DF804FB704700BF1B
:106DB00070B5044601F050F900B970BD01F054F906
:106DC00005460028F9D1E378002BF6D004F110062F
:106DD000304601F01DF83F28EFD9E178284601F050
:106DE0002BFF0028E9D0304601F012F83F28E17867
:106DF00007D904F5DB6228464023BDE8704001F066
:106E00003BBF2846BDE8704001F026BF10B50446E0
:106E100001F022F908B9002010BD01F025F9002881
:106E2000F9D1044B4FF4EB6202FB0433187900F004
:106E3000010010BD581D01204FF4EB6370B503FB3A
:106E400000F44FF6FF739A42074E28BF1A4604F12A
:106E5000100092B2304400F0EDFF05463019FFF704
:106E6000A7FF284670BD00BF581D01202DE9F04145
:106E7000044601F0F1F810B90020BDE8F08101F0FE
:106E8000F3F806460028F7D14FF4EB63DFF8608093
:106E900003FB04F404F124054544284600F09EFF5A
:106EA0000028E9D008EB04073046B97801F0C4FEA9
:106EB0000028E1D004F5E3644444284621464022FA
:106EC00000F0B8FFB978054678B10346224630464F
:106ED00001F0D2FE38B94FF0E023D3F8F03DDB07E4
:106EE000CAD500BEC8E72846C7E701F0B5FEC3E72C
:106EF000581D012070B50E4C4FF4EB6303FB0044AA
:106F00004FF6FF739A4228BF1A4692B205462046B2
:106F100000F0F4FF0646204600F060FF3F2801D84D
:106F2000304670BD2846FFF7A1FF304670BD00BF58
:106F30007C1D012008B5044B4FF4EB6202FB0030CE
:106F400000F066FF08BD00BF7C1D0120F0B5214C9C
:106F500083B04FF4EB620021204624F047FB1E4A29
:106F600000270097FF234FF4E13117700822012515
:106F70006371A1600123A27304F138014FF4007220
:106F800004F1100000F0F6FE2B464FF4806204F589
:106F90000E71009504F1240000F0ECFE04F5C761C9
:106FA0002846FDF7F1FA04F5D16106462846FDF7BB
:106FB000EBFA06B140B94FF0E023D3F8F03DDB0720
:106FC00000D500BE03B0F0BDC4E90776C4E90C07E4
:106FD00003B0F0BD581D0120501D012038B5094CEB
:106FE000206A256B20B1FDF7DDFD0023C4E90733DE
:106FF00035B12846FDF7D6FD00220023C4E90C2355
:10700000012038BD581D012010B50F4C0F482378C2
:10701000002202600271DA0707D59B070BD5BDE895
:1070200010400B48012100F095BF103000F072FFB6
:1070300023789B07F3D4064800F06CFFBDE81040AE
:107040000348012100F086BF501D0120581D01207A
:107050007C1D0120F0B54B79022B83B003D00025B5
:10706000284603B0F0BD8B79022BF8D1244FBB78B2
:107070008BBB8B783B700B78CC1806466178242943
:107080004FF009050BD1082A02D820E0AA4208D304
:1070900023781C442B44617824299DB2F6D005291D
:1070A00021D06378042B12D163790A2B0FD1154BB1
:1070B00027780193013300930223E11930461A46E1
:1070C00001F086FD38B10E3517FA85F5ADB20C48E2
:1070D000FFF76EFEC4E74FF0E023D3F8F03DDB0787
:1070E000BDD500BEBBE72146304601F04DFD00286E
:1070F000F1D0A3787B7023781D44ADB21C44D0E757
:10710000581D01205A1D012038B5137803F0600383
:10711000202B10D19446284ABCF8043092F800E0A5
:107120009E4508D19CF80130203B032B03D8DFE8B3
:1071300003F00A161E04002038BD01292FD00329B0
:1071400031D0012038BD01290BD00329F9D11B4BC7
:10715000002BF6D01A490020AFF30080F1E7012997
:10716000EFD1174A0723614601F024FEE9E7012920
:1071700015D00329E5D1BCF802401248147104F07F
:10718000010585F0010100F0E5FE0F4B002BD8D082
:10719000C4F3400229460020AFF30080D1E76146E6
:1071A00001F0F0FDCDE7094B002BCAD0BCF802106E
:1071B0000020AFF30080C4E7581D0120000000004C
:1071C000601D01207C1D0120000000000000000067
:1071D0002DE9F047364EF2780C46A242B1780746C8
:1071E0001D463CD0A14213D04FF0E023D3F8F03D30
:1071F000DB0700D500BE0020BDE8F0872D4B23B192
:107200002D4800F0FBFD00284FD02948FFF7D0FDA6
:10721000B378A34202D00120BDE8F087274B13B119
:10722000002015F053F90020FFF720FE0028F2D1CE
:10723000234800F0D3FD0028EDD1002DEBD015F050
:107240003F05E8D1B178384601F0F6FC0028E2D0DD
:10725000B1782B462A46384601F00EFDDBE79AB29C
:1072600006F5DB6106F1100000F048FE154B002B1F
:10727000C4D07379FF2BC1D0002DBFD006F2D768E0
:1072800008EB050AA8F2C76902E0C245B6D07379D7
:1072900018F8012F9A42F8D1484600F0AFFD0028B7
:1072A000F3D17179AFF30080EFE715F0FFF8ACE7A9
:1072B000581D0120ADC40208681D0120CDC402087C
:1072C0007C1D012000000000704700BF01207047B6
:1072D000704700BF704700BF10B50B4BCC2202FBBC
:1072E00000335C7800F0B8FE08B9002010BD00F053
:1072F000BBFE0028F9D1002CF7D0214601F0F6FCA6
:1073000080F00100C0B210BDB02401202DE9F0478B
:107310001A4FCC2505FB007A0646884600209AF8CD
:10732000011091461C4601F087FC18B355464C35B8
:10733000B8F1000F11D1402C1CD8494622462846EE
:10734000F5F7CEF8CC2303FB06702A464178234696
:107350000020BDE8F04701F08FBC3F2C8AF84C803C
:1073600005F1010006D8224649460134F5F7B8F880
:10737000A4B2E7E70020BDE8F08700BFB0240120F9
:107380000248CC22002124F031B900BFB0240120F2
:10739000012070470248CC22002124F027B900BF09
:1073A000B0240120F0B54B79032B83B003D0002526
:1073B000284603B0F0BD91F804C0CCEBCC051235E3
:1073C000ADB295420C4609D8204F7A7832B921786F
:1073D000621892F801E0BEF1210F07D04FF0E023D0
:1073E000D3F8F03DDA07E2D500BEE0E7BA60615CB1
:1073F0001144624607F1010CCDF804C007F1020CFC
:10740000CDF800C0064601F0E3FB0028E6D0A379E2
:10741000B978012B04BFE379FB700123BB71BB6812
:10742000A278B3F807303A70BB800029C0D0084A70
:107430004023304601F020FC0028B9D14FF0E02372
:10744000D3F8F03DDB07B3D500BEB1E7B02401208F
:107450003C250120F0B51446127802F01F0CBCF157
:10746000010F83B002D0002003B0F0BD654EB4F828
:1074700004C033785FFA8CFC6345F4D112F06002EB
:10748000054603D1012921D00120EDE7202AEAD1C8
:107490006378013B0A2BE6D801A252F823F000BF23
:1074A0007B7501086B7501085B750108677401083D
:1074B000677401086774010867740108677401083C
:1074C0002775010809750108F3740108617863885C
:1074D0000629C8D11B0A212B78D0222BC3D11046F4
:1074E00014F0E2FFB38802462146284601F062FC10
:1074F000CAE7012912D00329C6D161880020C9B288
:10750000B171FFF7E1FEBFE70129BDD1618800201D
:10751000090AF171FFF7DAFE0028A4D021462846B7
:1075200001F030FCB0E701295BD00329ACD16388BE
:10753000E488402C204628BF402013F0FF014FEA8A
:10754000132204D0012C02D9337B8B4256D02E4B10
:107550000090002014F0BCFF96E7012994D10B465F
:107560002A4A214601F026FC8EE701298CD10B46E0
:10757000274A214601F01EFC86E7012984D1B4F890
:1075800006E063887746402F28BF402713F0FF00AE
:107590004FEA13222FD0BEF1010F2CD907F1FF3C87
:1075A0001C4B30731FFA8CF70E46014600970020E3
:1075B00014F0B2FF33189BB2BBB94FF0E023D3F8FD
:1075C000F03DDB077FF54FAF00BE4CE7B268002A05
:1075D0003FF449AF1378214603B0BDE8F04001F015
:1075E000E9BBE388402B3FF63EAF074A21462846D9
:1075F00001F0E0FB48E7044B0026D6E70138054BD5
:1076000080B2A5E7B0240120BC240120B6240120CB
:10761000B7240120BD24012030B5204C054610467A
:10762000A27894F801C08A4283B00AD08C451ED05B
:107630004FF0E023D3F8F03DDB071FD4002003B068
:1076400030BD94459BB213D0D0B90093022204F10F
:107650008C03014614F03CFF114AA17840232846D0
:1076600001F00AFB0028E3D0012003B030BD9BB23B
:1076700068B90C491A46FFF72BFEF5E700BEDDE7B7
:1076800004F18C0202210020FFF724FEE4E7054A02
:1076900001210020FFF71EFEE6E700BFB024012015
:1076A0003C250120FC24012070B500F1240504468E
:1076B000284600F093FB08B9002070BD61780020D7
:1076C00001F0BAFA0028F7D004F5CC763146284606
:1076D000402200F0AFFB6178054668B103463246B0
:1076E000002001F0C9FA50B94FF0E023D3F8F03D83
:1076F000DB07E1D500BEDFE701F0AEFADCE72846A4
:1077000070BD00BF70B500F110050446284600F0BA
:107710007FFB3F2800D870BDA178002001F08CFAD3
:107720000028F8D0284600F073FB3F28A17807D93D
:1077300004F5AC724023BDE87040002001F09CBA13
:10774000BDE87040002001F087BA00BF70B51B4C47
:1077500082B04FF4EC7200210025204623F046FF52
:107760000123402204F13801009504F1100000F0DB
:1077700001FB0123402204F17801009504F124006B
:1077800000F0F8FA04F1B8010120FCF7FDFE04F561
:10779000847106460120FCF7F7FE40B94FF0E02364
:1077A000D3F8F03DDB0700D500BE02B070BDC4E9E0
:1077B0000756C4E90C0502B070BD00BF802501204A
:1077C00038B5094C206A256B20B1FDF7EBF9002391
:1077D000C4E9073335B12846FDF7E4F90022002358
:1077E000C4E90C23012038BD8025012010B5084CC8
:1077F000002304F11000C4E90033C4E9023300F0AF
:1078000089FB04F12400BDE8104000F083BB00BFF9
:10781000802501202DE9F0434B79012B83B004D062
:107820000025284603B0BDE8F0838B79012BF7D102
:10783000CB79002BF4D191F800C001EB0C04064683
:10784000617824290CD1944502D9E9E76245E7D350
:1078500023781C446344617824291FFA83FCF5D003
:107860000429DDD16379012BDAD1A379032BD7D198
:10787000E379002BD4D1DFF8889099F8013099F89A
:1078800002803BB14FF0E023D3F8F03DDB07C7D5D2
:1078900000BEC5E7B8F1000FF4D1A37889F8003035
:1078A0002778217907EB0C05ADB2274431B923E0E5
:1078B0003B7841451D441F44ADB21DD9AA421BD39C
:1078C0007B78052BF4D139463046019201F05CF902
:1078D000019A0028D6D0BB78D90914BF89F80130A5
:1078E00089F802303B78217908F101081D445FFADC
:1078F00088F81F44ADB2DBE70148FFF703FF90E7CC
:10790000802501200020704770B5204C1D46A378CB
:1079100062788B420AD08A4219D04FF0E023D3F824
:10792000F03DDB0700D500BE002070BDAAB204F513
:10793000AC7104F1100000F0E1FA154B13B1002016
:10794000AFF300801148FFF7DDFE012070BD064651
:107950002046FFF7A9FE0028F7D104F1240000F02B
:107960003DFA0028F1D1002DEFD015F03F05ECD104
:107970006178304601F060F90028E6D061782B4646
:107980002A46304601F078F9DFE700BF8025012064
:10799000000000002DE9F04782B00646BDF828C07F
:1079A000B6F804E09DF82C00A3EB0C05ADB26345DE
:1079B0003CBF05EB4E05ADB20F46002D3BD0AE45AA
:1079C0003DD3954228BF1546E64505D8ACEB0E0CD5
:1079D0001FFA8CFCE645F9D9F288D6F80080AEEBA8
:1079E0000C03A5EB0E0EC2F30E0A9BB2E6441EFB7F
:1079F0000AFE13FB0AF9012852461FFA8EF40AFB0D
:107A00000C811FFA89F925D19D422ED815FB0AF366
:107A10009AB2C3F38D03581E80B2002B00F0818010
:107A2000013001EB800051F8043B3B608142FAD108
:107A300012F003026CD1284602B0BDE8F0879E45E3
:107A400094BFA3EB0E0373441FFA83FCA6F80AC08D
:107A50007546B6E79D424DD805FB02F23846F4F76D
:107A60003FFD284602B0BDE8F08729F003039A08DD
:107A70009EB2531E9BB242B1013301EB83000B4611
:107A800053F8042B3A608342FAD119F003091DD050
:107A90003144C9F10406B6B2A64228BF26460023E7
:107AA000A4EB060E4A4601A801931FFA8EF4F4F7E0
:107AB00017FD01AB5FFA86FA03EB090026B14146D8
:107AC0005246F4F70DFDD044019B3B60002CB2D030
:107AD000A1084B1EE2B29BB229B3013308EB83012C
:107AE00058F8043B3B604145FAD112F00302A2D0A2
:107AF00000230FE04A463846F4F7F2FC316822468C
:107B000007EB0900F4F7ECFC284602B0BDE8F0876B
:107B10000023014601A80193F4F7E2FC019B3B60BE
:107B200089E7084684E74146E2E700BF2DE9F04FC8
:107B30000446C06885B00F4616469B4618B14FF004
:107B4000FF31FCF7E7FEE27923896589A188D20934
:107B50009BB2ADB214D1AB4236BFC5EB41055D1B44
:107B6000ED18ADB28D4271D30026E06820B100233C
:107B70001A461946FCF746FC304605B0BDE8F08FC2
:107B80008E4246D3BBF1000F40F08780E388761A1F
:107B9000C3F30E0303FB06770E46002EE5D006EB7B
:107BA00005081FFA88F88D42284603D3401A80B290
:107BB0008842FBD2B4F806C02368A1EB000EA6EB06
:107BC0000109CCF30E0281441FFA8EFE19FB02F963
:107BD0001EFB02FABBF1010F1FFA89F902FB00300C
:107BE0001FFA8AFA39D0B6455FD3394602FB06F24E
:107BF000F4F776FCA18845454FEA410202D8B8EB7C
:107C0000410F03DBA8EB02021FFA82F8A4F80880F8
:107C1000ABE7AB4236BFC5EB4100581BC01880B282
:107C20004A00304490423ADB05EB01081FFA88F81D
:107C3000A8EB06039BB29D4201D89A427CDC9B1ABA
:107C40009DB206EB05081FFA88F8ACE74D1BADB2F4
:107C5000AE4228BF2E461D469FE7B64531D312FBE4
:107C600006F2C2F38D0C0CF1FF3392B29BB2BCF161
:107C7000000F7BD0013300EB830C3B6840F8043BE2
:107C80006045FAD112F00302B5D03B68039303A913
:107C90006046F4F725FCA188ADE70E467DE703EBCF
:107CA00006081FFA88F81D467DE752463946F4F764
:107CB00017FC07EB0A0120684A46F4F711FCA1887B
:107CC00099E72AF0030E4FEA9E014A1E1FFA8EFE24
:107CD00092B241B1013200EB820C0246396842F89F
:107CE000041B6245FAD11AF0030220D0C2F1040B42
:107CF0001FFA8BFB3B680393CB4503A9704428BF55
:107D0000CB460192F4F7ECFB019A03ABA9EB0B090C
:107D100099181FFA89F923685FFA8BFABBF1000FF3
:107D200005D018465246F4F7DBFB03465344B9F13D
:107D3000000F03D1A1885EE71D4634E74FEA9900A2
:107D4000411E5FFA89F289B290B1013103EB8100E3
:107D5000396843F8041B8342FAD112F00302E9D0D8
:107D60003B68039303A9F4F7BBFBE3E7844689E789
:107D70001846F5E72DE9F041B2F5004F9DF818805F
:107D800029D80446C06816460F461D4618B14FF064
:107D9000FF31FCF7BFFD206918B14FF0FF31FCF750
:107DA000B9FDC5F30E05E0682760002345EAC83534
:107DB0006381A680E580238118B11A461946FCF735
:107DC00021FB206920B100231A461946FCF71AFB53
:107DD0000120BDE8F0810020BDE8F08103894289DF
:107DE000808892B29BB2934236BFC2EB40029B1A8C
:107DF0009B189BB2984228BF184670470289438956
:107E000090B29BB2C01AB0FA80F04009704700BF30
:107E100003894289808892B29BB2934236BFC2EBFB
:107E200040029B1A9B189BB2984286BFC01A80B230
:107E30000020704770B50446006982B00D461646B2
:107E400018B14FF0FF31FCF765FD2389628929469F
:107E500092B200259BB20092019532462046FFF770
:107E600099FD6289A18892B283189BB29A42054615
:107E70004FEA41020DD8B3EB410F0ADA2069638162
:107E800020B100231A461946FCF7BCFA284602B076
:107E900070BD9B1A9BB2F1E770B50446006982B0D1
:107EA0000D46164618B14FF0FF31FCF733FD23891C
:107EB0006289294692B201259BB200920195324611
:107EC0002046FFF767FD6289A18892B283189BB2B2
:107ED0009A4205464FEA41020DD8B3EB410F0ADA48
:107EE0002069638120B100231A461946FCF78AFAFB
:107EF000284602B070BD9B1A9BB2F1E712B1002375
:107F0000FFF714BE1046704712B10123FFF70EBEF3
:107F10001046704710B50446C06818B14FF0FF31E5
:107F2000FCF7F8FC206918B14FF0FF31FCF7F2FCC8
:107F3000E06800236381238118B11A461946FCF7D3
:107F400061FA206920B100231A461946FCF75AFA53
:107F5000012010BD38B50446C0680D4618B14FF079
:107F6000FF31FCF7D7FC206918B14FF0FF31FCF767
:107F7000D1FCE379E06865F3C713E37120B1002316
:107F80001A461946FCF73EFA206920B100231A462A
:107F90001946FCF737FA012038BD00BF00207047B2
:107FA0002DE9F0411B4EDFF8788032781A4F00241B
:107FB000054623460DE03B6813EB441321D0DB68F4
:107FC0002846984732780134E4B2911CA1422346F6
:107FD00006DBA242A3EB0203EDD808EB4313EEE766
:107FE0000E4C2C220021204623F000FB4FF0FF33E3
:107FF000C4E90233C4E90633636063612361BDE809
:10800000F0814FF0E023D3F8F03DDB07F7D500BE59
:10801000BDE8F08170280120742801207C2801200F
:1080200098600408704700BF704700BF0020704789
:108030000020704700207047704700BF014B9878C0
:10804000704700BF7C280120024B187800F0010027
:10805000704700BF7C280120024B5878003818BFB9
:10806000012070477C280120024B1878C0F3800063
:10807000704700BF7C2801202DE9F047DFF8FC8025
:1080800098F80030FF2B82B003D0012002B0BDE889
:10809000F0870D4600294FD02C22002106462E489D
:1080A00023F0A4FA2D4B2E49002401201C70FCF76C
:1080B0006BFA2C4B186000283ED02B4B009433F801
:1080C0000A1C33F80C0C53F8082CA3F10C07FCF72E
:1080D0001DF9B9680446FCF791FD244B1C605CB3A4
:1080E000234B244F8BB33846AFF30080224B3A78B2
:1080F00018600024DFF888A0DFF87C9023460EE0AB
:10810000D9F8003013EB441316D05B68A3B198473D
:108110003A780134E4B2911CA142234605DBA24225
:10812000EED89B1A0AEB4313EFE72946304688F84E
:10813000006001F0B1F850B94FF0E023D3F8F03D02
:10814000DB0700D500BE0020A0E73A78D1E7304633
:1081500001F000F999E700BF7C2801207828012070
:108160005C270120582701201C000010AC270120AB
:108170000000000070280120742801206C0000100D
:10818000986004082DE9F04FDFF8B09299F80030BC
:10819000FF2B8DB033D04FF47A72A24BA24CA34F79
:1081A000DFF89CB2009002FB00F8A3FB08239B09B8
:1081B0009A46009B20685D1C00F0D580002B00F0E3
:1081C000D280B8F57A7F2CBF5246012209A9FCF76C
:1081D000E7FAA0B19DF82530013B072B00F2A383FD
:1081E000DFE803F0A59CB9AF953B10040A9B0BB1E7
:1081F0000B9898472068FCF7C1FC0028D9D10DB036
:10820000BDE8F08F9DF8281001F07F0007EB4003D8
:1082100003EBD11393F8202022F0010283F82020F1
:1082200093F8202022F0040283F82020002800F098
:10823000A4807F4A1B7D1278934280F096807D4A0D
:10824000126812EB431300F0B8809E699DF8292054
:108250000B9B9DF82400B047CCE79BF80030002B27
:1082600000F0AB809BF80030013BDBB28BF80030B4
:108270009BF8003003F0FF00002BBBD16B4E33782E
:1082800043F00103337096F8203060F3000386F862
:10829000203096F8203060F3820386F8203096F87C
:1082A000213060F3000386F8213096F8213060F326
:1082B000820386F821309DF82430019300F0B6FD4A
:1082C0009DF8282002F06003602B64D0402B00F062
:1082D000E98102F01F02012A00F0B480022A75D061
:1082E000002A58D1202B00F0E981002B53D19DF8B2
:1082F0002930092B4FD8DFE813F0A40196014E0076
:10830000B5014E0089015E014E005301E8003B7843
:10831000D9077FF56FAF14F01FF96BE79DF82400C4
:10832000FFF73EFE00F078FD14F006F962E79DF8D5
:108330002400FFF735FE00F06FFD9DF82830BB707C
:1083400058E73B78D8077FF555AF3878C0F3C000C1
:10835000FFF772FE4EE7FB78DA077FF54BAF0A981E
:10836000FFF762FE46E7009A30E7901C984224DB54
:108370009B1A314A02EB431367E70B9B9DF82920B8
:108380009DF8240000F064FD34E714F077F802460D
:10839000002840F07E814FF0E023D3F8F03DDD0768
:1083A00000D500BE9DF82400002101F0CFF89DF813
:1083B0002400802101F0CAF81CE74FF0E023D3F835
:1083C000F03DDC077FF51BAF00BE18E79DF82C10D1
:1083D00001F07F02052ADED806EB4200144D00EBC7
:1083E000D1102D78007D4FEA420EA8424FEAD112FB
:1083F000029259D305F1020C8445C0F27C81401BE6
:108400000D4D05EB4015002B00F07981686900F0F7
:108410000DFD6B6901980AAA0121984700287FF495
:10842000E9AEBFE7D34D6210AC2701207C280120C4
:108430007028012074280120986004086C00001046
:10844000782801209DF82C300F2BABD8B64A334446
:1084500012781B79934232D3911C9942A2DBB34E1E
:108460009B1A06EB4316706900F0E0FC73690198F3
:108470000AAA0121984700287FF4BCAE9DF8283055
:1084800013F060068ED19DF829300A3B012B89D864
:1084900000F0CCFC9DF829300A2B00F0DC8101981B
:1084A0000AA900F06FFCA5E6A14D2D6805EB40156B
:1084B000002B00F02481002D3FF474AFA6E79C4A06
:1084C000166816EB4316CED16CE773789DF82A50E8
:1084D0009D4200F06E817378002B40F087817570AB
:1084E000002D00F06481681EC0B213F0C7FF034680
:1084F000002800F0CB814278022A40F0C781C17980
:108500003078C1F340121201C1F3801142EA4112E6
:1085100020F03000024332705A88CDE902A89A1840
:10852000049203F10901049B8B4240F2C7814A780F
:108530000B2A00F0F3810123042A40F0DC81049A25
:108540000693521A92B20592774A4FF0000A1278B7
:10855000D0461DE0764B1D6815EB4A1500F0CB8127
:108560002B69059A019807919847082807990246B0
:108570000AF1010303D90598904280F0A4815FFAC3
:1085800083FA694B1A78931C9A45D04600F37C8194
:108590009245A8EB0202DDD3644B03EB4215DFE703
:1085A00073788DF82230019801230DF122020AA977
:1085B00000F000FC1EE6BDF82A00030A013B020A97
:1085C000C0B20E2B3FF6EEAE01A151F823F000BF72
:1085D000398801088186010829880108A5830108D6
:1085E000A58301080B88010881860108A58301087D
:1085F000A5830108A5830108A5830108A5830108B7
:10860000A5830108A5830108AF8801080AA800F026
:1086100013FC01989DF82A1000F0B2FE337843F065
:1086200002033370E6E5BDF82A30012B7FF4BAAEC1
:108630003378019823F008030AA9337000F0A2FBF5
:10864000D8E5337801989A0802F00202C3F3401388
:108650001343ADF822300DF1220202230AA900F0E3
:10866000A9FBC7E5BDF82A30012B7FF49BAE337818
:10867000019843F008030AA9337000F083FBB9E5C1
:10868000022A3FF482AEFFF7D5FC024600283FF4F1
:1086900089AE019853880AA900F08CFB00287FF46A
:1086A000A9AD7FE6234800F0C1FB01980AAA012189
:1086B000FFF774FC00287FF49DAD73E69DF82C3025
:1086C0000F2B3FF66FAE184A334412781B79934252
:1086D00032D2174A166816EB43163FF463AE706940
:1086E00000F0A4FB736901980AAA012198470028A9
:1086F0007FF480AD56E6002B7FF454AE00259DF844
:1087000029C00CF0FD03012B1FD0BCF1000F7FF43A
:1087100042AE029A019806EB0E03134493F8203000
:10872000C3F3400395E700BF702801209860040858
:10873000742801209D7F0108911C9942FFF632AEFA
:108740007D4E9B1A06EB4316C9E7BDF82A30D3B914
:10875000BCF1010F99F8000030D0CDF80CE000F02A
:10876000F5FEDDF80CE0029A06EB0E03134493F8D5
:10877000202042F0020283F8202093F8202042F0CB
:10878000010283F82020002D3FF434AD686900F029
:108790004DFB6B6901980AAA01219847002000F05F
:1087A00045FB96F82130DE073FF524AD77E613F060
:1087B000C3FE01980AA900F0E5FA1BE5CDE9033EE6
:1087C00000F0C8FEDDF810E0029B0EEB06021A4432
:1087D000039B92F8201063F3410182F8201092F875
:1087E000201063F3000182F82010CCE700210198EB
:1087F00000F0F4FD019800F027FEB3780198029391
:10880000FFF7CEFB029BB37069E6FFF711FC02464F
:1088100000283FF4C7AD019813780AA900F0CAFAFE
:1088200000287FF4E7ACBDE5BDF82C1013F02EFE58
:1088300002460028EFD1B5E513F018FE02460028E5
:108840003FF4A9AD019812230AA900F0B3FA002859
:108850007FF4D0ACA6E501988DF822600AA9012327
:108860000DF1220200F0A6FAC4E453463348CDE9E4
:108870000512FEF771FA324B1B78DDE9051202335F
:1088800043451144BFF64FAEDDE902A84FF0E023A7
:10889000D3F8F03DDA0700D500BE4FF0E023D3F85F
:1088A000F03DDB0700D500BE002373707AE5FFF7CB
:1088B000BDFB024600287FF4ECAE73E5DDE902A8BB
:1088C00013F042FE75E7069B012B1DD0002BCCD088
:1088D00091F802E0002004E085F804A0C5B2AB42A4
:1088E000C3D90EEB000556FA85F5013095F804C0A2
:1088F000BCF1FF0FF0D04FF0E023DDE902A8D3F880
:10890000F03DD907C9D5C7E728690E4DA84208BF71
:1089100002230D4DA84208BF0223D9E70A78CB787D
:1089200011444A7808E64FF0E023D3F8F03DDB0726
:108930007FF560AC00BE5DE49860040890280120DB
:108940007028012055700108157801082DE9F043C1
:108950004378023B85B005460E46042B13D8DFE86A
:1089600003F00351747D4700814B1A7822F0010215
:108970001A701A78002122F002021A7059701A78BF
:1089800061F382021A707B4B18688EB933464FF040
:10899000FF322946FBF736FD003818BF0120E8B149
:1089A000697828783246FFF73DFB05B0BDE8F083D3
:1089B000002301AA29460193FBF73AFE019B4BB124
:1089C0004FF0E0234FF08052C3F8042DBFF34F8FD8
:1089D000BFF36F8F003818BF0120E0E74FF0E023AE
:1089E000D3F8F03DDB07E0D500BE05B0BDE8F0836D
:1089F000614A13780133DBB213705E4B1868002EA6
:108A0000D6D1C3E7DFF87891DFF8788199F80030A4
:108A10005A4F0024A44611E03B6813EB441C05D0D8
:108A2000DCF81C3013B169682878984799F8003051
:108A30000134E4B29A1CA242A44618DBA342EBD84C
:108A4000ACEB030C08EB4C1CEAE7494B1A78D70750
:108A5000ABD51A7842F004021A7094E7444B1A78A6
:108A6000D407A2D51A7822F004021A708BE7404C82
:108A70002378580731D5237823F0040323703D4B26
:108A80002A7818688DF8042000230522ADF80E30EE
:108A9000CDF80630CDF80A308DF80520002E55D0DF
:108AA0006A4601A90093FBF7C3FD009B4BB14FF051
:108AB000E0234FF08052C3F8042DBFF34F8FBFF374
:108AC0006F8F003818BF0120002849D14FF0E023F4
:108AD000D3F8F03DD90700D500BEE378DA077FF57B
:108AE00064AF244A297810688DF8041000236A685E
:108AF000CDF806300321CDF80A30ADF80E308DF8F0
:108B000005100292DEB16A4601A90093FBF790FDC1
:108B1000009B4BB14FF0E0234FF08052C3F8042D7F
:108B2000BFF34F8FBFF36F8F00283FF457AF9DF80F
:108B300005109DF804003246FFF774FA35E7334616
:108B40004FF0FF3201A9FBF75DFCEDE733464FF034
:108B5000FF3201A9FBF756FC003818BF0120B3E72C
:108B60009DF805109DF804003246FFF75BFAB4E764
:108B70007C280120AC2701207828012074280120BE
:108B8000702801209860040838B58B780E4A03F0ED
:108B90007F03052B157808D94FF0E023D3F8F03D7B
:108BA000DB0700D500BE002038BD084B0C46084648
:108BB0009978FEF79FF80028EED021462846BDE8B8
:108BC000384000F027BC00BF6C0000107C2801205A
:108BD0002DE9F047DDE908895AB306460C461F46E1
:108BE00015464FF0000A15E094F803C00CF0030C92
:108BF000BC4514D1FFF7C8FF88B1A378DA0914BFC8
:108C000089F8003088F8003023780AF1010AAA4573
:108C10001C440ED06378052B21463046E4D04FF03B
:108C2000E023D3F8F03DDB0700D500BE0020BDE80F
:108C3000F0870120BDE8F087CB09054A054801F01F
:108C40007F01203303EB410318441168FEF708B895
:108C5000582701207C280120CB09054A054801F04E
:108C60007F01203303EB410318441168FEF724B859
:108C7000582701207C28012010B51A4C1A4801F011
:108C80007F0E04EB4E0404EBD114007894F820C05E
:108C90001CF0010F08D04FF0E023D3F8F03DDA07C5
:108CA00000D500BE002010BD94F820C04CF0010C8F
:108CB00084F820C000F014FC0028F4D194F820209F
:108CC00060F3000284F8202094F820204FF0E02187
:108CD00060F3820284F82020D1F8F03DDB07E1D573
:108CE000DFE700BF7C2801206C000010054B01F07D
:108CF0007F0203EB420303EBD11191F8200000F057
:108D0000010070477C2801201B4AB2F80CC0D189B1
:108D100010B5ACEB01039BB2044692F90000402B66
:108D200028BF4023002882B009DB8C4520D0134A9D
:108D30000021204602B0BDE81040FFF79DBF8C45E2
:108D40000ED091680D4801931A46F3F7C9FB0B4A00
:108D5000019B8021204602B0BDE81040FFF78CBF88
:108D600080210022204602B0BDE81040FFF784BFFA
:108D700000210A46DDE700BFE8280120A8280120DD
:108D8000704700BF10B40A4C0A4684460868496818
:108D9000234603C311780023C943C4E90233604664
:108DA0005DF8044B01F080011A46FFF765BF00BF74
:108DB000E828012070B5174C8C46064608684968BB
:108DC000A260A646AEE803000021E181BCF806508F
:108DD000AB4228BF2B46A3813DB103B18AB13046D7
:108DE000FFF792FF68B1012070BD9CF80010C943E5
:108DF0002B462A4601F080013046FFF73DFF002850
:108E0000F1D14FF0E023D3F8F03DDB0700D500BEF1
:108E1000002070BDE8280120034B0022C3E9002296
:108E2000C3E902221A617047E8280120014B18614A
:108E3000704700BFE82801200346044A59680068CB
:108E4000134603C30023C2E902337047E828012018
:108E500070B52B4C2278C909B1EBD21F06461D46CE
:108E600014D043B14FF0E023D3F8F03DDB0700D539
:108E700000BE002070BD2146FFF782FF2369002B52
:108E800032D022460321304698472DE094F9003035
:108E9000A068002B05DB0028EBD01A492A46F3F71F
:108EA0001FFBA268E3892A442B44A260E2889BB29C
:108EB0009A42E38106D03F2D04D93046FFF724FFC4
:108EC00090B9CFE7236923B10D4A02213046984774
:108ED00060B121780023C9431A4601F08001304671
:108EE000FFF7CAFE0028BDD0012070BD0146304604
:108EF00000F02CFB8021304600F028FBF4E700BF97
:108F0000E8280120A8280120012898BF0001244B4F
:108F100088BF000130B498BF1C58034401F07F00A3
:108F200093F808C088BF4FF0A044844515D9033298
:108F30009308C9091A4619D1C3F30D0308336344D2
:108F4000626A5B009BB29A4204D2164A12889A4225
:108F500003D36362012030BC70474FF0E023D3F8A5
:108F6000F03DD80700D500BE0020F4E7A16809064F
:108F70000DD50C4D616A19442B888B42EDD39B1A99
:108F80009BB22B8043EA024328B9A362E2E75A006E
:108F900092B21346EDE73F3004EB80046360D9E7FB
:108FA000F8600408FE280120012898BF03010D4A3B
:108FB0008CBF0301D1581A4488BF4FF0A041D36839
:108FC000127A183210B49B08074C52004A621A04F5
:108FD000238012FA83F3CB655DF8044B4022802195
:108FE000FFF792BFF8600408FE28012030B5012881
:108FF00098BF1E4B1E4D96BF00014FF0A0441C5859
:1090000088788B8800F07F024FEA420C0CEBD01C72
:1090100005EB0C1EC3F30A0391F803C0AEF80A3047
:1090200089798EF80C100CF0030143EA8143013971
:1090300018BF012143EA0173C00943F400430CD176
:1090400002F15801490110326350D4F81C18012371
:1090500093400B43C4F81C3830BD02F1480149016C
:1090600043EA82536350D4F81C18F0E7F860040810
:109070000829012001289BBF00013F4B4FF0A0436E
:109080001B5801F07F00C90930B534D148B90146F9
:1090900003EB4111D1F8003B43EA4252C1F8002BE7
:1090A00030BD03EB401C01B2DCF8004B002CEFDAC2
:1090B000D3F8041841F40071C3F80418596909067B
:1090C000FCD52E49002ADCF8002B08BF4FF0804168
:1090D0000A4303EB4010CCF8002BD0F8082B920782
:1090E000FBD50222C0F8082BD3F8042842F4806292
:1090F000C3F8042830BDD8B103EB401401B2D4F852
:109100000059002D16DB03EB4111002AD1F800298C
:109110000CBF4FF000644FF002642243C1F80029F5
:10912000800140F0200018611A699006FCD430BD1F
:109130000146E8E7D4F8001941F00061C4F80019CD
:109140004FEA401C03EB401EDEF808194D06FBD524
:109150000A4D002AD4F8002908BF4FF080452A4361
:1091600003EB0C01C4F80029D1F808299407FBD5BA
:109170000222C1F80829D3E7F86004080000204063
:1091800070B4012898BF414DBDF80C4096BF000156
:109190004FF0A0452D5861B93D483E4E00EB0210FE
:1091A000448936F81200844228BF0446001B26F882
:1091B0001200012A4FEAC34332D005EB41104E01A1
:1091C000D0F8102B02F06042C0F8102BD0F8102B12
:1091D00013432343C0F8103BD0F8003B03F4402373
:1091E000B3F5802F014607D0D1F8003B43F004438C
:1091F000C1F8003B70BC7047254B33441B7B012BEF
:10920000F2D1D5F80828D0F8003B12F4807F0CBFCB
:109210004FF000524FF080521343C0F8003BE3E799
:1092200005EB41122343C2F810391346D2F8002946
:1092300042F00442C3F80029D3F8002902F4402286
:10924000B2F5802F4FEA41100AD0002CD2D0D5F8C9
:10925000342801238B401343C5F8343870BC704761
:109260000B4A0244127F012AEFD1D5F8082812F4E4
:10927000807FD3F800290CBF4FF000504FF0805092
:109280000243C3F80029002CB4D0E0E7F8600408DA
:10929000082901200029012001289CBF03012B4A35
:1092A00070B594BFD4584FF0A04405460121204624
:1092B00000F032FC06460146284600F037FC002844
:1092C0003BD0A36943F01003A361D4F8043843F002
:1092D0000203C4F80438D4F8003823F0030326BB93
:1092E00043F00303C4F80038E368194A23F0C0438D
:1092F00043F08043E360236823F0D00343F0C003CE
:109300002360D4F8003843F00403C4F80038A3699C
:109310001A43A261A36843F08103A360D4F8043820
:1093200023F00203C4F8043870BDA26CC2F38112AA
:10933000022AD7D143F48043D4E74FF0E023D3F897
:10934000F03DDB07F0D500BE70BD00BFF86004083B
:1093500004380080084B03EB001393F90430002B12
:1093600008DB06495809012203F01F0302FA03F340
:1093700041F82030704700BFF860040800E100E0C9
:1093800001289CBF124A030110B598BFD458114A56
:1093900088BF4FF0A0449FED0C7BD4F8003823F435
:1093A000FE6343EA011182B0C4F800180A4C0021A0
:1093B000012382ED047B0091118361801A46FFF73F
:1093C000DFFE02B010BD00BF000000000000000082
:1093D000F86004080829012000290120012898BF0D
:1093E0000A4B0B4A96BF00014FF0A0431B58117067
:1093F00031B108225A619A6942F008029A617047B5
:109400009A6922F008029A61704700BFF860040868
:10941000FC28012070B58A880C46C2F30A028978BC
:109420000646FFF771FD054640B94FF0E023D3F83B
:10943000F03DDB0700D500BE284670BD3046214612
:10944000FFF7D4FD284670BD012898BF0101224ACC
:109450008CBF010153580A4470B5167A88BF4FF08B
:10946000A0434FF00111012EC3F81C1824D91B4C46
:1094700001214FF0000C03EB41120131D2F80059E9
:10948000002D5FFA81FE05DAD2F8005945F09045CB
:10949000C2F80059D2F8005BA4F83AC0002D05DAF2
:1094A000D2F8005B45F09045C2F8005BB645A4F8E1
:1094B0002AC004F12004DED34FF484621A611A69D1
:1094C0009106FCD410221A611A69D206FCD4BDE8B8
:1094D0007040FFF769BD00BFF8600408082901204B
:1094E00030B58E4601F07F01164D4FEA410C0CEB72
:1094F000DE1C05EB0C144FEA0C1C83B045F80C2065
:1095000000224FEADE1E2381626051B90E4A0093A9
:1095100022F81E3001237246FFF732FE012003B00D
:1095200030BD62890093013B1344B3FBF2F39BB25D
:10953000012B38BF01237246FFF722FE012003B042
:1095400030BD00BF08290120002901200122FFF7BA
:1095500091BD00BF01289CBF0E4B00014FEAD11204
:1095600082F0010298BF1B5801F07F0101EB02114C
:1095700088BF4FF0A04303EB4113D3F8002922F436
:109580000012C3F80029D3F8002942F08052C3F832
:1095900000297047F86004082DE9F04F01288DB0CC
:1095A000814640F28D814FF0A04425464FF00008DF
:1095B000A36967691F40F90400F19481BE0418D5BE
:1095C0004FF400536361D4F808288DF82490C2F357
:1095D000410312F0060F1DBF023BB3FA83F35B0990
:1095E0000223012109A88DF828308DF82510FFF7F6
:1095F000ADF9380500F1D981002FC0F2E581790776
:1096000004D56668720700F1F88166603B0714D5DF
:10961000AE4B1A7808236361D4F80838C3F30D23DE
:10962000002A00F033810A930121032309A88DF851
:1096300024908DF82530FFF789F9FE0636D5A36909
:1096400023F01003A361CDE90378A14B03EB081AC3
:109650002A6A0992C2F34343013B02F00F06C2F3A8
:109660000A18052B4ED8DFE803F00A2B0A104D0329
:1096700005F58055974B2A681A602A685A60636915
:10968000D8060DD5DAF80050E2E705EB4615D5F817
:10969000103B43F0C043C5F8103B6369D806F1D4D2
:1096A000A369DDE9037843F01003A361390307F4EC
:1096B00080222FD4002A40F091800DB0BDE8F08FB9
:1096C000854F07EB46114FEA461B4868002800F01B
:1096D0008881424605F58051FEF716FC07EB0B0129
:1096E00048894045CBD9AB440A89DBF8100B121AE4
:1096F00092B20A81002EC2D1784908880E80121ACF
:109700003A81BCE74FF0E023D3F8F03DDD07B6D552
:1097100000BEB4E76E4B4FEA08115D5803EB091326
:109720001F7A002FC9D0CDE903286B4EDFF8B0A116
:109730000024D5F8183804F11002D340DA0743D5D5
:1097400005EB44114FEA441BD1F8088BD1F8080B04
:10975000430700F1AE81286C50450ED918F0200F58
:109760001CBF2020C1F8080B18F4004F05D005EBF2
:109770000B014FF40040C1F8080B18F0080F40F03F
:109780008A8018F0010F1FD005EB0B020123C2F8ED
:10979000083B48F2280218EA020F15D124B94F4BB2
:1097A0001B88002B40F03A8133890B9307238DF8F7
:1097B00025300121002309A88DF824908DF8284038
:1097C0008DF82930FFF7C2F80134BC4206F12006BB
:1097D000AFD1DDE90328002A3FF46FAF3C4B4FEADD
:1097E000081803EB091253F808B0137A002B3FF462
:1097F00064AF394DCDF8109000240BF5805A99468E
:10980000DBF81838E340D90736D50BEB4413E2B246
:109810000392D3F80829D2074FEA44181ED5012233
:10982000C3F8082924B92D4B5B88002B40F0EF804A
:10983000049B8DF824304FF007038DF825304FF04E
:1098400000038DF829302B8B0B93039B012163F0D0
:109850007F0309A88DF82830FFF778F80BEB08068E
:10986000D6F808391B0607D5DBF83438012202FA8E
:1098700004F0184240F0DA8001344C450AF5805A71
:1098800005F12005BCD10DB0BDE8F08FA26922F032
:109890000802A261C7E605EB0B010E4B0820C1F8D8
:1098A000080B06218DF8251093E803000CAB8DF80A
:1098B000249003E90300012109A8FFF747F860E7B6
:1098C000034A03018046D5582C4671E6FC28012046
:1098D000F8600408C8290120082901200029012076
:1098E0000930544F784B794803EB0913C0221E7A94
:1098F0004FF480536361002121F078FE744A002305
:109900001370D6B104EB43110133D1F8002BB342ED
:1099100042F00062C1F8002BF4D1002304EB4312A3
:109920000133D2F80019002905DAD2F8001941F004
:109930009041C2F80019B342F0D14FF4846323611F
:1099400023699A06FCD4102323612369DB06FCD427
:1099500009234FF00112C4F81C284846C4F81438F3
:10996000C4F81038FFF720FB584B40225A835A8125
:10997000D4F8003823F4FE63C4F80038D4F8003972
:1099800023F00303C4F80039D4F8003B23F00303A9
:10999000C4F8003BD4F8103B43F0C043C4F8103B7C
:1099A000A36943F44023A36108E64FF400636361B5
:1099B0000121042309A88DF824908DF82530FEF7A5
:1099C000C5FF002FBFF61BAE4FF0004363610121BE
:1099D000052309A88DF824908DF82530FEF7B6FFF1
:1099E0000DE657F80B104246284600F0D5F957F817
:1099F0000B10414447F80B1070E60223012109A81F
:109A00008DF824908DF82530FEF7A0FFFDE500933A
:109A1000049813462146FFF7B3FB1FE70093224645
:109A2000012321464846FFF7ABFBCDE6D6F81019D7
:109A3000C1F3C94171B3CDE90549002781460C4600
:109A4000CDF81C8005E0FEF727FA0137BBB2A34230
:109A50001CD2D6F810091F4BD6F8182903EA820247
:109A60006B8B80B2834228BF03469342514698468F
:109A70001A460BD868690028E5D12A690399584627
:109A800000F0B4F92A6942442A61DEE74846DDE97C
:109A90000698059CD844D8F81039C3F31203002B5C
:109AA0007FF4EAAEDBF8343823EA0003CBF834382D
:109AB000E2E64FF0E023DDE90328D3F8F03DD807D4
:109AC0007FF5F8AD00BEF5E5F8600408082901202F
:109AD000FC280120FCFF0300036943F0010303613C
:109AE000036C44F209229BB2934206D80369DA0759
:109AF000FCD40369002BFCDA704703699B00FCD59A
:109B0000036923F0005323F0010343F00053036182
:109B10000369002BEDDAEFE7012905D0806C10F026
:109B2000C00018BF0120704700207047012810B501
:109B300040F2BF804FF0A0442046236C894A6FF367
:109B40000F03934216D0884A934213D002F5803215
:109B500093420FD04FF0E023D3F8F03DD90700D562
:109B600000BE4FF0E023D3F8F03DDA0700D500BE89
:109B7000002010BDA36823F00103A36000295CD07E
:109B8000E168A36CC3F38113022B00F0CE80236D38
:109B900013F4404F1ABF21F0500141F0080121F0A9
:109BA0005801E160A36C13F0C00FA36B00F0868036
:109BB00023F48033A3632046FFF78EFF236D13F455
:109BC000404F0CBF4FF410534FF4A05321F4705189
:109BD0001943E160A36C13F0C00F4DD1634B644A8D
:109BE0001B68934241D2634A934200F29880624AD2
:109BF000934280F09780614A934200F2A380A2F5DD
:109C0000DB12A2F5BA52934200F29F80A2F5B7127E
:109C1000A2F55872934200F29B80594A934280F019
:109C20009A80584A934280F09980574A934234BFB1
:109C30004FF470524FF4605219E0E168534B41F019
:109C40004002E260A26B984242F48032A26373D079
:109C50002046FFF741FF454A4548126821F47053FA
:109C600043F4A2538242E36036D34FF4C052E36818
:109C700023F470531343E360E36843F00703E360A6
:109C8000D4F8003E4FF4846223F00F03C4F8003E82
:109C9000226123699B06FCD410232361236913F0FE
:109CA0001003FBD14FF0FF32626101206260A361BB
:109CB00010BD374B0001185804463EE7334A43F4C1
:109CC00080339042A3637FF476AFA2F5E432136D44
:109CD00023F0804313656EE7264B9A421FD8264B2C
:109CE0009A421FD2254B9A422CD8A3F5DB13A3F539
:109CF000BA539A4229D8A3F5B713A3F558739A42D9
:109D000026D81F4B9A4226D21E4B9A4226D21E4B71
:109D10009A4234BF4FF470524FF46052A7E74FF4A9
:109D2000E052A4E74FF40052A1E721F4681121F0BA
:109D3000C80141F0100134E7164A136D23F0804347
:109D4000136585E74FF4105291E74FF420528EE7E8
:109D50004FF430528BE74FF4405288E74FF45052A3
:109D600085E700BF0000544F00003155000000108F
:109D70000048E801DF9DA30100366E013FA44C01BD
:109D8000807306010024F400C0E1E40000000440F8
:109D90001861040800380240930800B523B303F1AA
:109DA000FF3C1FFA8CFC0CF1010C01EB8C0C00F554
:109DB000805EDEF8003041F8043B6145F9D1D1B254
:109DC00012F003020ED000F58050890703688CF86A
:109DD000003044BF190A8CF80110032A04BF1B0C81
:109DE0008CF802305DF804FB8C46E8E710B501F111
:109DF000010E99084FEA0E3400EB0E3EF9B101F165
:109E0000FF3C1FFA8CFC0CF1010C02EB8C0C52F89D
:109E1000041BCEF800106245F9D1D9B213F0030348
:109E20000CD089079CF8002007D5032BBCF8002034
:109E300004BF9CF8023042EA0342025110BD94462E
:109E4000EBE700BF83685BB1B3F1807F0AD0B3F169
:109E5000007F09D0B3F1407F0CBF0620002070477F
:109E60000C2070470A20704708207047034B186881
:109E700018B19968091A2BF043B97047D02901200D
:109E800008B5034678B1084A904206D9074A90427D
:109E900001D92BF05CFC2BF057FC30205843BDE877
:109EA00008402BF047B908BDAAAAAA025555550586
:109EB00070B5D0E900560446AE4207D1206850B1D3
:109EC000A168BDE87040091A2BF01AB928460BF0BA
:109ED00063FA2C35F0E770BDF8B506460F46154617
:109EE00002F108030446BC4209D1174BA41B240904
:109EF0005C4324F07044302000FB0450F8BD22463F
:109F000043F8083C52F8081B914217D16268184682
:109F10000132F2F7E5FA0346D4E90601626843F834
:109F2000042CC3E90401D4E9080194F8282083F83B
:109F30002020C3E9060130343033D4E7A26843F867
:109F4000081C1A60E8E700BFABAAAA0A0A4B10B5C2
:109F500004460360C06B18B1616C091A2BF0D0F88D
:109F6000E06918B1616A091A2BF0CAF804F110000F
:109F7000FFF79EFF204610BDA08A040810B50446D6
:109F8000FFF7E4FF20464C212BF0BAF8204610BD25
:109F900070B5D0E904562DED028B9FED0B8A044677
:109FA000B54204D1BDEC028B0023236370BD28466B
:109FB000D4ED0B0A94ED0A0AB0EE481A00210BF01A
:109FC00019FD2C35ECE700BF00000000043070479D
:109FD00082B08180090C817102B0704700F00102EB
:109FE000002362F30703C0F3400060F30F2382B045
:109FF00023F47F0002B070474278007840EA4200C4
:10A00000704700002DE9F84F05460C46B1B1D0E984
:10A01000009A8368A3EB0A03B1EBE30F10D80A465A
:10A0200029490AF1080347F6FF70013A43E90201A2
:10A0300003F10803F9D10AEBC4046C60BDE8F88FA2
:10A04000AAEB09066FF07043A3EBE6028A424FEADF
:10A05000E60B02D21D482BF080FB59452CBF0BEBC1
:10A0600001080BEB0B08984528BF98464FEAC80833
:10A0700040462BF05FF814498319074603EBC402EE
:10A0800047F6FF70C3E9000108339342FAD13A461C
:10A090004B469A4502F1080210D1B9F1000F05D0E4
:10A0A000A9684846A1EB09012BF02AF85C4407EBAC
:10A0B000C4042F6047446C60AF60BFE793E80300BF
:10A0C000083302E90300E4E70180FFFF1C6904088C
:10A0D0002DE9F04F1E466B4B03606B4B83624FF0D4
:10A0E0007C538BB0C3624FF4FA734363674B836353
:10A0F000904690F848309DF850209DF854709DF897
:10A1000058A09DF85C9062F3000367F341036AF383
:10A110008203002569F3C303C0E90218C0E90455AE
:10A12000C0E90655C0E90855C0E90F5504468B46FD
:10A130000571457185710563456480F8483017B92C
:10A14000B9F1000F0AD0BBF1000F00F09180594621
:10A1500004F11C000392FFF755FF039A002A00F058
:10A1600089804B4B9B4502D94A482BF0F6FA2C25A7
:10A1700005FB0BF5BBF1000F63D10025AB465D4439
:10A180005B469D4262D1D4E90412A369099307A8F2
:10A190000023C4E904B5A561CDE90712CDE9043374
:10A1A0000693FFF785FE04A8FFF782FE002E5AD023
:10A1B000032300933849394B40F6A222304606F07B
:10A1C00005FD002F51D0032300933549354B40F650
:10A1D000A322304606F0FAFCB8F1000F08D00123A4
:10A1E00000933149314B4FF42A62304606F0EEFCC1
:10A1F000BAF1000F31D0012300932D492D4B40F6C9
:10A20000A122304606F0E2FCB9F1000F12D0302551
:10A21000294B2A49009540F6A422304606F0D6FC88
:10A22000274B2849009540F6A522304606F0CEFC83
:10A230000023A3712046FFF7ABFE20460BB0BDE81C
:10A24000F08F28462AF076FF834698E71846039356
:10A250000BF09EF8039B2C3393E7B9F1000FE9D084
:10A26000002EE7D0D3E7002FB6D100232371B3E748
:10A27000002A82D100236371002FF6D0002EA2D1D4
:10A28000AAE700BFA08A04088FC2F53C6666863F35
:10A290002EBAE802366904087E6904086769040872
:10A2A00091690408856904088F7A0408996904088B
:10A2B000BD690408AE690408C4690408DF690408BC
:10A2C000E3690408FE69040810B504461046D4E9A1
:10A2D00000239B1A0A4A0B4C1B115343E21A8A4271
:10A2E00001D22BF03AFA994238BF19465B1804D2D2
:10A2F000A34228BF2346184610BD2046FCE700BFF6
:10A30000ABAAAAAAAAAAAA02036A022B2DE9F047BD
:10A310000C46904601D0202B0AD1D0E904321343D9
:10A3200014BF0123002388F800300120BDE8F08726
:10A33000012B01D0102B51D1D4E901539D4214D0EF
:10A3400098F80020002305F10801C5E906232B72C7
:10A35000C5E9001300220023C5E90823022385F87C
:10A360002830636830336360DFE71D4A01212046EF
:10A37000FFF7AAFF27688146FFF782FDA5EB070AD2
:10A3800000EB0A0398F800100646002203F10800CB
:10A3900046F80A00C3E906125A601A72002000212A
:10A3A0000222C3E9080183F82820294632463846AC
:10A3B000FFF792FD294600F130022846FFF78CFD99
:10A3C000054627B1A1683846C91B2AF099FE3023FB
:10A3D000C4E9006503FB0966A660A6E70220A5E7BD
:10A3E000026A04082DE9F047D0E901439C42054682
:10A3F000884615D00B6804F10802D91722600022A4
:10A400002272C4E90631626000230022C4E90823F5
:10A41000022384F82830436830334360BDE8F08776
:10A420001C4A0121FFF750FF2F688146FFF728FDE6
:10A43000A4EB070A00EB0A03D8F80020064603F154
:10A44000080146F80A10D0170021C3E90620596018
:10A450001972002000210222C3E9080183F8282094
:10A46000214632463846FFF737FD214600F13002DB
:10A470002046FFF731FD044627B1A9683846C91BBD
:10A480002AF03EFE3023C5E9006403FB0966AE6096
:10A49000C4E700BF026A04080B68A3F52A63F7B596
:10A4A00005460C461646052B00F2A680DFE803F0B1
:10A4B0000319502980570B6A012B40F09F80C06818
:10A4C00003681B699847D0E90045AC4201D10120DF
:10A4D00027E054F8043B019301A93046FFF782FFBF
:10A4E000F3E70B6A012B40F08980D0E90F45AC42BD
:10A4F000EDD054F8043B019301A93046FFF772FFF9
:10A50000F5E70B6A022B03D1D1E9043213430AD1D8
:10A5100095F848301B0706D52A1D31462046FFF71F
:10A52000F3FE03B0F0BDD5E90703DFF8D4C01B1A72
:10A53000DB10002147F6FF77CAB2934201F1010117
:10A54000EAD900EBC20E40F83270CEF804C0F3E74F
:10A550000B6A022B01D1FFF71BFD6A1DDDE7D1E974
:10A560000273002B4ADB8268BA424FF000029A4124
:10A5700044DBD1E9043247F6FF7018184FF6FF713B
:10A5800042F10002884272F1000237D2226A102A98
:10A5900007D1E96901EBC70104313046FFF722FF1B
:10A5A00095E7202A2AD1EA6902EBC70253608EE7B9
:10A5B000D1E90213002B21DB82688A424FF00002AE
:10A5C0009A411BDBD4E9043247F6FF7018184FF6A6
:10A5D000FF7742F10002B84272F100020ED2226A05
:10A5E000102A03D1EB6903EBC101D6E7202A05D17C
:10A5F000EA6942F831306AE7002092E7022090E7EA
:10A600000180FFFF10B50C1A042C134607DD01462C
:10A610002246184620F04AFF0346181910BD04BF11
:10A6200002681A60F9E700002DE9F84390F8483015
:10A630005B072DED028BD1E9008904460D4624D538
:10A6400000F13C03994220D0C06B636CA9EB080772
:10A650001B1ABB4220D2654B9F4201D92BF077F8E1
:10A6600038462AF067FD4946024606464046FFF74F
:10A67000C9FFE06B18B1616C091A2AF041FDE6636D
:10A680003E446664E36B3B442364594F9FED598A13
:10A69000DFED598A00269AE0226C121A974205D8FB
:10A6A000024649464046FFF7ADFFEBE7042A0EDDC0
:10A6B000414620F0FBFED4E90F302E686A68C31AC9
:10A6C000F118521A042A07DD20F0F0FEDAE704BF81
:10A6D000D8F800300360EEE704BFF3580360D1E719
:10A6E00002EB860393ED000A63794FEA8608B3B163
:10A6F000D4E904239B1A9B107B439E420FD22C204B
:10A7000000FB0620B8EEC00A0AF04AFED4E90C327B
:10A71000934298BF0133BDEEC00A98BF2363D4E9CA
:10A7200007135B1AB6EBE30F40D22379F000A3B115
:10A73000D4E90C239A4201D8637973B90A1810EE50
:10A7400010CA53686345ACBF5360C2F804C00B58CD
:10A750006345D4BF0B5041F800C00B180A585B6822
:10A760009B1A981E4FF6FD7188421FD8A179E9B94E
:10A7700007EE903AF8EEE77AB8EEC00A88EE277A4C
:10A78000D4ED0E7A67EE277A07EE102A20EE270A1C
:10A79000B8EEC77AF0EE686AE7EE276ABDEEC00A47
:10A7A000B8EEC00A30EE660ABDEEC00A10EE101A0E
:10A7B000124B2A689942B8BF19460B4647F6FF71FB
:10A7C0008B42D4BF42F8083042F808100136D5E970
:10A7D0000023A1689B1A9B108B4228BF0B469E4208
:10A7E000FFF47EAFBDEC028BBDE8F883FCFFFF7F7A
:10A7F000A38B2EBA00FF7F4700FEFF460180FFFFBC
:10A80000002070470520704710307047084B10B586
:10A81000044640F8083B0CF0CFFF064B23601C3386
:10A82000A3600023C4E90433A361204610BD00BF28
:10A83000FC8A0408148B0408084B10B503601C3311
:10A8400004468360006918B1A169091A2AF058FC0E
:10A8500004F108000CF048FF204610BD148B0408DA
:10A8600008B570B1B0F1005F06D3B0F1804F01D3ED
:10A870002AF06DFF2AF068FFBDE8084080002AF04A
:10A8800059BC08BD38B50F4BC0E90031136883606F
:10A890005368C360044613B15A6801325A600025F8
:10A8A000C4E90555C4E90755C4E9095525820420C2
:10A8B0002AF040FC031D20620560A362636220460B
:10A8C00038BD00BF608B040870B5D0E9055604465A
:10A8D000B54207D1A06850B104F11401BDE8704041
:10A8E00008F046BA55F8040B01F03FF9F0E770BDE7
:10A8F00038B5D0E90545AC4200D138BD54F8040B59
:10A9000001F044FBF7E700002DE9F84FD0E90832E9
:10A910009342044600F1200918BF43624FF000083B
:10A92000D4E905239B1AB8EBA30F02D34846BDE830
:10A93000F88F52F828004FEA880500F05BFE78B1E6
:10A9400003681B69984758B16369585900F038FF8C
:10A95000D4E909329342834605D043F8040B63627D
:10A9600008F10108DCE7D4F820A06FF06047A3EB02
:10A970000A05B7EBA50F4FEAA50202D114482AF049
:10A98000ECFE534514BF11460121521802D29742E2
:10A9900028BF17463846FFF763FF002D40F805B083
:10A9A000064603DD2A46514620F080FD0435354435
:10A9B000BAF1000F05D0A16A5046A1EB0A012AF0B6
:10A9C0009FFBC4E9086506EB8706A662C8E700BFDF
:10A9D000026A040870B5D0E905460D46B44200D1BC
:10A9E00070BD54F8040B294600F0B2FEF6E738B506
:10A9F000D0E90545AC4200D138BD54F8040B00F055
:10AA0000C1FEF7E738B5D0E90545AC4200D138BD05
:10AA100054F8040B00F0C5FEF7E738B5D0E905455A
:10AA2000AC4200D138BD54F8040B002100F0E8FD21
:10AA3000F6E738B5D0E905452DED028BB0EE408A3A
:10AA4000AC4202D1BDEC028B38BD54F8040BB0EE21
:10AA5000480A01F02DFBF3E710B50446006810B179
:10AA600003685B689847204610BDF8B5D0E90567D4
:10AA7000BE42044607D0354628460435FFF7ECFFB2
:10AA8000AF42F9D1A66100232382F8BD70B5174B00
:10AA900003600446FFF7E9FF206A18B1A16A091AAA
:10AAA0002AF02EFBD4E90556AE4219D1606918B1DF
:10AAB000E169091A2AF024FBE5687DB16B68013B66
:10AAC0006B605BB92B6828469B689847AB68013B75
:10AAD000AB601BB92B682846DB689847204670BDE1
:10AAE0002846FFF7B9FF0435DEE700BF608B040896
:10AAF00010B50446FFF7CAFF20462C212AF000FBC0
:10AB0000204610BD2DE9F84FD0E9008692466FF03F
:10AB10006043A6EB0802B3EBA20F074689464FEA53
:10AB2000A20402D123482AF018FE464514BF22464B
:10AB30000122A418A1EB080B2DD274B39C4228BFAC
:10AB40001C46A0002AF0F6FA0546DAF8003045F86F
:10AB50000B300023CAF8003029464346994503F1DB
:10AB600004021CD1A2EB08022A4418461146B34243
:10AB70001AD11B1AD618B8F1000F05D0B968404693
:10AB8000A1EB08012AF0BCFAC7E9005605EB8405E1
:10AB9000BD60BDE8F88F1C46D3E72546D5E71B68A6
:10ABA00041F8043B1346D9E753F804CB41F804CBF2
:10ABB000DDE700BF026A04084B1EDBB2012B2DE962
:10ABC000F34104460F4678D84FF00008238A9F428D
:10ABD00023DB04F11408268AB74240DC63680022B4
:10ABE0009A70226AA36A9B1AB6EBA30F61D9676AAF
:10ABF0003046BF1AFFF734FED4E90882A2EB080200
:10AC0000002A05464CDD414620F050FCA16A404632
:10AC1000A1EB08012AF074FA45E06569A669013BD9
:10AC2000DBB205EB83052B1DB34208D1A0690438C4
:10AC3000A061FFF711FF238A013B2382C6E7F61AC2
:10AC4000B610002EF2DD28686B68C5F8048045F860
:10AC5000043B10B103685B689847013EF1E74FF48D
:10AC60000E702AF067FA06F15801C9B2626805460B
:10AC700001F0D6FFD4E90613994201950BD041F8B3
:10AC8000045B00230193A16101A8FFF7E5FE238A7D
:10AC9000013323829FE701AA4046FFF733FFF3E722
:10ACA000B8F1000FB2D12F44256205EB860567622B
:10ACB000A562012002B0BDE8F0810020FAE7012082
:10ACC000704700207047808B7047704706207047A0
:10ACD0000320704707207047072070470120704706
:10ACE000034A034692E8030083E8030018467047CE
:10ACF0009C010010A1F11C01F2E7A1F11001EFE7A6
:10AD0000024B187880F00100704700BF89300120A5
:10AD1000034A034692E8030083E80300184670479D
:10AD200070000010A1F10801FFF7F2BFC1F30E019E
:10AD300021B9B0F89A10A0F89C107047B0F898307C
:10AD4000A0F89A30F7E77F29B7EE007A15DD7F2368
:10AD5000C0F82C3207EE903AD0ED8D6AB8EEE76A73
:10AD6000002BC6EE267AF0EEE77A77EE877A01DAE4
:10AD7000C7EE277AC0ED8C7A70476FF07E038B4266
:10AD8000B8BF0B46C0F82C320029E3D1F0EE477A69
:10AD9000F0E77047C06810B103685B6818477047F8
:10ADA000002070477047C3680C301B68184710B507
:10ADB000102104462AF0A4F9204610BD08B5FFF77B
:10ADC000F6FF08BD10B5182104462AF099F920466F
:10ADD00010BD0000094B10B503F15C020360026175
:10ADE00003F19002E833C363054BC26104460022BD
:10ADF0001A7019F0B3FE204610BD00BF0890040879
:10AE000089300120A0F11C00E4E7A0F11000E1E787
:10AE1000A0F13C00DEE700BF10B50446FFF7DAFF03
:10AE200020464FF4B8712AF06BF9204610BDA0F10E
:10AE30003C00F1E7A0F11C00EEE7A0F11000EBE709
:10AE4000074B10B59942044604F10C04084605D09E
:10AE500004492AF041FA002808BF0024204610BD0A
:10AE60003C910408C88B040810B504467AB10A68FE
:10AE7000C36E9A420BD10A7990F870309A4206D18B
:10AE8000C06D03689B699847002384F8683010BD43
:10AE9000A0F12800FFF7E8BF18212AF031B918B156
:10AEA000302359432AF02CB97047000008B50346F7
:10AEB00078B1084A904206D9074A904201D92AF04F
:10AEC00046FC2AF041FC30205843BDE808402AF0F7
:10AED00031B908BDAAAAAA02555555051AB1012AC9
:10AEE00004D000207047024B0360FAE70160F8E7E6
:10AEF000C48E04081AB1012A04D000207047024B06
:10AF00000360FAE70160F8E7748E04081AB1012AB9
:10AF100004D000207047024B0360FAE70160F8E7B5
:10AF20001C8E04081AB1012A04D000207047024B7D
:10AF30000360FAE70160F8E7BC8D04081AB1012A42
:10AF400004D000207047024B0360FAE70160F8E785
:10AF50006C8D04081AB1012A04D000207047024BFE
:10AF60000360FAE70160F8E7148D04082AB1012AAA
:10AF700006D0022A05D10B6800E0034B036000E015
:10AF800001600020704700BFB88C040803681847B0
:10AF90001AB1012A04D000207047024B0360FAE77F
:10AFA0000160F8E7A88C040808B50368002B02DAF2
:10AFB0000C482AF0D2FB8B420AD9B3EB410F4FEA7F
:10AFC000410205D2002AB6BF6FF000430260036061
:10AFD0000068013001D52AF0B7FBBDE808402AF02F
:10AFE000A9B800BF1C6A040810B54FF484702AF099
:10AFF000A1F8012104461FF06DFA0B4B236003F109
:10B000006402226103F17C02A26103F1B002626278
:10B0100003F1D40203F59673A364044BA2620122E8
:10B020001A70204610BD00BFD4C90408A830012002
:10B0300010B5CC202AF07EF8012104461CF0E2F87D
:10B040000A4B236003F16802226103F18002A261CE
:10B0500003F1B402626203F1D80203F59873A364AA
:10B06000034BA26201221A70204610BDC8C004081A
:10B070008C30012010B54FF4B8702AF05BF8002135
:10B0800004461AF061FB074B236003F15C02226166
:10B0900003F19002E833E363034BE26101221A708B
:10B0A000204610BD089004088930012010B54FF4E7
:10B0B00084702AF03FF8002104461FF00BFA0B4B76
:10B0C000236003F16402226103F17C02A26103F1B7
:10B0D000B002626203F1D40203F59673A364044BD9
:10B0E000A26201221A70204610BD00BF90C8040859
:10B0F000A930012010B5CC202AF01CF8002104460C
:10B100001CF080F80A4B236003F16802226103F10E
:10B110008002A26103F1B402626203F1D80203F576
:10B120009873A364034BA26201221A70204610BDDB
:10B1300080BF04088D30012010B5482029F0FAFFA7
:10B14000044619F00FF9204610BD50F8083B1B1AB1
:10B1500058425841704710B50446FFF7F6FF30B922
:10B16000A16820680131BDE8104029F0C9BF10BDB9
:10B170002DE9F04104460E4602F108050027B442CD
:10B18000A5F1080001D1BDE8F08145F8085C204632
:10B19000FFF7DBFF04F10808F0B16268013203D069
:10B1A00041462846F1F79CF9636845F8043CD4E928
:10B1B0000623C4E900872772C5E90423D4E90823DC
:10B1C000C5E9062394F8283085F820302046FFF79B
:10B1D000C2FF30343035D2E7236845F8083CA36815
:10B1E0002B60E1E72DE9F04381EAE174A4EBE1741F
:10B1F000CF0FB5B006462346012542F20F7142F249
:10B200001072092B02D9632B40D801357B1906F146
:10B2100008020F2B3260019306D9002101A8FFF725
:10B22000C3FE019B3060B360DDF80480B8F1000F0D
:10B2300005D0B8F1010F306835D12D230370336884
:10B24000C6F80480002203F80820D6F800802149BF
:10B25000C92208EB070901A8F1F742F94D4464221D
:10B26000632C25D8092C85BF34AB03EB4404303460
:10B2700014F8CB3C86BF89F8013014F8CC4CE4B20A
:10B28000304608F8074035B0BDE8F083B3F57A7F63
:10B2900001D20235BAE78B4201D80335B6E704354F
:10B2A000B3FBF2F3ADE742462D2120F09FF9C6E74C
:10B2B000B4FBF2F102FB11430C4634A901EB43034A
:10B2C00013F8CB1C05F8011C13F8CC3C05F8023D23
:10B2D000C6E700BF346A04084368013B10B5044662
:10B2E000436063B903689B689847A368013BA36008
:10B2F0002BB923682046DB68BDE81040184710BD15
:10B3000038B50B684D6883600446C068854207D035
:10B3100015B16B6801336B6008B1FFF7DDFFE560C5
:10B3200038BD836810B5044613B10322014698471F
:10B33000204610BD0B4B70B50360002304468360AC
:10B34000182029F0F7FE01230646C0E90133064B19
:10B3500046F80C3B0546304608F0DCFFC4E90265C0
:10B36000204670BD289D04080C91040810B51020DB
:10B3700029F0E0FE0446FFF7DDFF204610BD08B5CA
:10B3800083780BB920F05CF808BD0000F7B500F138
:10B390000804032520465D4B5D490095002205F019
:10B3A00015FC20465B4B5C4900950122012605F007
:10B3B0000DFC2046594B5A490095022205F006FC27
:10B3C0002A462046574B5849009605F0FFFB204679
:10B3D000564B57490095042205F0F8FB2046554B83
:10B3E00055490095052205F0F1FB2046534B544981
:10B3F0000095062205F0EAFB2046524B5249009583
:10B40000162205F0E3FB0B272046504B50490095D0
:10B41000172205F0DBFB20464E4B4F4900970722D1
:10B4200005F0D4FB20464D4B4D490097082205F00E
:10B43000CDFB20464B4B4C490096092205F0C6FB3C
:10B4400020464A4B4A4900950A2205F0BFFB3A467E
:10B450002046484B4849009505F0B8FB2046474B2D
:10B46000474900950C2205F0B1FB2046454B464963
:10B4700000960D2205F0AAFB2046444B4449009655
:10B480000E2205F0A3FB2046424B434900960F22B3
:10B4900005F09CFB2046414B41490096102205F0E7
:10B4A00095FB2123009320463E4B3F49112205F096
:10B4B0008DFB20463D4B3E490095142205F086FB4E
:10B4C00020463C4B3C490096122205F07FFB20466B
:10B4D0003A4B3B490096132205F078FB2046394B46
:10B4E00039490096152205F071FB2046374B384943
:10B4F0000095182205F06AFB364B37490096192251
:10B50000204605F063FB03B0F0BD00BFFD6A0408F0
:10B51000146B04081A6B0408306B0408386B0408B9
:10B520004A6B0408516B04085B6B0408636B0408E6
:10B530006F6B0408766B04088B6B0408966B040829
:10B54000B06B0408BB6B0408D76B0408E46B0408F9
:10B55000FF6B04080B6C0408256C04082D6C0408B0
:10B560004C6C0408546C04080D860408656C0408CF
:10B570007A6C0408836C0408A26C0408B06C04089C
:10B58000EF6C0408F76C0408036D04080D6D0408E3
:10B590001B6D0408226D04082D6D0408346D040829
:10B5A0003F6D0408486D0408796D0408836D040834
:10B5B000AD6D0408BE6D0408E56D0408F16D040866
:10B5C000186E0408246E0408396E04083D6E0408E1
:10B5D000846E0408706E0408896E040810B5044671
:10B5E000C06D0368DB6A984710B994F8590010BD24
:10B5F000FF20FCE7C06D10B103685B6A1847704715
:10B600004FF07C5210B5C0F88C204FF07A52C0F841
:10B6100090200C46FFF7EEFF28B1036821465B6AD5
:10B62000BDE81040184710BD07EE901AF8EE677A93
:10B63000F8B580F82422044680F8251217EE900A07
:10B640001546F1F74BF90E4B0022F0F7E9FF07EE34
:10B65000905AF8EE677A064617EE900A0F46F1F711
:10B660003DF9074B0022F0F7DBFF02460B46304660
:10B670003946F1F7B5FAF1F781FCC4F82802F8BDB4
:10B680000000F03FD0B504462DED028BB0EE408AAD
:10B690003AB947F6FF7342600360BDEC028B204667
:10B6A000D0BD07EE902ADFED136AF8EE677A86EEDA
:10B6B000A77A27EE007ABDEEC77A80ED007A17EE02
:10B6C000900AF1F70BF902460B4600204FF080413B
:10B6D000F1F786FA064618EE100A0F46F1F7FEF863
:10B6E00002460B4630463946F1F750F9F1F746FC71
:10B6F0006060D2E700FF7F47D0B50446084601B33B
:10B700000B689B69984710EE100AF1F7E7F80E4BAB
:10B710000022F1F73BF90646D4F828020F46F1F76C
:10B72000DDF80B46024639463046F1F72FF9F1F7BE
:10B7300025FC94F8FC3000EE100A0BB1B1EE400A83
:10B74000D0BD9FED020AFBE70080764000000000BC
:10B7500038B50546C06D03680C461B690021984743
:10B7600034B14FF07C53C5F88C300023C5F89030CD
:10B77000E86D03682146DB6998476B6D84F001042E
:10B780001C7038BD10B50446C06D48B10368002177
:10B790001B699847E06D0368BDE810405B69184776
:10B7A00010BD4FF07C53C0F88C300023C0F89030AF
:10B7B000C06D10B103689B6918477047B43070477B
:10B7C0009FED0D7AD0ED307A67EE877AF4EEC77A86
:10B7D000F1EE10FA0DDC9FED097AF4EE477AF1EE06
:10B7E00010FA48BFF0EE477AFDEEE77A17EE900ABE
:10B7F0007047F0EE477AF7E70000004F000000CFF7
:10B80000D0F8BC3090ED427AB0F906015B4207EE09
:10B81000903AF8EEE77A67EE877AFDEEE77A17EE70
:10B82000903A834203DC40429842B8BF18467047C2
:10B8300007EE901ADFED096A80F80411F8EE677AD6
:10B84000B6EE007AA7EEA67A01EB8103C3EBC30341
:10B85000A0F8063180ED427A704700BF0AD7233C3A
:10B8600038B5184613780D46144613B909B109F0D6
:10B87000B7FD257038BD000038B500232DED028BD3
:10B880000446C0F8EC3019B9FFF7BAFFC4F8EC0071
:10B8900094F8443183B307EE903A94ED2E7AD4F8BD
:10B8A0004031F8EE677A04F5D07067EE877A94ED50
:10B8B0000D7A67EE877A07EE103AB8EEC70AF4EE13
:10B8C000C07AF1EE10FA0BDC5B4207EE103AB8EEEC
:10B8D000C70AF4EEC07AF1EE10FA58BFB0EE670A6C
:10B8E00009F05EFDD4ED3B7AF8EEE77A77EEC07AA8
:10B8F000FDEEE77AC4ED3B7A94F8463183B307EE68
:10B90000903A94ED2D7AD4F84031F8EE677A04F548
:10B91000FC7067EE877A94ED0E7A67EE877A07EE11
:10B92000103AB8EEC70AF4EEC07AF1EE10FA0BDC6A
:10B930005B4207EE103AB8EEC70AF4EEC07AF1EEB9
:10B9400010FA58BFB0EE670A09F02AFDD4ED3B7A31
:10B95000F8EEE77A77EEC07AFDEEE77AC4ED3B7A4F
:10B9600094F84551002D77D0DFED417AD4ED2E8A41
:10B970009FED407A68EEA78AB7EE008AF0EEE87A8B
:10B98000F4EEC77AF1EE10FA1CD59FED3B7A67EE24
:10B99000877A17EE900AF0F7A1FF384B0022F0F7F4
:10B9A0003DFE2FA3D3E90023F0F7F0FFF1F7E6FA0D
:10B9B00000EE100A26F01CF830EE080AB6EE008AF7
:10B9C00020EE088AF5EEC08AF1EE10FA07EE905AE2
:10B9D000ACBF01234FF0FF3307EE103AF8EE677A61
:10B9E000B8EEC77A67EE887A67EE877A17EE900A24
:10B9F000F0F774FF1CA3D3E90023F0F7C7FF204B37
:10BA00000022F0F7C3FFF1F7B9FAD4F8403107EE9E
:10BA1000103A07EE900AB8EEC70A04F5E670F4EEA5
:10BA2000C07AF1EE10FA0BDC5B4207EE103AB8EE8A
:10BA3000C70AF4EEC07AF1EE10FA58BFB0EE670A0A
:10BA400009F0AEFCD4ED3B7AF8EEE77A77EEC07AF7
:10BA5000FDEEE77AC4ED3B7ABDEC028B38BD00BF4A
:10BA6000182D4454FB210940666666666666E63F0B
:10BA70000000344200008045000080390000E03FB3
:10BA80000000404030B52DED028B0446182583B0F0
:10BA9000B0EE408A2A460021B4301FF0A7FDB0EE78
:10BAA000480AB4F8982084ED318A21466846FFF7A9
:10BAB000E9FD009BC4F8BC30019BC4F8C0302A46A5
:10BAC000002104F1CC001FF091FD04F5A47009F0F1
:10BAD00087FC04F5BA7003B0BDEC028BBDE83040C2
:10BAE00009F07EBC70B500F1B406044600F1CC0547
:10BAF0000FCE2DED028B0FC596E8030082B085E8CE
:10BB00000300B4F8982084ED310A21466846B0EE6F
:10BB1000408AFFF7B7FDD4ED377A009BC4F8BC30FC
:10BB200038EE678AD4ED4F7A019BC4F8C03028EE16
:10BB3000278A04F5A470B0EE480A09F031FC84EDC0
:10BB40002E0A94ED390A04F5BA7038EE400A09F06D
:10BB500027FCD4ED4F7A84ED398A67EE807AC4ED04
:10BB60002D7A02B0BDEC028B70BD30B52DED028B8D
:10BB7000C36D83B0044633B903B0BDEC028BBDE89E
:10BB8000304010F06BBDFFF735FD01462046FFF752
:10BB9000B3FDB4F89C50B4F89830AB42B0EE408A94
:10BBA0000ED02A4621466846FFF76CFD009B002B0D
:10BBB000B8BF5B4247F6FE729342D8BFA4F89850D4
:10BBC000B4F89820B0EE480A21466846FFF75AFDBF
:10BBD000009B002BB8BF5B42B3F5803F15DBE06DE7
:10BBE00003681B6A984798B1E06D03685B699847E2
:10BBF00010F034FD94F8683053B9012384F86830AC
:10BC000004F16C0008F0A8FD02E0B3F5004F1BDB67
:10BC100094F80C3173B1E06D03681B6A984748B122
:10BC2000002384F80C314FF07E53C4F88C3000238D
:10BC3000C4F89030B0EE480A204603B0BDEC028B49
:10BC4000BDE83040FFF74EBF002384F86830DFE7DF
:10BC500008B507EE901A2DED028BF8EEE77A9FED0E
:10BC60000E8AD0ED8C0A87EE880AB5EEC00AF1EE96
:10BC700010FA0CD5B1EE400A25F03AFE20EE480A43
:10BC8000BDEC028BBDEEC00A10EE100A08BD25F017
:10BC90002FFE20EE080AF3E700FEFF4690F8F03092
:10BCA000DFED0B6A07EE903AF8EE677AB0F8F23003
:10BCB00087EEA67A07EE903ADFED066A80ED3E7ACF
:10BCC000F8EE677A87EEA67A80ED3D7A704700BF7E
:10BCD00000007F4300FEFF46F8B5D0F8BC30B3F556
:10BCE000004F05464CDA13F5004F4BDC4FF0FF34A4
:10BCF00007EE904AB8EEE77AD5ED317A67EE277A0B
:10BD000017EE900AF0F7EAFD0646B5F8980007EE40
:10BD1000900AF8EE677A0F4617EE900AF0F7DEFD0C
:10BD2000194B0022F0F732FE0B46024639463046E8
:10BD3000F0F774FCF1F722F995F8FD30D5ED406A83
:10BD400007EE103AB8EE477A07EE900A27EE267A09
:10BD5000634227EE277A07EE903AF8EEE77A0B4B2C
:10BD600067EE877AFDEEE77A17EE900A9842B8BF41
:10BD7000184647F6FF739842A8BF184600B2F8BDB0
:10BD80000124B5E70020FAE70000E03F0180FFFF53
:10BD9000C0F8E8107047000070B5D0F8E830002B0C
:10BDA000B8BF5B4247F6FE7293422DED028B04460C
:10BDB0000E4601DD10F05CFCD4ED8C7AD4F8E8106E
:10BDC000B7EE008AF4EE487AF1EE10FA03D020467E
:10BDD000FFF73EFF014607EE901A94ED3E7AD4F845
:10BDE000EC30F8EEE77A204667EE877AFDEEE77AE8
:10BDF00017EE905A1D44FFF76FFF431907EE903A74
:10BE000094ED3D6AB4F89E10B4F8F220F8EEE77AAB
:10BE100067EE867AFDEEE77A17EE903A00294FD06A
:10BE2000002BB7EE007AFFEE007AC8BFF0EE477A3B
:10BE300007EE101AD4ED2E6ADFED525AB8EE477AAB
:10BE400096EEA77A07EE901AF8EEE77AC5EEA76AA3
:10BE5000D4ED2A7A66EE876A94ED2B7A66EEA77A9D
:10BE6000A6EE277A07EE902AF8EEE77AB4EEE77AA4
:10BE7000F1EE10FA08DCDFED447AB5EEC07AF1EEAF
:10BE800010FA58BFF0EE477A94ED297AC4ED2B7A78
:10BE9000E7EE267A002B07EE103AB8EEC77A57DDA8
:10BEA000F4EEC77AF1EE10FA61DCF5EEC07AF1EE4D
:10BEB00010FA5FD437EE677AFDEEC77A17EE903A44
:10BEC000D4F8A010D4F8E00031B10D189D4254DB35
:10BED000411A8B42B8BF0B4694F8681094ED247A4F
:10BEE0000029B4EEC87A18BF0023F1EE10FA13D57A
:10BEF00007EE903AF8EEE77A94ED236AD4ED4F6AB4
:10BF000067EE877AFDEEE77A17EE903AC6EE267A6C
:10BF100077EE877AC4ED247A94F8FC1001B15B4285
:10BF20009A42C4F8C8302ADB55429D42B8BF1D462C
:10BF30001C1A85EAE573A3EBE57318BF01249A4246
:10BF400001D110F095FBBDEC028B2046356070BD31
:10BF5000F5EEC07AF1EE10FA0CD4F1EE677AF4EE59
:10BF6000477AF1EE10FA48BFF0EE477AA2E7F0EE1A
:10BF7000477A9FE7DFED047A9CE72B46ACE715464E
:10BF8000D6E700BF00FEFF460000000013B501A980
:10BF90000446FFF701FF68B1E06D03681B6A98472C
:10BFA00040B1E06DBDF9041003681B6902B0BDE843
:10BFB0001040184702B010BD38B580F83A1100EBB8
:10BFC0008101D0ED4F7AB1F80E3100EE103AB8EEA3
:10BFD000C00A044600F5A47580EE270A284609F039
:10BFE000EDFC94F83A3104EB830393F81001F0F779
:10BFF00063FC00222D4BF0F7F3FDF0F7BFFF00EEDE
:10C00000100A284609F0F2FC94F83A31D4ED4F7A40
:10C0100004EB830304F5BA75B3F81E3100EE103A51
:10C02000B8EEC00A284680EE270A09F0C7FC94F84B
:10C030003A3104EB830393F82001F0F73DFC002232
:10C040001A4BF0F7CDFDF0F799FF00EE100A2846E5
:10C0500009F0CCFCB4F82E31D4ED4F7A00EE103A52
:10C06000B8EEC00A04F5D07080EE270A09F0A6FCED
:10C07000B4F8363104F5FC7000EE103AD4ED4F7A86
:10C08000B8EEC00A80EE270A09F098FCB4F8323105
:10C0900004F5E67000EE103AD4ED4F7AB8EEC00A1F
:10C0A000BDE8384080EE270A09F088BC00005940FE
:10C0B00090F83A1180ED4F0AFFF77EBF0346C3F3B5
:10C0C0008512002062F3070003F03F0382B063F3A0
:10C0D0000F2002B07047830103F47C63C0F3052096
:10C0E00082B0184302B0704710B5828F0446806D4D
:10C0F000FFF7F1FF014610460FF014FEB4F89E1052
:10C10000E08F0FF00FFE94F8F03094F8FD10B4F8C3
:10C11000420043EA01210FF005FEB4F8F210B4F832
:10C1200044000FF0FFFDB4F8981094F8FC30B4F818
:10C130004600C1F30E0141EAC33189B20FF0F2FDAE
:10C1400094F8043194F84411B4F8480043EA01210A
:10C150000FF0E8FDB4F84511B4F84A000FF0E2FD25
:10C16000B4F82412B4F84C0049BA89B20FF0DAFDE1
:10C1700094F83A11B4F84E000FF0D4FD94F82C1254
:10C18000B4F85000BDE810400FF0CCBD10B5044627
:10C19000006808B1FFF7A0F8204610BD1B4B10B592
:10C1A00003F12C020360843304468260836200F54D
:10C1B000FC7009F0F1F804F5E67009F0EDF804F50B
:10C1C000D07009F0E9F804F5BA7009F0E5F804F563
:10C1D000A47009F0E1F804F17400FEF7BCFF04F16B
:10C1E0006400FFF7D3FFE06D10B103685B68984708
:10C1F00004F1280008F09CF904F1080004F004FAA6
:10C2000020460BF071FA204610BD00BF708F040865
:10C21000A0F10800FFF7C2BFA0F12800FFF7BEBFE2
:10C2200010B50446FFF7BAFF20464FF40E7128F010
:10C2300067FF204610BDA0F12800FFF7F1BFA0F175
:10C240000800FFF7EDBF0022C0E9002282607047BE
:10C2500038B500230446C0E9003383600D46FFF77C
:10C26000F2FF034BE360034B2560A360204638BD1B
:10C270008DAF01086DAF0108826810B50AB929F0C9
:10C2800073FABDE81040C368184700002DE9FF416C
:10C29000036BD3E9003204460F469A4203D10023D0
:10C2A00084F859302CE09988B94203F12803F4D17D
:10C2B000E06D0368DB6A984705460028EFD1236BE1
:10C2C00084F85970D3E90068464526D1102028F03B
:10C2D00031FF0123C0E90133204B03600023CDE986
:10C2E0000033236EC56002932566636E606603A803
:10C2F0000393FFF74BFF01A8FFF748FFE06D00BB7A
:10C300002046FFF777F901462046FFF7F5F920466A
:10C3100004B0BDE8F041FFF7B5BBB388BB420ED116
:10C3200006F11800FFF7A8FF48B133690BB929F0EF
:10C330001BFA736906F1080098470546878028367E
:10C34000C2E70368DB6A98470028D9D1E06D03682B
:10C3500004F160019B6A9847D2E700BF2891040866
:10C36000C36AD3E900322DE9F04104460E469A42F1
:10C3700001D1BDE8F0819988B14203F12803F6D1DB
:10C38000F9F788FFE36A0027D3E9005812E0AB8889
:10C39000B3420ED105F11800FFF76EFF48B12B69CB
:10C3A0000BB929F0E1F96B6905F1080098470746D8
:10C3B000868028354545EAD1E06DE76510B1036810
:10C3C0005B689847E06D18B9BDE8F041F9F784BFA4
:10C3D00084F858600368DB6A984728B9E06D036801
:10C3E00004F160019B6A9847FBF72EFE28B9636D44
:10C3F00058702046FFF7C6F9E6E7E06D03689B69D1
:10C400009847E1E730B585B004460122808F694640
:10C410000FF0B6FC002800F0F480BDF80000FFF734
:10C420004DFEA4F8580094F858102046FFF798FFE6
:10C4300094F859102046FFF729FFE08F0122694642
:10C440000FF09EFC002800F0DF80BDF80030A4F85B
:10C450009E30B4F8420001220DF102010FF090FC71
:10C4600030B1BDF8023084F8F0301B0A84F8FD309A
:10C47000B4F84400012201A90FF082FC30B1BDF8EC
:10C480000430A4F8F2302046FFF708FCB4F8460068
:10C4900001220DF106010FF073FC58B1BDF8063012
:10C4A000C3F30E01DB0BA4F8981084F8FC3020468F
:10C4B000FEF73CFCB4F84800012202A90FF060FC32
:10C4C000002800F0A480BDF808509DF80810204610
:10C4D000FFF7AEF904F5A27204F5D073290AFFF74D
:10C4E000BFF9B4F84A00012202A90FF049FC90B14B
:10C4F0009DF8081004F5E67304F245122046FFF794
:10C50000AFF9BDF8081004F5FC7304F5A372090A2D
:10C510002046FFF7A5F9B4F84C0001220DF10A01FD
:10C520000FF02EFC38B1BDF80A209DF80A10120A4F
:10C530002046FFF779F8B4F84E00012203A90FF066
:10C540001FFC00284DD09DF80C3084F83A3104EBE4
:10C550008303D4ED4F7AB3F80E3100EE103AB8EE03
:10C56000C00A04F5A47580EE270A284609F026FAC9
:10C5700094F83A3104EB830393F81001F0F79CF937
:10C580000022274BF0F72CFBF0F7F8FC00EE100A26
:10C59000284609F02BFA94F83A31D4ED4F7A04EB9F
:10C5A000830304F5BA75B3F81E3100EE103AB8EE05
:10C5B000C00A284680EE270A09F000FA94F83A31BA
:10C5C00004EB830393F82001F0F776F9144B002273
:10C5D000F0F706FBF0F7D2FC00EE100A284609F04F
:10C5E00005FAB4F8500001220DF10E010FF0C8FB5E
:10C5F00098B19DF90E10204605B0BDE83040FEF719
:10C60000A2BB10F02BF80EE710F028F821E794F801
:10C6100004112046FFF70CF963E705B030BD00BFF9
:10C62000000059402DE9F047D0E901439C420546FE
:10C63000894614D00A88002304F10801C4E90623BE
:10C640002372C4E9001300220023C4E90823022353
:10C6500084F82830436830334360BDE8F0871D4AD2
:10C660000121FDF731FE2F688046FEF71FFCA4EB89
:10C67000070A00EB0A030646B9F8001003F10800A8
:10C68000002246F80A00C3E906125A601A72002016
:10C6900000210222C3E9080183F8282021463246FE
:10C6A0003846FEF765FD214600F130022046FEF7D0
:10C6B0005FFDA968084BC91B091104465943384658
:10C6C000FEF7EDFB3023C5E9006403FB0866AE60AE
:10C6D000C3E700BF026A0408ABAAAAAA2DE9F04783
:10C6E000D0E901439C420546894614D00A780023CC
:10C6F00004F10801C4E906232372C4E900130022EF
:10C700000023C4E90823022384F828304368303327
:10C710004360BDE8F0871D4A0121FDF7D5FD2F6874
:10C720008046FEF7C3FBA4EB070A00EB0A030646AC
:10C7300099F8001003F10800002246F80A00C3E946
:10C7400006125A601A72002000210222C3E9080171
:10C7500083F82820214632463846FEF709FD214657
:10C7600000F130022046FEF703FDA968084BC91B03
:10C770000911044659433846FEF791FB3023C5E9B9
:10C78000006403FB0866AE60C3E700BF026A0408EA
:10C79000ABAAAAAA2DE9F047D0E901439C4205467D
:10C7A000894615D00B6804F10802D91722600022CF
:10C7B0002272C4E90631626000230022C4E9082322
:10C7C000022384F82830436830334360BDE8F087A3
:10C7D0001D4A0121FDF778FD2F688046FEF766FBB4
:10C7E000A4EB070A00EB0A030646D9F8002003F180
:10C7F000080146F80A10D0170021C3E90620596045
:10C800001972002000210222C3E9080183F82820C0
:10C81000214632463846FEF7ABFC214600F1300295
:10C820002046FEF7A5FCA968084BC91B0911044660
:10C8300059433846FEF733FB3023C5E9006403FB58
:10C840000866AE60C2E700BF026A0408ABAAAAAAE3
:10C850002DE9F84FD0E901539D4204468A4616D08F
:10C86000086829F065F805F108032B6000232B7296
:10C870006B6000220023C5E90823022385F82830D5
:10C8800063683033C5E906016360BDE8F88F1F4A6D
:10C890000121FDF719FDD4F800808146FEF706FB63
:10C8A000A5EB080B00EB0B070646DAF8000029F0B1
:10C8B0003FF807F1080346F80B3000237B603B721A
:10C8C00000220023C7E908230223C7E9060187F8ED
:10C8D0002830324629464046FEF74AFC294600F1F8
:10C8E00030022846FEF744FCA168094BA1EB080181
:10C8F0000911054659434046FEF7D1FA3023C4E9F1
:10C90000006503FB0966A660BFE700BF026A040872
:10C91000ABAAAAAA2DE9F047D0E901439C420546FB
:10C92000894614D00A78002304F10801C4E90623DB
:10C930002372C4E9001300220023C4E90823022360
:10C9400084F82830436830334360BDE8F0871D4ADF
:10C950000121FDF7B9FC2F688046FEF7A7FAA4EB8A
:10C96000070A00EB0A03064699F8001003F10800D5
:10C97000002246F80A00C3E906125A601A72002023
:10C9800000210222C3E9080183F82820214632460B
:10C990003846FEF7EDFB214600F130022046FEF757
:10C9A000E7FBA968084BC91B0911044659433846DF
:10C9B000FEF775FA3023C5E9006403FB0866AE6034
:10C9C000C3E700BF026A0408ABAAAAAA2DE9F84F80
:10C9D000D0E901439C4205468A46914613D0098816
:10C9E0001278002304F108002372C4E90003C4E9AB
:10C9F0000613C4E90823062384F828306B68303313
:10CA00006B60BDE8F88F1D4A0121FDF75DFC2F68C2
:10CA10008046FEF74BFAA4EB070B00EB0B03064630
:10CA200099F80020BAF80000002103F1080C46F83C
:10CA30000BC0C3E908210622C3E906015960197237
:10CA400083F82820214632463846FEF791FB2146DE
:10CA500000F130022046FEF78BFBA968084BC91B8A
:10CA60000911044659433846FEF719FA3023C5E93F
:10CA7000006403FB0866AE60C3E700BF026A0408F7
:10CA8000ABAAAAAA2DE9F047D0E901439C4205468A
:10CA9000894614D00A68002304F10801C4E906237A
:10CAA0002372C4E9001300220023C4E908230223EF
:10CAB00084F82830436830334360BDE8F0871D4A6E
:10CAC0000121FDF701FC2F688046FEF7EFF9A4EB8A
:10CAD000070A00EB0A030646D9F8001003F1080024
:10CAE000002246F80A00C3E906125A601A720020B2
:10CAF00000210222C3E9080183F82820214632469A
:10CB00003846FEF735FB214600F130022046FEF79D
:10CB10002FFBA968084BC91B091104465943384625
:10CB2000FEF7BDF93023C5E9006403FB0866AE607B
:10CB3000C3E700BF026A0408ABAAAAAA012A30B45C
:10CB400003D10B78037030BC7047002AFBD030BC97
:10CB5000EFF7C6BC00F1080373B5044603600D4649
:10CB600011B90F4828F0F6FD0846EFF789FA0F28AB
:10CB70000646019006D9002101A8FEF715FA019B8F
:10CB80002060A360206832462946FFF7D7FF019B4B
:10CB90002268636000212046D15402B070BD00BFFE
:10CBA000936E040813B5044901AA0446FFF7D2FFA7
:10CBB000204602B010BD00BFC56E0408A1F11C01E3
:10CBC000F0E700BF13B5044901AA0446FFF7C2FF0E
:10CBD000204602B010BD00BFE26E0408A1F10801BA
:10CBE000F0E700BF00F1080373B50360D1E9006509
:10CBF0000F2D0446019506D9002101A8FEF7D4F9AE
:10CC0000019B2060A36020682A463146FFF796FF0B
:10CC1000019B2268636000212046D15402B070BDA0
:10CC20002DE9F04F2DED028B044689B004F1080682
:10CC30000F4690460AF0C0FDDD49002340F6012270
:10CC4000304603F093FF04F1280007F051FDD94B63
:10CC5000236003F12C028433A362D74BE362D74BEA
:10CC60002363D74B6363D74BA363D74BE36303F5CE
:10CC7000403304332364D54B636403F50023063348
:10CC8000A364A3F5FF33A3F5FF730025E3644FF41A
:10CC90004373A4F85030A26084F8585084F8595077
:10CCA000102028F047FA8146FEF744FB01AAC4E9A8
:10CCB0001795C749656684F8685002A8FFF74AFFD0
:10CCC0004FF0010A1F23E36602A984F870A004F163
:10CCD0007400FFF787FF02A8FEF73DFABD49C4F8CC
:10CCE000A0504FF46172C4E92612BB4AC4F8A420D4
:10CCF000BA4AC4F8A820CC2284F8F02041F2883245
:10CD0000A4F8F22047F60172A4F8FC20B44AC4F853
:10CD1000002100234FF07E597F22C4F89430C4F8DC
:10CD2000AC30C4F8B430C4F8B830C4F8C030C4F87B
:10CD3000C430C4F8CC30C4F8D030C4F8D830C4F80B
:10CD4000DC30C4F8E430C4F8F430C4F8F83084F8C7
:10CD50000421C4E93A55C4F88C90C4F89090C4F802
:10CD6000BC50C4F8C850C4F8D450C4F8E050A4F87B
:10CD70000651C4F808319B4B84F80CA104F5877266
:10CD800003F1100153F8040B42F8040B8B42F9D164
:10CD9000954B04F58F7203F1100153F8040B42F820
:10CDA000040B8B42F9D13C23A4F82E31372384F8AD
:10CDB00030313223A4F8323114239FED8C8A84F869
:10CDC0003431A4F8363184F8383144F62063002534
:10CDD000C4F840314FF0010B1E2394F81401A4F85D
:10CDE000443184F83AB184ED4F8A84F84651EFF724
:10CDF00063FD00227E4BEFF7F3FEF0F7BFF8B4F8C7
:10CE000012319FED7C1A00EE103AB8EEC00A00EE27
:10CE1000900A80EE080A294604F5A47008F006FE80
:10CE200094F83AA104EB8A0A9AF82001EFF744FD3E
:10CE300000226F4BEFF7D4FEF0F7A0F8BAF81E31DE
:10CE4000D4ED4F7A9FED6B1A00EE103AB8EEC00A9F
:10CE500000EE900A80EE270A294604F5BA7008F021
:10CE6000E5FD94F83001EFF727FD0022604BEFF766
:10CE7000B7FEF0F783F8B4F82E31D4ED4F7A9FED7A
:10CE80005D1A00EE103AB8EEC00A00EE900A80EE8D
:10CE9000270A294604F5D07008F0C8FD94F834013B
:10CEA000EFF70AFD0022524BEFF79AFEF0F766F813
:10CEB000B4F83231D4ED4F7A9FED4E1A00EE103AAD
:10CEC000B8EEC00A00EE900A80EE270A294604F563
:10CED000E67008F0ABFD94F83801EFF7EDFC444B39
:10CEE0000022EFF77DFEF0F749F8B4F83631D4EDC3
:10CEF0004F7A9FED401A00EE103AB8EEC00A00EEED
:10CF0000900A80EE270A294604F5FC7008F08EFD91
:10CF1000394BA4F82452582FC4F82892C4F82C5244
:10CF2000C4F83092C4F8343284F8B070C4F8548035
:10CF300027D1324BE3622946304602F0F6FF304BF0
:10CF400004F13C0203F1100718685968154603C53F
:10CF50000833BB422A46F7D118689B88106093803B
:10CF60002046FFF74FFA304603F098FE2046FEF7C2
:10CF70000DFA2046FEF792FE09B0BDEC028BBDE82B
:10CF8000F08F592F42D11F4BE3625946304602F0D1
:10CF9000CCFF1D4B04F13C0203F1100718685968DF
:10CFA000154603C50833BB422A46F7D1D4E700BF74
:10CFB000E66E0408708F0408D02C0120CC2F0120CD
:10CFC000E1E0E03D1AE7333C0103040302030303FD
:10CFD000EB6E0408840384039A99993E8FC2F53C52
:10CFE0000000C841A85C0408B85C040800007A444A
:10CFF000000059400000000000004842E8290120DC
:10D00000C85C0408DC290120DE5C04085A2FA7D183
:10D010000221304602F089FF064B04F13C0203F185
:10D02000100718685968154603C50833BB422A46DD
:10D03000F7D191E7F45C04082DE9F047D0E90173DA
:10D040009F4204460D4613D03846FFF7CBFDD5E985
:10D050000623C7E90623D5E90823C7E9082395F87D
:10D06000283087F82830636830336360BDE8F08784
:10D070001C4A0121FDF728F9D4F800908246FDF7FB
:10D0800015FFA7EB09088044064629464046FFF7EE
:10D09000A9FDD5E90623C8E90623D5E90823C8E98F
:10D0A000082395F8283088F8283032463946484613
:10D0B000FEF75EF8394600F130023846FEF758F8C0
:10D0C000A168094BA1EB09010911054659434846DE
:10D0D000FDF7E5FE3023C4E9006503FB0A66A660A0
:10D0E000C4E700BF026A0408ABAAAAAA2DE9F74365
:10D0F000476804460E46154607EB0208FEF725F87A
:10D1000090B9A168884511D82DB120682A463146CA
:10D110003844FFF713FD2368C4F80480002203F8A5
:10D12000082003B0BDE8F0830F21EBE701A8CDF89C
:10D130000480FDF739FF81469FB121683A46FFF729
:10D14000FDFC36B12DB12A46314609EB0700FFF749
:10D15000F5FC2046FDF7FFFF019BC4F80090A3609B
:10D16000D9E7002EF5D0EEE738B5044608460D465F
:10D17000EEF786FF6368C3F1FF4303F5FF0303F592
:10D18000FF437F339842024602D9044828F0E5FA6B
:10D1900029462046BDE83840FFF7A8BFFE6E0408C8
:10D1A0002DE9F04F0B68A7B004460E461546192B23
:10D1B00000F2D083DFE813F01A002C004000530087
:10D1C0005700BB00C800F6009C012B025802690200
:10D1D0007D02D8028A02DC02E202E50266037603DF
:10D1E00055038003DA00E8009203BA030B6A012BAF
:10D1F00005D100F1F2012846FFF714FA11E0022BE5
:10D200000FD10B69A0F8F2302046FEF747FD08E089
:10D210000B6A022B01D0202B07D1318A2046FDF763
:10D2200085FD012027B0BDE8F08F012B01D0102B28
:10D23000F7D104F19801DEE70B6A022B01D0202B15
:10D2400003D1336984F8FD30EBE7012B01D0102BBB
:10D25000E7D104F1FD012846FFF75CFBE1E700217F
:10D26000FEF7CEF9DDE7096A01294DD16E68AB689A
:10D2700090F8FCA09E424FF000070CD006F1080386
:10D28000C6E90037C6E906A7377200230022C6E9BF
:10D290000823022392E28F4A2846FDF715F8D5F8B5
:10D2A00000808146FDF702FEA6EB080B00EB0B03A6
:10D2B00003F1080240F80B2004460021002002225E
:10D2C000C3E9080183F82820C3E906A75F601F723D
:10D2D000224631464046FDF74BFF314600F1300211
:10D2E0003046FDF745FFA9687B4BA1EB080109110A
:10D2F000064659434046FDF7D2FD3023C5E90046B6
:10D3000003FB0944AC608CE702298AD1D6E90423E7
:10D31000012A73F1000390ED310AACBF0123002311
:10D3200080F8FC30B1EE400AFEF7ACFB79E70B6AFF
:10D33000012B02D100F582718DE7022B7FF471AFD2
:10D34000097CFEF775FA6CE70B6A012B02D100F538
:10D35000A27180E7022B7FF464AF00F5D07300F573
:10D36000A272317C2046FEF77BFA5AE70B6A012B4A
:10D3700002D100F245116EE7022B7FF452AF00F5A7
:10D38000E67300F24512ECE70B6A012B02D100F5BF
:10D39000A37160E7022B7FF444AF00F5FC7300F546
:10D3A000A372DEE70B6A082B40F08180FEF716F9C6
:10D3B000236BD3E90047064618344FF000084FF0BE
:10D3C0000009A4F118039F423FF42BAF54F8183C16
:10D3D0009B79022B04D0012B06D1404B1B781BB943
:10D3E00034F8143C9E425AD110AB0E9300238DF8B2
:10D3F000403034F8141C0F9302A801238DF86030DC
:10D40000CDE91489CDE91689FDF7ECFE0F9BC3F138
:10D41000FF43DDE9021203F5FF0303F5FF437F330A
:10D420009A4202D92E4828F098F90EA8FFF75EFE1E
:10D4300002A8FDF790FE0EA82A49FFF795FE2046A8
:10D44000FEF71AFF68BB34F8142C2749274B964285
:10D4500018BF19460EA8FFF787FE22490EA8FFF74E
:10D4600083FE54F8183C0EA81968FFF77DFE20468D
:10D47000FEF702FFB8B134F8142C05238DF86030A4
:10D480000023CDE9162354F8182C9288CDE91423F3
:10D4900028460EA9FFF7D0FD0EA8FDF75CFE283444
:10D4A0008FE71149D6E703238DF86030F0E7012BB1
:10D4B00008D1FEF793F88DF868001AA92846FFF7FF
:10D4C0000DF9AEE6022B7FF4ACAE097CFEF7DEFE72
:10D4D000A7E600BF026A0408ABAAAAAA042D01208D
:10D4E000FE6E0408C27404082F8A0408136F04082F
:10D4F0000B6A082B7DD1C36A90F85860D3E90047C6
:10D500004FF0000818344FF00009A4F118039F42AF
:10D510003FF487AE54F8183C9B79022B04D0012BC2
:10D5200006D1A94B1B781BB934F8143C9E4258D144
:10D530001CAB1A9300238DF8703034F8141C1B9325
:10D5400008A801238DF89030CDE92089CDE9228902
:10D55000FDF748FE1B9BC3F1FF43DDE9081203F50D
:10D56000FF0303F5FF437F339A423FF65BAF1AA8F0
:10D57000FFF7BCFD08A8FDF7EEFD1AA89349FFF7D9
:10D58000F3FD2046FEF778FE68BB34F8142C904972
:10D59000904B964218BF19461AA8FFF7E5FD8B4934
:10D5A0001AA8FFF7E1FD54F8183C1AA81968FFF70C
:10D5B000DBFD2046FEF760FEB8B134F8142C0523DD
:10D5C0008DF890300023CDE9222354F8182C92884E
:10D5D000CDE9202328461AA9FFF72EFD1AA8FDF74A
:10D5E000BAFD283491E77A49D6E703238DF89030C5
:10D5F000F0E7012B04D190F858308DF868305CE7E3
:10D60000022B7FF40EAE097CFEF7AAFE09E60B6A38
:10D61000012B11D1FDF7EEFF70B12046FDF7EAFFB7
:10D6200003685B69984794F8FC3053B91A901AA9BB
:10D630002846FFF7AFF8F4E5336A022B03D0022047
:10D64000F0E54042F2E72046FDF7D4FF0028F6D08F
:10D650002046FDF7CFFF94F8FC20036831695B6A30
:10D6600002B149429847DCE50B6A022B01D0202B1E
:10D6700003D13369A4F89E30D3E5012B02D0102BDF
:10D680007FF4CFAD04F19E01B5E50B6A022B01D00A
:10D69000202B03D13369C4F8A030C2E5012B02D09E
:10D6A000102B7FF4BEAD04F1A0012846FFF7EAF984
:10D6B000B7E50B6A012B02D100F1F001CBE5022B9B
:10D6C0007FF4AFAD0B6980F8F0309DE5D5E90163DB
:10D6D0009E420BD0D0F8D43006F10802D917326040
:10D6E0000022C6E9063172603272CEE53A4A012163
:10D6F0002846FCF7E9FDD5F800808146FDF7D6FB0A
:10D70000A6EB080AD4F8D420074600EB0A0303F17D
:10D71000080147F80A10D0170021C3E90620596014
:10D720001972002000210222C3E9080183F8282091
:10D7300031463A464046FDF71BFD314600F13002C6
:10D740003046FDF715FDA968244BA1EB080109112E
:10D75000044659434046FDF7A2FB3023C5E9007457
:10D7600003FB0977AF605CE5D0F8E0301A935EE721
:10D7700000F1D0012846FFF76BF852E500F1CC012B
:10D78000F8E7096A012960D16E68AA6890F82592C5
:10D7900090F82482964209F101094FF0000B08F13C
:10D7A00001081DD0C6E9069BC6E9088B06F10802F0
:10D7B0003260C6F804B086F808B0062386F8283030
:10D7C0006B6830336B602CE5042D0120C2740408B3
:10D7D0002F8A0408136F0408026A0408ABAAAAAAD5
:10D7E0005D4A2846FCF770FD2F68F11B82460191C7
:10D7F000FDF75CFB01990446421802F108006050F5
:10D800000623002182F82830516011725162C2E96A
:10D81000069B3146C2F8208038462246FDF7A8FC18
:10D82000314600F130023046FDF7A2FCA9684B4BAF
:10D83000C91B0911064659433846FDF730FB302312
:10D84000C5E9004603FB0A445CE520297FF4E9AC06
:10D85000327A317C013A0139D2B2C9B2FDF7E4FE25
:10D86000DFE40B6A012B02D100F59D71F3E4022B7A
:10D870007FF4D7AC0969032928BF0321C9B2FEF799
:10D880009BFBCEE40B6A012B7FF4CBAC90F83A31D2
:10D8900000F587719B009A1C0A4428461944FFF73B
:10D8A00095F8BEE40B6A012B7FF4BBAC90F83A31DB
:10D8B00000F58F719B00EEE70B6A012B7FF4BFAE82
:10D8C00000231A93FDF796FE30B12046FDF792FE35
:10D8D00003689B6A98471A901AA9E6E60B6A022B1E
:10D8E00001D0202B04D131692046FDF72CFA98E4B1
:10D8F000012B02D0102B7FF494ACD5E901639E423A
:10D9000002D0D4F82C32E7E6134A01212846FCF76E
:10D91000DBFCD5F800808146FDF7C8FAA6EB080AC3
:10D92000D4F82C22074600EB0A03F0E60B6A022B20
:10D9300001D0202B06D1D6E90401EFF73FFCC4F853
:10D9400034026EE4012B02D0102B7FF46AAC04F594
:10D950000D710FE7002065E4026A0408ABAAAAAAC9
:10D96000A0F10800FFF71CBC2DE9F843894602F13D
:10D97000180400F118050026A5F118039945A4F133
:10D98000180802D14046BDE8F88355F8183C44F821
:10D99000183CA4F1100735F8143C24F8143C44E971
:10D9A000046644F8086C3846FEF74DFC55F8083C10
:10D9B00044F8046C63B10222A5F11001384698477F
:10D9C00055F8043C44F8043C55F8083C44F8083C3D
:10D9D000C8E90666C8F820602046FEF734FCAB684C
:10D9E000E6603BB10222294620469847EB68E36097
:10D9F000AB68A36028342835BEE70000F8B50D4BAE
:10DA0000541A9C4205460E46174602D90A4827F08A
:10DA1000A4FE64B1204627F08DFB024614442A6020
:10DA2000AC6039463046FFF79FFF6860F8BD22467C
:10DA3000F4E700BFF8FFFF7F366904082DE9F04FD7
:10DA4000B5B000240127DFF8BCA2ADF8044001A85E
:10DA50008DF80670CDF808A0FDF791FC0388ADF8AD
:10DA60000C3004A8CDE904440694DFF89C92894E5A
:10DA7000FEF7E9FB8849894B069308A8CDF81C906E
:10DA8000FEF7E6FB04230DEB0300ADF804308DF840
:10DA900006700C96FDF773FC0388ADF834300EA8C1
:10DAA000CDE90E441094FEF7CEFB7D4B7D491193DA
:10DAB00012A87D4B1093FEF7CBFB0523ADF8043085
:10DAC00001A87A4B16938DF80670FDF758FC038871
:10DAD000ADF85C3018A8CDE918441A94FEF7B3FBF2
:10DAE000734B74491B931CA8734B1A93FEF7B0FB3E
:10DAF0000723ADF8043001A8704B20938DF8067011
:10DB0000FDF73DFC0388ADF8843022A8CDE922441E
:10DB10002494FEF798FB6A4B6A49259326A86A4B22
:10DB20002493FEF795FB0923ADF8043001A8674B59
:10DB30002A938DF80670FDF722FC0388ADF8AC300F
:10DB40002CA8CDE92C442E94FEF77DFB604B614957
:10DB50002F9330A8604B2E9302ADFEF779FB5F4800
:10DB600034AA2946C0E900448460FFF747FF34AC7B
:10DB7000283C04F11808404604F1080BFDF7D1FBDE
:10DB80005846FDF7CEFBAC42F2D10027012401A894
:10DB90008DF80640ADF80470CDF808A0FDF7EFFB56
:10DBA0000288ADF80C205846CDE904770697FEF7B9
:10DBB0004AFB3A4B384906934046CDF81C90FEF795
:10DBC00047FB04220DEB0200ADF804208DF806405F
:10DBD0000C96FDF7D4FB0288ADF834200EA8CDE9F1
:10DBE0000E771097FEF72FFB2D4A2E49119212A89F
:10DBF0002D4A1092FEF72CFB0622ADF8042001A856
:10DC0000374A8DF806401692FDF7B9FB0288ADF849
:10DC10005C2018A8CDE918771A97FEF714FB314A53
:10DC200031491B921CA8314A1A92FEF711FB0822B7
:10DC3000ADF8042001A82E4A8DF806402092FDF789
:10DC40009EFB0288ADF8842022A8CDE92277249794
:10DC5000FEF7F9FA274A2849259226A8274A24924E
:10DC6000FEF7F6FA26482AAA2946C0E90077876017
:10DC7000FFF7C4FE2AAC283C04F11800FDF751FB65
:10DC800004F10800FDF74DFBAC42F4D135B0BDE81E
:10DC9000F08F00BF8C010010BFAC010891AF0108EC
:10DCA00039B101081540030855AF0108B40100104F
:10DCB000F5B00108056C03083DAF0108DC01001058
:10DCC000ADB00108E19A030825AF01089C010010DE
:10DCD00075B0010801AD01080DAF0108E829012068
:10DCE000AC01001031B00108156C0308F5AE010855
:10DCF000D4010010E9AF0108F19A0308DDAE010874
:10DD0000DC290120B40000106DB3010870B5D0E922
:10DD100000560446AE4207D1206818B1A168091A1E
:10DD200027F0EEF9204670BD05F11800FDF7F9FA6D
:10DD300005F10800FDF7F5FA2835EBE7FFF77EBEA1
:10DD400008B50348FFF7E2FF0248FFF7DFFF08BD11
:10DD5000DC290120E829012004207047C089704790
:10DD6000074B10B5044640F8083B09F025FD054B6C
:10DD700023602033A3600023E381204610BD00BF51
:10DD8000FC8A04087C91040810B5054B036020331D
:10DD9000044640F8083F09F0A7FC204610BD00BF2C
:10DDA0007C910408006A704783695B6801EB41015C
:10DDB00003EB81035868704710B5034B03600446BA
:10DDC0000DF084FE204610BDFC91040810B50446F9
:10DDD000FFF7F2FF2046082127F092F9204610BDF8
:10DDE00007B5EFF310830830A3B9EFF305838BB9C0
:10DDF00001930DF081FE019B4BB14FF0E0234FF0FA
:10DE00008052C3F8042DBFF34F8FBFF36F8F03B061
:10DE10005DF804FB002301A901930DF075FEEAE70C
:10DE2000026A511C016212B903681B6918477047E6
:10DE3000036A002BC4BF03F1FF330362036A13B903
:10DE400003685B6918477047836970B5D3E901437C
:10DE50000C2253431D4AE5189B1053439B10224646
:10DE6000002B104608DCAA1A182A26D0242A20D013
:10DE70000C2A26D0FF200CE05268914203D00269A0
:10DE8000914208D10C308542F4D0104B001B801019
:10DE90005843C0B270BDC269914201D11830F2E757
:10DEA000866AB14200F1300201D12430EBE7013B38
:10DEB000D6E743689942E6D00C3043689942E2D0F5
:10DEC0000C3043689942D5D1DDE700BFABAAAAAABE
:10DED00013B50446EFF310830830ABB9EFF30583B5
:10DEE00093B901930DF01AFE00232377019B4BB1E8
:10DEF0004FF0E0234FF08052C3F8042DBFF34F8F53
:10DF0000BFF36F8F02B010BD002301A901930DF084
:10DF100010FEE9E770B5284D284B0360D5E90021D4
:10DF20000446881A00110028134613DC8A1A082AAE
:10DF300032D00C2A2CD0042A32D004F11000FFF782
:10DF40003BFF04F10800FFF737FF204609F0CCFB48
:10DF5000204670BD1268944203D05A68944209D199
:10DF600004338B42E9D01A1D91421DD1994218BF4A
:10DF70006B60E2E79A68944201D10833F1E7DE680A
:10DF8000B44203F1100201D10C33EAE70138CAE7C9
:10DF90001A689442E5D004331A689442E1D00433FD
:10DFA0001A689442C9D1DCE752F8040B844218BFC6
:10DFB00043F8040BD8E700BFF42901200C920408B1
:10DFC0000A4B2DE9F041D3E9005806460024A84544
:10DFD00002D12046BDE8F08155F8047B3B68384605
:10DFE000DB6D9847864208BF3C46F0E7F4290120E4
:10DFF0002DE9F84FD0E9008A93466FF06043AAEB11
:10E000000802B3EBA20F074689464FEAA20402D1E9
:10E010001E4827F0A2FBC24514BF22460122A418C5
:10E02000A1EB08052ED27CB39C4228BF1C46A00061
:10E0300027F080F80646DBF800307351002D04DD30
:10E040002A46414630461DF031FAAAEB090A04354A
:10E05000BAF1000F354404DD524649462846EEF732
:10E060003FFA5544B8F1000F05D0B9684046A1EB1E
:10E07000080127F045F8C7E9006506EB8406BE6095
:10E08000BDE8F88F1C46D2E72646D4E7026A0408AA
:10E0900037B504460D4609F08FFB20460F4B40F87C
:10E0A000083B01210DF04EFD012104F110000DF09F
:10E0B00049FD0B48A561002323772362D0E90113B2
:10E0C0009942019405D041F8044B4160204603B0C9
:10E0D00030BD01AAFFF78CFFF8E700BF0C920408DF
:10E0E000F4290120034B186818B19968091A27F020
:10E0F00007B87047F4290120034A034692E8030059
:10E1000083E803001846704778000010A1F124014D
:10E11000F2E700BF0920704709207047C06C7047C4
:10E12000026890F84810926D104790F848007047C8
:10E13000036810B55B6D04469847236801461B6B66
:10E140002046BDE810401847036810B4DC690A4651
:10E15000A44600235DF8044B08316047884208D18B
:10E16000C16D21EA0201027FC16512B10368DB6C57
:10E1700018477047A0F14400FFF7F0BF884205D16F
:10E1800012F4FC3F02D00368DB6C18477047A0F123
:10E190004400FFF7F3BF036810B501210446DB6BB1
:10E1A00098470023E06C84F86530F1F779FAB0FA0B
:10E1B00080F0400910BD036E80F864100A461BB160
:10E1C00099881868F2F754BB7047036810B5DB6B89
:10E1D000044600219847012384F86530E06C48F23A
:10E1E0007F41F1F7ADFB236894F848101B6B204684
:10E1F0009847E06CF1F726FAB0FA80F0400910BDBC
:10E20000C16DC06CF1F7CEBA884270B504461546B0
:10E210000ED1F0F781FEE36DA06623EA0503E36506
:10E22000237F2BB123682046DB6CBDE87040184784
:10E2300070BDA0F14400FFF7E7BF73B51D464B6802
:10E24000C3670446087A830063674B7A5B0016460F
:10E25000A36760BB0B68E36600B1086894F864309C
:10E26000206723B123680021DB6B2046984705B95E
:10E2700001ADE06CF1F7BAFA48B9F0F74DFEA36EC4
:10E28000C01A142803D9E16DE06CF1F78BFAE06C49
:10E29000F1F7ACFA68B901232377236814211B6DC9
:10E2A0002046984728B92077002002B070BD00238F
:10E2B000D1E7E06C2B46324604F16C01F1F720FA0D
:10E2C00038B1237F002BEFD023682046DB6C9847C2
:10E2D000EAE7E36D2A681343E3650120E5E7436A53
:10E2E00013B55B6B044624309847837973B90122D8
:10E2F0000DF10601C1200DF043FD38B1BDF8061047
:10E30000236801F007011B6B2046984702B010BD3F
:10E31000052970B504460D4626D800F1100680F890
:10E3200048104FF0FF3130460DF0E6FBE06CF1F79E
:10E33000B7F9E16DE06CF1F735FAA369E06C197A91
:10E340005B68A94228BF294601EB410153F821200F
:10E350000368DA61F1F752FCE06CF1F773F93046CB
:10E36000BDE870400DF0DABB70BD436A10B55B6B61
:10E37000044624309847837943B994F84810C12063
:10E38000BDE8104001F007010DF0CCBC10BD00004D
:10E3900008B5034678B1084A904206D9074A904228
:10E3A00001D927F0D4F927F0CFF930205843BDE840
:10E3B000084026F0BFBE08BDAAAAAA0255555505B9
:10E3C00008B50368002B02DA0C4827F0C6F98B4227
:10E3D0000AD9B3EB410F4FEA410205D2002AB6BF7A
:10E3E0006FF00043026003600068013001D527F040
:10E3F000ABF9BDE8084026F09DBE00BF1C6A0408CA
:10E40000F8B500F1100706460C4638464FF0FF31CC
:10E410000DF072FBD6E914031B4A1B1ADB1002FB3A
:10E4200003FC4FF0280E0022D5B2AC451AD90EFBE2
:10E4300005F5411901324B69A342F5D100230B6266
:10E44000F06CF1F76FF8346D726D601900F128010E
:10E45000914204D0521A282A09DD1DF027F8736D65
:10E46000283B73653846BDE8F8400DF057BBF6D140
:10E470000D4604460FCD0FC40FCD0FC495E8030021
:10E4800084E80300EBE700BFCDCCCCCC204B2DE9DA
:10E49000F04103F1800203600025D8331D4E426233
:10E4A000044643642827A846D4E91412531ADB1003
:10E4B0005FFA85FC73436345E06C05F101051FD8E5
:10E4C0008A4218BF6165F1F7EBF8236E23B1998892
:10E4D00018680122F2F7CCF9206D18B1A16D091A64
:10E4E00026F00EFE04F1440000F0AEFD04F124001D
:10E4F00002F08AF82046FFF70DFD2046BDE8F081C6
:10E5000007FB0C11C1F82080F1F70CF8CCE700BF35
:10E51000AC920408CDCCCCCCA0F12400FFF7B6BF60
:10E52000A0F14400FFF7B2BF10B50446FFF7AEFFFD
:10E530002046882126F0E4FD204610BDA0F14400CD
:10E54000FFF7F2BFA0F12400FFF7EEBF13B500F113
:10E550002404204602F0A2FB0B23009320460B4B21
:10E560000B49002202F032FB202300932046094B86
:10E570000949012202F02AFB032300930749084BB3
:10E580000222204602F022FB02B010BD156F0408E3
:10E5900037810408336F0408566F0408756F040848
:10E5A0005B6F040870B504460E46114600221D46F6
:10E5B000FFF76EFD9DF810301A4940F6014204F154
:10E5C000240002F0D3FA04F1440000F0A5FD164A3D
:10E5D000226002F18003D8321449636262642046EB
:10E5E000FFF732FC01230022A4F864300823C4E9B9
:10E5F0001422C4E91622C4E91A22C4E91C2284F8B0
:10E600004800A267E36784F8802084F884302046BD
:10E61000E664256609F01EF82046FFF797FF2046BE
:10E6200070BD00BF796F0408AC92040820A10700F8
:10E6300070B505460E460830286056F8083B4A6813
:10E64000B3420C460BD101323146EDF749FF636806
:10E650006B600023237226606360284670BD2B60C8
:10E660008B68AB60F3E770B504460E461546B442BE
:10E6700001D1284670BD21462846FFF7D9FFD4E9CD
:10E680000623C5E90623D4E90823C5E9082394F83D
:10E69000283085F828302046FCF75DFD30343035D1
:10E6A000E5E7034653F8082B9A4214BF80680F2011
:10E6B000704700002DE9F84FD0E9009A2A4BAAEBE9
:10E6C0000904E4105C43294B9C4280468B46154666
:10E6D00002D1274827F041F8CA4514BF224601223B
:10E6E000A418A1EB09063BD2E4B39C4228BF1C4608
:10E6F0002820604326F01EFD07460FCD07EB060CD1
:10E70000ACE80F000FCDACE80F0095E80300002E39
:10E710008CE8030004DD3246494638461CF0C6FE4C
:10E72000AAEB0B0A2836BAF1000F3E4404DD52462C
:10E7300059463046EDF7D4FE5644B9F1000F06D0E5
:10E74000D8F808104846A1EB090126F0D9FC282387
:10E75000C8E9007603FB0477C8F80870BDE8F88FB5
:10E760001C46C5E72746C8E7CDCCCCCC33333303B2
:10E77000026A040884B02DE9F0418AB0064611A867
:10E7800080E80E009DF8503008930023CDE9053352
:10E7900001230793139B1298003B18BF0123049396
:10E7A0004FEAF1639BB200934FF6F87303EA11222C
:10E7B0004FEAF06189B202919DF85110019203EA8B
:10E7C0001023039329B142F0040243F004030192A1
:10E7D000039306F110084FF0FF3140460DF08CF91D
:10E7E000D6E9141200270B469A42184621D1059B00
:10E7F00003B90597F06C6946F0F794FE80B9D6E945
:10E8000015C39C451FD06D460FCD64460FC40FCD78
:10E810000FC495E803000CF1280384E80300736536
:10E8200040460DF07BF938460AB0BDE8F04104B02F
:10E8300070474069B84203F12803D5D101370E2F44
:10E84000D1D10D27D3E76A46614606F15000FFF7A4
:10E8500031FFE5E72DE9F047D0E901439C42054649
:10E86000884614D00A78002304F10801C4E906237D
:10E870002372C4E9001300220023C4E90823022301
:10E8800084F82830436830334360BDE8F0871C4A81
:10E890000121FBF719FD2F688146FFF779FDA4EBF5
:10E8A000070A00EB0A0398F800100646002203F15D
:10E8B000080046F80A00C3E906125A601A720020DE
:10E8C00000210222C3E9080183F8282021463246AC
:10E8D0003846FFF7C8FE214600F130022046FFF718
:10E8E000C2FE044627B1A9683846C91B26F008FCB9
:10E8F0003023C5E9006403FB0966AE60C5E700BFCD
:10E90000026A040800F1080373B50360D1E90065E9
:10E910000F2D0446019506D9002101A8FFF750FDEF
:10E92000019B2060A36020682A463146FEF706F965
:10E93000019B226863600021D15400220023C4E9B6
:10E940000623C4E908232046032384F8283002B0B4
:10E9500070BD2DE9F3470A9E1F46436801EB02088C
:10E96000B21A1A440C46A3EB080901920546FFF7B8
:10E9700098FE014601A8FFF723FD82461CB12968D5
:10E980002246FEF7DBF837B12EB1324639460AEBA4
:10E990000400FEF7D3F8B9F1000F07D0296834441A
:10E9A0004A4641440AEB0400FEF7C8F82846FCF743
:10E9B000D2FB019BC5F800A0AB6002B0BDE8F087B8
:10E9C0002DE9F341D0F80480044602EB08070E4617
:10E9D0001546FFF766FEB8420ED32DB120682A46D1
:10E9E00031464044FEF7AAF82368676000222046BB
:10E9F000DA5502B0BDE8F081009533460022414669
:10EA00002046FFF7A6FFEFE72DE9F74FD0F804B057
:10EA10000C9F9A4602F10043013BA3EB0B039F427C
:10EA200006460C46154602D9234826F096FEA7EB6B
:10EA30000209FFF736FED944484534D3336803EB67
:10EA4000040853452C44ABEB040214D85B449A45AC
:10EA500011D8CDE9007253462A464146304626F089
:10EA600086FE3368C6F804900022304603F8092079
:10EA700003B0BDE8F08F5AB1BD4209D0012A08EBBE
:10EA8000070008EB05010BD118F8053008F807302E
:10EA9000002FE6D03A4651464046FEF74FF8E0E7F1
:10EAA0001CF004FDF4E7009753462A462146304601
:10EAB000FFF74FFFD5E700BF7D6F04082DE9F04F4A
:10EAC0000F68012F9BB004460E46154600F0C68025
:10EAD000022F00F0E180002F40F0F8800B6A012B3C
:10EAE00008D100F148011046FFF7B4FE01201BB029
:10EAF000BDE8F08F022B04D10368097C1B6B98479B
:10EB0000F4E7082BF2D1A3699A685FFA87F84245C7
:10EB1000ECD95B680C2202FB08339E6804AB0293BD
:10EB200016B96B4826F016FE3046EDF7A9FA0F2805
:10EB30008146149006D9002114A8FFF741FC149BCC
:10EB4000029004934A4631460298FDF7F7FF149B62
:10EB5000029A03930026D654039B5E4ADA4202D1FE
:10EB60005D4826F0FAFD01225C4902A8FFF728FF64
:10EB7000014608A8FFF75CFD41460EA8FCF732FBF2
:10EB800008A8FFF78EFDDDF824A0DDF83C900AEB25
:10EB90000908804529D90EA8FFF783FD804524D8B0
:10EBA000089BCDF800A0324631460EA8FFF72CFF97
:10EBB000014614A8FFF73CFDD5E90183984520D014
:10EBC00014A94046FFF79EFE6B6830336B6014A8B3
:10EBD000FCF7C1FA0EA8FCF7BEFA08A8FCF7BBFACE
:10EBE00002A8FCF7B8FA01378DE76FF00043A3EBFA
:10EBF0000A034B450E99B3D34A4608A8FFF7E0FE37
:10EC0000D6E7374A01212846FBF75EFBD5F800B06E
:10EC10008146FFF7BDFBA8EB0B0A064614A950443A
:10EC2000FFF770FE414632465846FFF71CFD41464D
:10EC300000F130024046FFF716FD8046BBF1000FA1
:10EC400005D0A9685846A1EB0B0126F059FA3023EC
:10EC5000C5E9006803FB0966AE60B8E70B6A202BC4
:10EC600034D190F8653013B903681B6998471D4F7C
:10EC70000FCF14AD0FC53B68306971692B6014ABC1
:10EC800003C3B368169394F884301793236814A9C8
:10EC90009B692046984729E70B6A022B01D0202B5D
:10ECA0000AD1336984F8843094F88430082B28BF63
:10ECB000082384F8843019E7012B01D0102BF3D1FD
:10ECC00004F184012846FFF7C5FDEDE700200EE7BB
:10ECD000936E040801000080FE6E0408C2740408EC
:10ECE000026A04080C5D0408A0F12400FFF7E6BEE8
:10ECF000024B182202FB003358687047082A012093
:10ED0000F8B50446FCF721FA80B962680F2A0DD8DD
:10ED10002546A76855F8086B013231462846FDF7AD
:10ED20000DFF791C304626F0EBF92560F8BD000098
:10ED300070B5541A0F2C05460E460CD9002C02DA79
:10ED40000A4826F00AFD601C01D526F0FDFC26F0DD
:10ED5000F1F9AC602860224628683146FDF7EEFEE6
:10ED60002B686C6000221A5570BD00BF1C6A040835
:10ED70002DE9F04F89B083460C46F9F76DF918B9C3
:10ED8000002009B0BDE8F08FF9F76EF90028F7D13F
:10ED9000DBF80430002BF3D03F48DFF804914FF04C
:10EDA000FF3100EBC4000CF0A7FE2046F8F7C2F8D4
:10EDB000BBF80420DBF8001080B2824228BF024674
:10EDC0002046F8F797F899F800300FFA84F80646CD
:10EDD00013B92046F8F74AF8DBF804202F4D964285
:10EDE00050D2DBF8001002A80A4404AF3144029765
:10EDF000FFF79EFF02A8FCF7A8F908EB4808DDF82A
:10EE00000CB005EBC808824600B3BBF1000F06D07A
:10EE1000182363430299E8585A46FDF78FFE1823DA
:10EE20006343E918039AEB584A6000219954029A07
:10EE30000023039302A81370FCF78DF901234046C9
:10EE400089F80030FFF75CFFB0B29AE74046FCF764
:10EE50007CF998B918236343EA18E858936801933A
:10EE600018236343EA180299E950049BC2F804B0DE
:10EE7000936028B1019B02900493D8E75046EFE7D6
:10EE80000297D4E7182254432A19002353602A59C1
:10EE900089F800301370D7E7002A0120082A0120E2
:10EEA000202A012070B5054604B21248124E00EB2C
:10EEB000C5000CF033FE114B1B7804EB440406EB49
:10EEC000C40443B1182303FB05635B681BB12946E7
:10EED0002046FFF74DFF2046FCF737F948B91823C5
:10EEE00003FB0566B368B3F5007F02D92046FFF740
:10EEF00007FF70BD002A0120082A0120202A0120D6
:10EF000008B50748074A00F1080311460360FFF7F8
:10EF10000FFFBDE80840044801210CF013BE00BFFC
:10EF2000082A0120AC700408002A0120054808B511
:10EF300003681B6898470448FCF70DF90348FCF781
:10EF40000AF908BD002A012080000010082A0120CB
:10EF500010B50A4404461846914200D110BD11F87C
:10EF6000013B4340E05CF7E730B50A4404461846ED
:10EF7000914200D130BD11F8013B83EA102334F8EF
:10EF8000135003029BB285EA0300F1E730B50A444F
:10EF900005461846914200D130BD11F8013B83EA85
:10EFA000102335F81340030264BAA4B29BB283EA7B
:10EFB0000400EFE770477047034B186818B1996871
:10EFC000091A26F09DB87047282A012010B5094C6F
:10EFD0002368BFF35B8FDB0709D42046EFF700FF00
:10EFE00028B105481CF090FB2046EFF75FFF03486F
:10EFF00010BD00BF242A0120B9EF0108282A0120F2
:10F00000F8B5D0E90052561B04464FEAA60C00277B
:10F01000FBB2634512D255F823608E4205EB8300A4
:10F0200007F10107F4D1011D8A4204D0521A042AC3
:10F0300005DD1CF03BFA6368043B6360F8BD04BF68
:10F04000426845F82320F6E710B5054B03600446F7
:10F05000FFF7BCFF2146FFF7D3FF204610BD00BFDE
:10F06000C093040810B50446FFF7EEFF20460421C4
:10F0700026F046F8204610BD2DE9F84FD0E9008A69
:10F0800093466FF06043AAEB0802B3EBA20F07466A
:10F0900089464FEAA20402D11E4826F05EFBC24513
:10F0A00014BF22460122A418A1EB08052ED27CB37E
:10F0B0009C4228BF1C46A00026F03CF80646DBF820
:10F0C00000307351002D04DD2A46414630461CF0C5
:10F0D000EDF9AAEB090A0435BAF1000F354404DD55
:10F0E000524649462846EDF7FBF95544B8F1000F62
:10F0F00005D0B9684046A1EB080126F001F8C7E940
:10F10000006506EB8406BE60BDE8F88F1C46D2E7BA
:10F110002646D4E7026A0408114B73B5036004461F
:10F12000FFF754FFD0E900618B1B01949B10002274
:10F13000D5B29D4206D3836899420CD041F8044B66
:10F14000416005E056F82550AC4202F10102EFD1D2
:10F15000204602B070BD01AAFFF78EFFF8E700BF9E
:10F16000C093040808B50368002B02DA0C4826F0A7
:10F17000F4FA8B420AD9B3EB410F4FEA410205D2B0
:10F18000002AB6BF6FF000430260036000680130E0
:10F1900001D526F0D9FABDE8084025F0CBBF00BF65
:10F1A0001C6A040838B5B1F5006F0A4B036028BF2C
:10F1B0004FF40061002300F11005C0E90233416003
:10F1C000044628460DF0BAFA28460DF012FB2046F8
:10F1D00038BD00BFF893040883682DE9F041044668
:10F1E0000D46174653B1EFF797FEE368C01AA368C0
:10F1F000984203D904F110000DF0FBFA0023DFF868
:10F2000060C01E463B213A689A4211D804F11008AA
:10F2100040460DF0B8FA3A6890421AD9294640465D
:10F220000DF0B4FAEFF778FEE0603046BDE8F0810B
:10F23000EA5CA2F10A00C0B2162803D93B2A05D025
:10F240000133E0E74CFA00F0C207F9D4E954012693
:10F25000F6E716B140460DF0CCFA0026E5E700BF10
:10F26000F6FFBFFF8160704708B5D0E902329A42CD
:10F2700001D9406808BD10300DF085FA20EAE07031
:10F28000F8E713464268934210B507D20468D21AD1
:10F29000E018EDF7D5F808B1001B10BD4FF0FF30B6
:10F2A000FBE70000F7B51F464B689A42044610463C
:10F2B00003D91249124826F053FA1D1A04F1080224
:10F2C000BD42226028BF3D460E6801950F2D0644C1
:10F2D00006D9002101A8FFF745FF019B2060A3602C
:10F2E00020682A463146FDF729FC019B22686360AD
:10F2F00000212046D15403B0F0BD00BF9F6F040829
:10F30000B46F040873B5551A0F2D04460E460195C7
:10F3100006D9002101A8FFF725FF019B2060A3600B
:10F320002A4631462068FDF709FC019B226863608C
:10F330000021D15402B070BDF8B5054608460C4610
:10F34000FBF703FF064688B1AC420AD062681AB1E7
:10F3500021682868FDF7F2FB63682A686B6000216A
:10F36000D1542268002363601370F8BD2846FBF770
:10F37000ECFE08B92E68AF6823682B6063686B6089
:10F38000A368AB6016B12660A760EAE704F1080342
:10F390002360E6E72DE9F74F4368D0F800A001931A
:10F3A000A3EB0A043F4BE4105C433F4B9C42814675
:10F3B0008B46154602D13D4826F0CFF9019A5245B9
:10F3C00014BF22460122A418A1EB0A074AD2002C3E
:10F3D0004AD09C4228BF1C462820604325F0AAFE44
:10F3E00080460FCD08EB07060FC60FCD0FC695E878
:10F3F000030086E80300C646D446E3450EF1280E16
:10F4000034D12B4BFF085F4327F06047282303FBD1
:10F4100007AB07FB033308EB030EF4465F46019B83
:10F420009F420CF1280C2FD1214BA7EB0B07FF08B3
:10F430005F4327F06047282303FB07E7BAF1000F7B
:10F4400006D0D9F808105046A1EB0A0125F058FE65
:10F45000282303FB0483C9E90087C9F8083003B0F7
:10F46000BDE8F08F1C46B7E7A046BAE766460FCE68
:10F47000AEF128050FC50FCE0FC596E803000CF1BD
:10F48000280C85E80300B8E73E460FCEACF128050E
:10F490000FC50FCE0FC596E80300283785E8030097
:10F4A000BDE700BFCDCCCCCC33333303026A0408B4
:10F4B000CDCCCC0CF8B5D0E901639E4207460A4694
:10F4C0000CD00C460FCC35460FC50FCC0FC594E8B9
:10F4D0000300283685E803007E60F8BD3146FFF75B
:10F4E00059FFFAE708B54368C3F1FF4303F5FF038B
:10F4F00003F5FF437F339A4202D9034826F02DF9E2
:10F50000FFF75EFA08BD00BFFE6E04082DE9F04F5C
:10F51000C1B000F1100302AF044618467960BB6029
:10F520000DF02EF9B0F5006F786180F0A280002810
:10F5300000F00F8363687A699342C0F00A83134630
:10F54000073323F00703ADEB030D02AB4FF0000AC6
:10F55000B868FB6019460DF02AF95646C7F810A0A6
:10F56000D7E903329B5C3B2B40F0E7800AF10203B2
:10F57000934280F0DF8007F12003BB61FB684FF00E
:10F5800000099A1803EB0A0107F11800C7F81C904C
:10F59000FFF7B8FE00220023C7E92C23C7E92E237A
:10F5A0002E21FF234A4607F1180087F8C030C7E92B
:10F5B0003199C7F8A890C7F8CC90FFF762FE00F128
:10F5C0000108834642462E2107F11800FFF759FE35
:10F5D00007F13803BBF1FF3FC7E90C39054687F84F
:10F5E00038904AD05B464A4607F1180107F1D0002F
:10F5F000FFF758FE07F1300007F1D001FFF79CFE3E
:10F6000007F1D0005FFA88F4FBF7A5FD6A1CD7F874
:10F61000189009D019F80830302B38BF3023303B10
:10F62000013587F8C030ECB2D7F81CB007F15003B1
:10F63000BB6400220BF1FF33FA6487F8502019F8FD
:10F6400003103F291BD10122C7F8C8201B1B2246EB
:10F6500007F1180107F1D000FFF724FE07F1480079
:10F6600007F1D001FFF768FE07F1D000FBF773FD4B
:10F670001CE04FF400637B615CE74C46C6E7212940
:10F680005FD11B1B224607F1180107F1D000FFF7DD
:10F6900009FE07F1D00107F14800FFF74DFE07F121
:10F6A000D000FBF758FD0823C7F8C8307C6BACB915
:10F6B00007F13000FEF7F5FF022840F27881386B41
:10F6C000C04B834201D340F26881BE490322FDF75B
:10F6D00035FA03237B633B6B0022DA7097F8C01086
:10F6E000386BFF2900F0708100F03EFCC7F8C400C1
:10F6F000002800F07A8103684FF40072DB6B07F199
:10F7000048019847002800F0708183687868C7F83E
:10F71000A83007F1A801FFF7CDFE012607F1480048
:10F72000FBF719FD07F13000FBF715FD07F1180095
:10F73000FBF711FD3B6903F1010A3B6901333B61B2
:10F740001FE23D2915D1ABEB0403224607F1180156
:10F7500007F1D000FFF7A6FD07F1D00107F148003F
:10F76000FFF7EAFD07F1D000FBF7F5FC4FF48053FB
:10F770009AE73D2107F11800FFF783FD00220546B7
:10F780003F2107F11800FFF77CFDB0F1FF3F8046F5
:10F790004FF0000217D16B1C40F0AE80ABEB0403BE
:10F7A000224607F1180107F1D000FFF77BFD07F1B2
:10F7B000D00107F14800FFF7BFFD07F1D000FBF7CC
:10F7C000CAFC012370E709EB000393F801B0ABF129
:10F7D0003002092A40F28B809878A0F13003092B7F
:10F7E00006D8BBF12D0F00F08280BBF12B0F7ED02D
:10F7F0001BF0D6FD00287DD0ABF17800D0F1000BD6
:10F800004BEB000B691C79D009EB05035A78A2F188
:10F810003001092940F29F819878A0F13003092B2B
:10F8200003D82D2A6CD02B2A6AD03A601BF0B8FD81
:10F830000346002800F095813A68783A53425341D4
:10F84000BBF1000F00F08F8008F1010209EB02000C
:10F8500019F80220002B5DD045455BD2A8EB050AC4
:10F860008AEAEA73A3EBEA73012B53D0782A03BF29
:10F8700008F10200102248440A220CBF0021002196
:10F880001BF080FDBB696A1C81469B5C782B884617
:10F89000534637D1AA1C07F1180107F1D000FFF732
:10F8A00001FD1022D7F8D00000211BF06BFD83462C
:10F8B00007F1D0008A46FBF74EFC2B1B224607F1CE
:10F8C000180107F1D000FFF7EDFC07F1D00107F1B7
:10F8D0004800FFF731FD07F1D000FBF73CFC202387
:10F8E000C7E92EBAC7E92C98C7F8C830DEE64FF052
:10F8F000010B87E7834685E7934685E700239FE76B
:10F9000001239DE707F1180107F1D000FFF7CAFCBA
:10F910000A22C7E7782A03BF08F1020010224844F0
:10F920000A220CBF002100211BF02CFD1023C7E987
:10F930002E01224681460D46C7F8C83007F118014E
:10F94000A8EB040307F1D000FFF7ACFC07F1D001EE
:10F9500007F14800FFF7F0FC07F1D000FBF7FBFBD5
:10F96000C7E92C95A2E6002B00F0FF806B1C09EB89
:10F97000030019F80330782B01BFA81C10220021C6
:10F9800048441CBF0A2200211BF0FCFC0223C7F8DC
:10F99000C830C7E92E012B1B59E60322009201460D
:10F9A0000194224607F1300025F0E1FE91E60323A1
:10F9B00000932246034B214607F13000FEF7C9FFB2
:10F9C00087E600BFEB6F0408014607F1900001F0E5
:10F9D00001F8D7E92489C84555D1D7F8900020B15E
:10F9E000D7F89810091A25F08BFB002E7FF495AEFE
:10F9F0006B4B1A68C7F8D0201A7987F8D42007F122
:10FA0000E002C7F8D820D3E9021207F1D8000A446F
:10FA1000FFF778FCD7E90C5407F1680304F10108FB
:10FA200007F16000C7E9183687F86860C7F890806A
:10FA3000FEF737FE8045014612D907F19000FFF727
:10FA400091FB7A6E396E01328046FDF777F807F147
:10FA50006000FBF780FBD7F89030C7F86080BB668A
:10FA60005049012207F16000FFF73CFD224629467C
:10FA700007F16000FFF736FD7A6E4B4BD34237D16A
:10FA80004A4825F06AFE58F8045B2B6828465B6BF1
:10FA9000984707F1A80C8646BCE80F0007F1D00490
:10FAA0000FC4BCE80F000FC49CE80300D7E924236F
:10FAB00084E803009B1A042BC7F8EC5084BF9EF81F
:10FAC000063087F8E8302B684FF40072DB6B07F1E3
:10FAD00048012846984700283FF47DAF836878683E
:10FAE000C7F8D03007F1D001FFF7E4FC012672E738
:10FAF00001222F4907F16000FEF762FF014607F17E
:10FB00007800FEF795FDD7E9121207F17800FFF7AC
:10FB1000E9FC014607F19000FEF78AFDD7E92412BF
:10FB200007F1D800FFF7DEFC07F19000FBF713FBAD
:10FB300007F17800FBF70FFB07F16000FBF70BFB09
:10FB400007F1D00004F008FE07F1D800FBF703FB33
:10FB5000E4E500261EE0BBF1000F3FF407AF5B4673
:10FB600072E6BBF1000F7FF46FAE07F14800FBF7C0
:10FB7000F2FA07F13000FBF7EEFA07F11800FBF795
:10FB8000EAFAD7E904329342FFF4EAACB868514686
:10FB90000CF01FFE3046FC37BD46BDE8F08F00BFBD
:10FBA0009C2C0120C274040801000080FE6E040831
:10FBB0009B86040810B5044B044640F8103B0CF03B
:10FBC000A7FD204610BD00BFF893040810B50446F9
:10FBD000FFF7F0FF2046282125F092FA204610BDBD
:10FBE0000A4B70B51E78C5688368AB42184601D1D0
:10FBF000002070BD9C688C4206D1DC68144203D1A1
:10FC0000002EF6D12406F4D51033EEE7042D0120A2
:10FC10000079704701717047F0B50446C6680C481A
:10FC2000A4680078A64201D10020F0BDA5688D42ED
:10FC300009D1E568154206D133EA050703D100284A
:10FC4000F3D12D0601D51034ECE70120EDE700BF1C
:10FC5000042D01200020704714307047807E7047CB
:10FC60002DE9F84F154BD0F80C9093F800A084685C
:10FC70000D4617464C45264603D100263046BDE8C2
:10FC8000F88FD4F800B0D5F804805846ECF7F8F9AE
:10FC9000804510D1B8F1000F05D02868424659467A
:10FCA0001BF0D6FB38B9E3683B4204D1BAF1000F30
:10FCB000E4D11B06E2D51034DCE700BF042D01209F
:10FCC00008B570B1B0F1006F06D3B0F1805F01D319
:10FCD00025F03DFD25F038FDBDE80840000125F088
:10FCE00029BA08BD70B50C1A0346E410002C18465A
:10FCF00008DCCB1A042B21D0062B1AD0022B22D0E1
:10FD0000084607E015881B88AB4203D04388AB4206
:10FD100001D1023070BD8388AB4201D10430F9E7D4
:10FD2000C688AE4200F1080301D10630F2E7013C7B
:10FD3000DCE7048813889C42ECD0023004881388E6
:10FD40009C42E7D00230048813889C4218BF0846C2
:10FD5000E0E7000008B5034678B1084A904206D9AA
:10FD6000074A904201D925F0F2FC25F0EDFC302045
:10FD70005843BDE8084025F0DDB908BDAAAAAA028B
:10FD80005555550518B13023594325F0B9B9704779
:10FD900008B50368002B02DA0C4825F0DEFC8B4224
:10FDA0000AD9B3EB410F4FEA410205D2002AB6BF90
:10FDB0006FF00043026003600068013001D525F058
:10FDC000C3FCBDE8084025F0B5B900BF1C6A0408B3
:10FDD000034B186818B19968091A25F091B9704752
:10FDE000482A0120034B186818B19968091A25F0B0
:10FDF00087B97047382A012010B5094C2368BFF332
:10FE00005B8FDB0709D42046EEF7EAFF28B10548EF
:10FE10001BF07AFC2046EFF749F8034810BD00BFFD
:10FE2000442A0120D1FD0108482A012010B5094CBF
:10FE30002368BFF35B8FDB0709D42046EEF7D0FFC2
:10FE400028B105481BF060FC2046EFF72FF8034867
:10FE500010BD00BF342A0120E5FD0108382A012029
:10FE600000F1080373B5044603600D4611B90E484E
:10FE700025F070FC0846ECF703F90F2806460190C0
:10FE800006D9002101A8FFF783FF019B2060A36032
:10FE9000324629462068FCF751FE019B22686360C8
:10FEA0000021D15402B070BD936E040810B503490F
:10FEB0000446FFF7D5FF204610BD00BFAC70040814
:10FEC00000F1080373B50360D1E900650F2D044606
:10FED000019506D9002101A8FFF75AFF019B206078
:10FEE000A3602A4631462068FCF728FE019B226861
:10FEF00063600021D15402B070BD10B586B00446D5
:10FF00006846FFF7ADFF69462046FFF7D9FF00229C
:10FF10000023C4E90623C4E90823032384F8283016
:10FF20006846FBF718F906B010BD817670472DE9D9
:10FF3000F04107460D46FFF75FFFD0E90068B04586
:10FF400001D100240DE056F8044B236820465B6B7A
:10FF500098478388BB42F2D18379AB4201D0FF2D11
:10FF6000EDD12046BDE8F0812DE9F84380460D46ED
:10FF7000FFF742FFD0E90079B94501D1002411E033
:10FF800057F8044B236820465B6B9847414606466A
:10FF90000068ECF7E5F80028EED1B379AB4201D068
:10FFA000FF2DE9D12046BDE8F88338B50546FFF7B7
:10FFB00023FF0468FFF720FF41680A1B1211234644
:10FFC000002A1C4608DCCB1A082B25D00C2B1FD08E
:10FFD000042B25D00C4606E01B689D4203D06368C5
:10FFE0009D4207D10434FFF707FF4068001B18BF8C
:10FFF000012038BDA3689D4201D10834F3E7E068D1
:020000040802F0
:10000000854204F1100301D10C34ECE7013AD7E743
:1000100023689D42E7D0043423689D42E3D0043432
:1000200023689D4218BF0C46DDE770B504460E46B6
:100030001546B44201D1284670BD21462846FEF738
:10004000F7FAD4E90623C5E90623D4E90823C5E96C
:10005000082394F8283085F828302046FBF77BF8F1
:1000600030343035E5E737B504460191FEF719FB2A
:10007000019B834201460ED901A8FFF789FE626801
:10008000216801320546FCF759FD2046FBF763F86D
:10009000019B2560A36003B030BDF7B546680446F8
:1000A0000F46FEF7FEFA751C854207D9012300931F
:1000B00000231A4631462046FEF74BFC23689F5525
:1000C0002368656000225A5503B0F0BD08B5D1E938
:1000D0000012FFF707FA08BD38B5044608460D467A
:1000E000EBF7CEFF6368C3F1FF4303F5FF0303F5AE
:1000F000FF437F339842024602D9044825F02DFB86
:1001000029462046FEF75CFC38BD00BFFE6E0408A1
:1001100070B5174B1B788CB03BB3D0E9006508ABCA
:100120000024E91C06A8069307948DF82040FFF7E9
:100130009AFF1049032206A8FFF7D4F92A46314650
:1001400006A8FFF7CFF90C4906A8FFF7C5FF01463F
:100150006846FEF76DFA06A8FAF7FDFF21466846E5
:10016000FEF706FE6846FAF7F6FF0CB070BD00BF5A
:1001700098000010EF6F0408F36F040808B5FFF74C
:10018000ABFF08BD2DE9F0419AB00C460546794910
:1001900008A8FFF765FED4E90231C91A091128231E
:1001A000594308A8FFF75FFF23682146DB6903A8CE
:1001B0009847039E0EB1616951B96F492846FFF710
:1001C0004FFE08A8FAF7C7FF28461AB0BDE8F0812D
:1001D00008A8FFF781FF2E2108A8FFF75EFFA17E88
:1001E00014A8FAF7FFFF14A908A8FFF76FFF14A8D7
:1001F000FAF7B1FF2C2108A8FFF74FFF238B5F4AC6
:10020000072101A81BF08CFB01A914A8FFF728FE09
:1002100014A908A8FFF75AFF14A8FAF79CFF2C218D
:1002200008A8FFF73AFF314608A8FFF755FF2368F3
:1002300021461B6A0EA898470F9BCBB1504908A8CE
:10024000FFF74AFF0EA9FFF741FF4E49FFF744FFB2
:10025000D4E902239A4210D14B4908A8FFF78EFF38
:1002600008A92846FEF7E4F90EA8FAF774FFA8E7F4
:10027000444908A8FFF782FFEAE74449444FDFF802
:10028000048108A8FFF77AFFD4E902461034A4F1EC
:1002900010039E42E4D054F80C3C002B67D054F875
:1002A000103C002B63D054F8083C3A460B2105A8BB
:1002B0001BF036FB54F8101C08A8FFF70DFF2C218B
:1002C00008A8FFF7EAFE05A914A8FFF7C9FD14A9BD
:1002D00008A8FFF7FBFE14A8FAF73DFF2C2108A899
:1002E000FFF7DBFE54F80C1C08A8FFF7F5FE2C21E5
:1002F00008A8FFF7D2FE54F8043CD90703D52549D6
:1003000008A8FFF73BFF54F8043C9A0703D522499D
:1003100008A8FFF733FF54F8043C9B0603D51F4998
:1003200008A8FFF72BFF54F8043CD80603D51C4956
:1003300008A8FFF723FF54F8043C190703D519490F
:1003400008A8FFF71BFF54F8043CDA0503D516494B
:1003500008A8FFF713FF54F8043C1B0603D5134904
:1003600008A8FFF70BFF414608A8FFF707FF103466
:100370008DE700BFF66F0408AC7004081B7004081A
:10038000207004089A700408237004083070040870
:10039000597004085F7004086270040865700408EE
:1003A000697004086D7004087070040877700408A0
:1003B0002DE9F04794B00C460546624902A8FFF7C4
:1003C0004FFDD4E90231C91A09112826714302A848
:1003D000FFF749FE23682146DB6968469847009984
:1003E00009B1636953B958492846FFF739FD02A896
:1003F000FAF7B1FE284614B0BDE8F08702A8FFF76F
:100400006BFE314602A8FFF748FE616902A8FFF7BC
:1004100063FE2E2102A8FFF740FEA17E0EA8FAF788
:10042000E1FE0EA902A8FFF751FE4849FFF754FE6E
:100430000EA8FAF790FE236821461B6A08A8984781
:10044000099B33B108A902A8FFF740FE3D49FFF719
:1004500043FED4E902239A420BD13D4902A8FFF79B
:100460008DFE02A92846FEF7E3F808A8FAF773FE06
:10047000BDE73849DFF8FC80DFF8FC90DFF8C4A066
:1004800002A8FFF77BFED4E90247A742E9D06368E0
:10049000002B54D02168002951D00EA8FFF7E0FCB2
:1004A0000EA902A8FFF712FE0EA8FAF754FE414665
:1004B00002A8FFF763FEE368DA0703D5264902A81E
:1004C000FFF75CFEE3689B0703D5244902A8FFF70A
:1004D00055FEE3689E0603D5214902A8FFF74EFEAC
:1004E000E368D80603D51F4902A8FFF747FEE36873
:1004F000190703D51C4902A8FFF740FEE368DA0597
:1005000003D51A4902A8FFF739FEE3681B0603D595
:10051000174902A8FFF732FE494602A8FFF7DCFDA3
:10052000616806460EA8FFF79BFC0EA93046FFF750
:10053000CDFD5146FFF7D0FD0EA8FAF70CFE1034A2
:10054000A3E700BF9A700408AC7004088070040828
:1005500023700408847004085F7004086270040843
:1005600065700408697004086D7004089F700408C1
:10057000A47004089C700408A9700408F8B5D0E9B8
:100580000052561B04464FEAA60C0027FBB26345F7
:1005900012D255F823608E4205EB830007F1010764
:1005A000F4D1011D8A4204D0521A042A05DD1AF042
:1005B0007DFF6368043B6360F8BD04BF426845F893
:1005C0002320F6E770B50646FFF730FC4568044681
:1005D0002946006806F11C02FFF784FB811C8D424E
:1005E00004D06A1A022A0ADD1AF060FF6368023B2F
:1005F0006360FFF701FC3146FFF7C0FF70BD04BF29
:1006000042880280F2E7000010B5064B0360044602
:10061000FFF7D8FFA06818B12169091A24F070FD0E
:10062000204610BD249404082DE9F047D0E9016369
:100630009E4204468A4610D03046FFF741FC002314
:100640000022C6E90623C6E90823032386F82830DA
:10065000636830336360BDE8F0871B4A0121F9F716
:1006600033FED4F800808146FFF774FBA6EB080741
:100670000744054651463846FFF722FC0022002376
:10068000C7E90623C7E90823032387F828302A4649
:1006900031464046FFF7C9FC314600F13002304692
:1006A000FFF7C3FCA168094BA1EB0801091106463D
:1006B00059434046FFF766FB3023C4E9005603FB6D
:1006C0000955A560C7E700BF026A0408ABAAAAAA39
:1006D0002DE9F04F0B6803F10043013B87B014464E
:1006E000062B00F21381DFE813F0070023006400FB
:1006F000B40075001101DE0003680146DB6968463D
:100700009847BDF80490D4E901539D4267D005F1A4
:1007100008032B6000236B602B72C5F81890EB6107
:1007200000230022C5E90823022385F828300EE0C3
:1007300003680146DB6968469847D4E901639E4235
:10074000DDF800900AD049463046FFF7D6FB6368D3
:1007500030336360012007B0BDE8F08F6C4A01219F
:100760002046F9F7B1FD27688046FFF7F3FAA6EBBC
:10077000070A054649465044FFF7BFFB2A46314663
:100780003846FFF752FC314600F130023046FFF7A1
:100790004CFCA1685F4BC91B0911064659433846FA
:1007A000FFF7F0FA3023C4E9005603FB0855A560B3
:1007B000D0E70A6A0368082A0CBF9B6A5B6A014695
:1007C0006846984720466946FFF72EFF6846FAF7C5
:1007D000C2FCBFE703681B6B9847814693E74C4A0E
:1007E00001212046F9F770FD27688046FFF7B2FA2D
:1007F000A5EB070A00EB0A0303F1080240F80A2000
:10080000002206465A601A72C3F81890DA61002076
:1008100000210222C3E9080183F828202946324634
:100820003846FFF702FC294600F130022846FFF760
:10083000FCFBA168374BC91B0911054659433846D3
:10084000FFF7A0FA3023C4E9006503FB0866A66041
:1008500080E703685B6B9847D4E901539D4281466A
:1008600008D08279AA61002305F10801C5E90013C7
:100870002B7254E7264A01212046F9F725FD276807
:100880008046FFF767FAA5EB070A00EB0A03064666
:1008900099F80610002203F1080046F80A005A6091
:1008A0001A729961B2E7036889681B6C0022984745
:1008B00080B1D0F80C904FF0000AD4E901539D426A
:1008C0000CD005F108032B600023C5E9069A6B6084
:1008D0002B7225E74FF0FF39CA46EEE70C4A01219B
:1008E0002046F9F7F1FC27688046FFF733FAA5EBBD
:1008F000070B00EB0B0303F1080240F80B2000226A
:10090000C3E9069A06465A601A7280E7002022E779
:10091000026A0408ABAAAAAA2DE9F84FD0E9008A16
:1009200093466FF06043AAEB0802B3EBA20F0746B1
:1009300089464FEAA20402D11E4824F00EFFC245A8
:1009400014BF22460122A418A1EB08052ED27CB3C5
:100950009C4228BF1C46A00024F0ECFB0646DBF8B6
:1009600000307351002D04DD2A46414630461AF00E
:100970009DFDAAEB090A0435BAF1000F354404DDE8
:10098000524649462846EBF7ABFD5544B8F1000FF7
:1009900005D0B9684046A1EB080124F0B1FBC7E9D6
:1009A000006506EB8406BE60BDE8F88F1C46D2E702
:1009B0002646D4E7026A040810B50A46D0E90114B5
:1009C000A14204D0126841F8042B416010BDFFF72A
:1009D000A3FFFBE70023F7B5C0E9003383600446BB
:1009E0000E46FFF709FAD0E90057AF4202D1204680
:1009F00003B0F0BD55F8040B019003685B6B98479A
:100A000031460068EBF7ACFB0028EED101A9204687
:100A1000FFF7D2FFE9E70023F7B5C0E900338360B1
:100A200004460E46FFF7E8F9D0E90057AF4202D17D
:100A3000204603B0F0BD55F8040B019003685B6BD2
:100A400098478388B342F1D101A92046FFF7B4FF4C
:100A5000ECE700002DE9F84FD0E9008A93466FF0EB
:100A60004043AAEB0802B3EB620F074689464FEA00
:100A7000620402D11E4824F070FEC24514BF224613
:100A80000122A418A1EB08052ED27CB39C4228BFFA
:100A90001C46600024F04EFB0646BBF80030735342
:100AA000002D04DD2A46414630461AF0FFFCAAEB31
:100AB000090A0235BAF1000F354404DD52464946B1
:100AC0002846EBF70DFD5544B8F1000F05D0B96885
:100AD0004046A1EB080124F013FBC7E9006506EBD3
:100AE0004406BE60BDE8F88F1C46D2E72646D4E730
:100AF000026A0408F7B50446FFF77EF9D0E900530F
:100B00005B1B01949B100022D1B2994203D301A92F
:100B1000FFF752FF05E055F821108C4202F1010267
:100B2000F2D1FFF783F94FF6FF77054604F11C0277
:100B3000A38B5E1CB6B2BB42A68301D103B0F0BD4D
:100B4000D5E90001FFF7CEF888420346F0D1A86846
:100B5000834207D023F8026B6B6003B0BDE8F0401E
:100B60000BF072BD2846FFF775FFF6E738B5084D64
:100B70000560012505710025C0E90255C0E9045151
:100B80000446028383768583FFF7B4FF204638BD91
:100B90002494040838B50346D3E90035ED1A6FF004
:100BA00078432C11A3EB25158D42104601D224F079
:100BB000D4FDA14238BF2146641804D29C4220468D
:100BC00028BF184638BD1846FCE700002DE9F74F4E
:100BD00090469946D0E9023205468A4693421C4621
:100BE00014D09968414503F11003F7D1E368002B55
:100BF00018DA04F110018A4205D0521A102A14DDC5
:100C000020461AF053FCEB68103BEB60D5E9034338
:100C10009C420FD00C9BC4F80880C4E900A9E36093
:100C20001034EC6003B0BDE8F08F04BF0FC984E856
:100C30000F00E8E7184A012105F10800FFF7AAFFB5
:100C4000AF68E21B01928346FFF73AF8019A8318D6
:100C500040F802A0C3E901980C9ADA60064686467D
:100C6000BC4664450EF1100E0ED11034E41B344422
:100C700027B129693846C91B24F042FAC5E9026444
:100C800006EB0B162E61CDE79CE80F000CF1100C63
:100C90000EE90F00E5E700BF026A040837B5012539
:100CA000184B194A194900950446FFF78FFF40F287
:100CB000011300932046164B164A1749FFF786FF8B
:100CC00040F2091300932046144B154A1549FFF7CB
:100CD0007DFF2046144B154A15490095FFF776FF16
:100CE0002046144B144A15490095FFF76FFF102357
:100CF0000093134A134B14492046FFF767FF03B0D4
:100D000030BD00BFAD70040801000080DC7A04082B
:100D1000B970040802000080C7700408CC70040891
:100D200003000080AB780408E5700408050000802B
:100D3000FB7004080271040804000080227104089A
:100D4000070000802B7104085D710408007970476A
:100D5000012070477047002303710830FEF7D6BBAF
:100D600038B50546F7F778F910B90124204638BDA3
:100D7000F7F77AF904460028F7D1F6F747F8002884
:100D8000F3D0EEF7C9F8EB6E2A6FC31A93420BD873
:100D90000020FDF7ADFF0028E8D1D5E927439C42AC
:100DA0002CBF00240124E1E72046FDF7A1FF002825
:100DB000EED1DAE708B5034678B1084A904206D981
:100DC000074A904201D924F0C2FC24F0BDFC48201F
:100DD0005843BDE8084024F0ADB908BD711CC701F7
:100DE000E3388E0308B50368002B02DA0C4824F0C0
:100DF000B4FC8B420AD9B3EB410F4FEA410205D252
:100E0000002AB6BF6FF00043026003600068013043
:100E100001D524F099FCBDE8084024F08BB900BF4F
:100E20001C6A0408002302221946F4F7E5BED0E943
:100E30001D329A4202D0406BFFF7F4BF704770B585
:100E4000D0E900560446AE4207D1206850B1A168EF
:100E5000BDE87040091A24F053B92846FAF77BF927
:100E60003035F0E770BD70B5D0E900560446AE42AB
:100E700007D1206850B1A168BDE87040091A24F07C
:100E80003FB92846FFF7DBFF4835F0E770BD0000AB
:100E9000F8B5134E134B0360D6E90052511B0446BC
:100EA0004FEAA10C0027FBB29C4512D955F823103C
:100EB0008C4205EB830007F10107F4D1011D8A4242
:100EC00004D0521A042A06DD1AF0F0FA7368043BC3
:100ED00073602046F8BD04BF426845F82320F5E75B
:100EE000542A0120F894040838B505460830FEF766
:100EF00073F9044618B101232B7104F043F820461E
:100F000038BD0830FEF7B0B9F8B5D0E90067BE4289
:100F1000044607D0354628464835FFF790FFAF42D4
:100F2000F9D16660F8BD73B50F29044601911646E4
:100F300006D9002101A8FFF755FF019B2060A3609F
:100F4000019D1DB1012D206806D1067023686560E2
:100F500000225A5502B070BD2A4631461AF046FBAF
:100F6000F4E700002DE9F04F1D1EB5B007464FEA2B
:100F7000D378144602DA544265EB450520462946EB
:100F8000012642F210790A2871F1000304D3642883
:100F900071F100032BD2013607F1080308EB0601BB
:100FA0003B602D2238460DF1040AFFF7BCFFD7F84D
:100FB00000902449C9225046EBF792FA09EB080B3E
:100FC0005E44642C75F1000325D20A2C75F10005EE
:100FD00034D32419631C1AF804401AF803308BF830
:100FE0000130384609F8084035B0BDE8F08FB0F55B
:100FF0007A7F71F1000301D20236CDE7484571F1E5
:10100000000301D20336C7E742F210720023ECF767
:1010100013F90436B7E72046294664220023ECF78B
:101020000BF95200531C0D461AF8033006F8013C28
:101030001AF8023006F8023D0446C2E73034E4B242
:10104000CFE700BF346A040813B5044901AA044677
:10105000FBF780FD204602B010BD00BF657104089B
:1010600013B5044901AA0446FBF774FD204602B0FB
:1010700010BD00BFAC7004082DE9F341D0F8048026
:10108000044608EB02070E461546FDF70AFB8742A9
:101090000DD82DB120682A4631464044FBF74EFD5D
:1010A000236867600022DA5502B0BDE8F081009540
:1010B0003346002241462046FDF74BFCF0E7000096
:1010C00008B54368C3F1FF4303F5FF0303F5FF438E
:1010D0007F339A4202D9034824F03FFBBDE8084021
:1010E000FFF7CABFFE6E0408D1E90012FFF7E8BFA0
:1010F0002DE9F04F98461368C1B05B6B0746104668
:101100000D46914698470DAA016801A8FBF722FDFC
:101110002B7EFF2B48D02E2101A8FEF7BEFF2C7E90
:10112000092C264629D9632C8CBF4FF0030B4FF0B6
:10113000020B09AB59462D2207A80793FFF7F3FED0
:10114000DDF81CA05A49C9220DA8EBF7C9F9632C98
:10115000D34415D9642340AAB4FBF3F603FB16432A
:1011600002EB430313F8CB2C0BF8012C13F8CC3C07
:101170000BF8023C3036F6B20DE04FF0010BD8E729
:10118000092CF7D940AB03EB440414F8CB3C8AF8A4
:10119000013014F8CC6C8AF8006001A807A9FFF7A9
:1011A000A3FF07A8F9F7D7FF2E2101A8FEF775FFC7
:1011B000D9F8003029681B6C00224846984758B976
:1011C0003C490DAA3846FBF7C5FC01A8F9F7C3FF57
:1011D000384641B0BDE8F08F07AA01680DA8FBF7BB
:1011E000B9FC0DA901A8FFF77FFF0DA8F9F7B3FF20
:1011F0002A6A012A04D0B8F1000F2DD0022A20D18A
:101200003F2101A8FEF749FF3AE0202A10D13D21F5
:1012100001A8FEF742FFD5E904230DA8FFF7A2FEBF
:1012200001A80DA9FFF760FF0DA8F9F794FF0CE0E6
:10123000082A25D12121E4E7019B3B60039BBB6089
:101240002EE0102A01D0202AF2D13F2101A8FEF77A
:1012500024FFD5E9022309E0102AF6D0022AD4D1CE
:101260003D2101A8FEF719FFD5E904230DA8FFF7DA
:1012700079FE01A80DA9FFF737FF0DA8F9F76BFF5D
:1012800007F108063E6001A8F9F75FFF03AD029C75
:101290000028D1D0621C03D029463046EBF720F954
:1012A00000237C60019502938DF80C308DE700BF20
:1012B000346A0408AC7004082DE9F041044617466E
:1012C00008460D46EAF7DCFED7E9008704F108037B
:1012D0002360002363602372C11906462046FEF78F
:1012E000C2FE324629462046FFF7EAFE20463A462D
:1012F0004146FFF7E5FE2046BDE8F08110B588B015
:10130000044601AA074902A8FBF724FC064902AAE1
:101310002046FFF7D1FF02A8F9F71DFF204608B0CD
:1013200010BD00BF65710408DA71040838B50446C1
:1013300008460D46EAF7A4FE6368C3F1FF4303F5D0
:10134000FF0303F5FF437F339842024602D9044866
:1013500024F003FA29462046BDE83840FFF78CBE4A
:10136000FE6E0408F8B5054608460C46F9F7EDFE92
:10137000064688B1AC420AD062681AB12168286872
:10138000FBF7DCFB63682A686B600021D15422689C
:10139000002363601370F8BD2846F9F7D6FE08B93C
:1013A0002E68AF6823682B6063686B60A368AB60CE
:1013B00016B12660A760EAE704F108032360E6E7B8
:1013C00030B50B6A022B87B004460D460DD1D1E92A
:1013D00004236846FFF7C6FD69462046FFF7C2FFB3
:1013E0006846F9F7B8FE07B030BD202BFBD1D1E934
:1013F00004236846FFF7B6FD69462046FFF7B2FFB3
:101400006846F9F7A8FE3A212046FEF746FE6846F0
:10141000D5E90223FFF7A6FD69462046FFF764FEE3
:10142000DEE78842F7B504460E461CD04D68FDF74E
:1014300038F9A842014610D201A80195FFF7D2FC65
:1014400007462046F9F787FE019B2760A3603168B5
:1014500020682A46FBF772FB01E0002DF7D12368D4
:10146000656000225A5503B0F0BD000030B591F818
:101470002830013B89B004460D46052B06D8DFE82D
:1014800003F02E0703030314FFF7CBFF09B030BDB1
:10149000D1E9062302A8FFF765FD02A92046FFF760
:1014A00061FF02A8F9F757FEF0E7D1E9062302A889
:1014B000FFF758FD02A92046FFF754FF02A8F9F7ED
:1014C0004AFE3A212046FEF7E8FD02A8D5E90823A6
:1014D000FFF748FD02A92046FFF706FEE1E7456851
:1014E000FDF7DFF801281AD92068114B984211D86E
:1014F000421993420ED802220021CDE90021014673
:101500002A46204624F033F9022363602368002230
:101510009A70BBE706490222FBF710FBF4E70223AF
:1015200000932A46024B00212046FDF712FAEBE712
:10153000EA7104082DE9F04F0D684B6889B0044644
:10154000904601931035019AA5F110039A4202D1F9
:1015500009B0BDE8F08FB8F1000F04D02B6A022B60
:1015600001D0202BF4D15B212046FEF796FDEA6ADC
:101570004346294602A8FFF7BBFD02A92046FFF714
:10158000B3FD02A8F9F7E7FD7C212046FEF785FDB3
:10159000B8F1000F16D004AB02932946002302A82D
:1015A00003938DF81030FFF70BFF204602A9FFF7D9
:1015B0009BFD02A8F9F7CFFD20492046FFF7B6FEB4
:1015C0004835C0E795F83030042B35D8DFE803F014
:1015D0000308323408001A492046FFF7A7FEEBE75C
:1015E00055E90479B94501D11649F5E7164BA9EB40
:1015F000070636115E43B6B20DF1100B4FF0000A2C
:101600004F45D9D0394602A8013ECDE902BA8DF83E
:1016100010A0B6B2FFF72AFF02A92046FFF764FD2B
:101620001EB10A492046FFF781FE02A8F9F793FD93
:101630003037E5E70649CFE70649CDE700720408F1
:10164000ED710408EA710408ABAAAAAA9A7004080A
:10165000F7710408FB71040880B50446002725468D
:101660004FF0FF310120F4F78FFA55F8843FC4F8AA
:10167000887028461F70FDF714F8C82803D9402148
:101680002846FEF7F0FC04F1740694F880203146F9
:101690002846FFF74FFF3046FFF736FCD4F8883076
:1016A000C4F89C70002BDAD000212846FDF760FBBF
:1016B000D5E7A0F13000FFF7CFBF00002DE9F84FCC
:1016C000D0E9008A93466FF06043AAEB0802B3EBBF
:1016D000A20F074689464FEAA20402D11E4824F011
:1016E0003CF8C24514BF22460122A418A1EB08050C
:1016F0002ED27CB39C4228BF1C46A00023F01AFDCA
:101700000646DBF800307351002D04DD2A464146C1
:10171000304619F0CBFEAAEB090A0435BAF1000FE6
:10172000354404DD524649462846EAF7D9FE554479
:10173000B8F1000F05D0B9684046A1EB080123F0CD
:10174000DFFCC7E9006506EB8406BE60BDE8F88FE4
:101750001C46D2E72646D4E7026A040873B5114A4C
:10176000114B0360D2E9006100230446037101902C
:10177000881B8010DDB2854206D3936899420CD055
:1017800041F8044B516005E056F82550AC4203F196
:101790000103EFD1204602B070BD024801AAFFF755
:1017A0008DFFF7E7542A0120F894040870B5044629
:1017B00088B02546FFF7D2FF1F4B45F8083B4FF492
:1017C00080612846FDF7EEFC04F1300601AA1B49B2
:1017D00002A8FBF7BFF902A925234FF40072304697
:1017E0000AF030FA02A8F9F7B6FC154B2360303343
:1017F000236301234FF4FA7104F18C0284F86830FA
:101800000023C4E91B31C4E92123C4E91D33E36784
:1018100084F8803084F88C30C4F89C304FF48063B6
:10182000C4F8A0302846FDF71DFD30460AF0BAF98D
:10183000204608B070BD00BF249504080372040858
:101840005095040870B50E4605461446B54201D1C0
:10185000204670BD29462046FBF7C4F9D5E906238A
:10186000C4E90623D5E90823C4E9082395F82830FC
:1018700084F8283030353034E8E7000081422DE923
:10188000F0470446894628D0D1E9005AD0F80080B4
:101890008368AAEB0507A3EB0803BB4224D2464B9F
:1018A0009F4201D923F053FF384623F043FC5146B1
:1018B000024606462846FFF7C5FFD4E90058A8456A
:1018C0000DD1206818B1A168091A23F019FC26600F
:1018D0003E44A66023683B446360BDE8F087284629
:1018E000F9F739FC3035EAE74368344EA3EB0803D7
:1018F0009F422AD83B115E43B246C146BAF1000F5F
:101900000DDC26EAE6753023D4F8049003FB058548
:10191000A945DFD02846F9F71EFC3035F8E72946FF
:101920004846FFF77EFDD5E90623C9E90623D5E938
:101930000823C9E9082395F8283089F8283030357C
:1019400009F130090AF1FF3AD8E71B115E43002E76
:101950001CDCD4E90036D9F80050D9F80480F31A19
:101960001D44A845B6D029463046FBF73BF9D5E9DA
:101970000623C6E90623D5E90823C6E9082395F816
:10198000283086F8283030353036EAE72946404698
:10199000FFF747FDD5E90623C8E90623D5E9082363
:1019A000C8E9082395F8283088F82830303508F140
:1019B0003008013ECBE700BFE0FFFF7FABAAAAAA39
:1019C0002DE9F041144B0F1AFF10064690465F4375
:1019D000002F01DCBDE8F0813146404606F11005DC
:1019E000FFF74CFF0FCD08F110040FC40FCD0FC44B
:1019F00095E8030084E80300338FA8F83830F36BD0
:101A0000C8F83C3096F8403088F84030483608F145
:101A10004808013FDCE700BF398EE3382DE9F0418B
:101A20001F46136804465B6B104615460E469847E2
:101A3000482290F806800021204619F0D7FDFF23A8
:101A400084F82830042384F840302B6828461B6B28
:101A5000984700220023C4E90623C4E90823069B13
:101A60002363079B20872761204684F82880E5624E
:101A700063633146FFF702FFE5632046BDE8F0816E
:101A8000F8B5D1E900240023A41AC0E900330546C3
:101A90000F46836027D0154B9C4201D923F057FE97
:101AA000204623F047FB0246C5E900221444AC60FF
:101AB0003C46796854F8100BFFF7C4FE68600FCC01
:101AC00005F110060FC60FCC0FC694E803003B8F3C
:101AD00086E803002B87FB6BEB6397F8403085F8B3
:101AE00040302846F8BD2246DEE700BFE0FFFF7F1A
:101AF0002DE9F0410F4B571A0646F81058430E4B8C
:101B00009F420D46904602D90C4823F026FEFFF76F
:101B100051F9074404463060B760A84502D17460AB
:101B2000BDE8F08129462046FFF7AAFF4835483432
:101B3000F3E700BF398EE338C8FFFF7F366904083A
:101B400030B5002499B0CDE9003413460A46014669
:101B500006A8FFF763FF18AA06A903A8CDE9034466
:101B60000594FFF7C5FF06A8FFF769F9084BD3E90D
:101B70000045AC4204D103A8FFF775F919B030BD98
:101B800054F8040B036800225B6903A99847F0E747
:101B9000542A012010B598B0044601901A9800907C
:101BA00006A8FFF73BFF002318AA06A903A8CDE962
:101BB00003330593FFF79CFF06A8FFF740F923685E
:101BC00022465B6903A92046984703A8FFF74BF913
:101BD00018B010BD70B50E4605461446B54201D189
:101BE000204670BD29462046FFF74AFF4834483555
:101BF000F4E700002DE9F043944680460E469646F1
:101C000004464FF00009A6420EF1480E04F14807C1
:101C10000BD11A4BA6EB0806F6085E4326F0604689
:101C2000482000FB06C0BDE8F08357F8483C4EF85A
:101C3000483C57F8443C4EF8443C103457F8403C7C
:101C40004EF8403C0FCCAEF1380547E9119947F802
:101C5000489C0FC50FCC0FC594E8030037F8103C23
:101C600085E803002EF8103C57F80C3C4EF80C3C6D
:101C700017F8083C0EF8083C3C46C4E7398EE318D8
:101C80002DE9F04F9A4285B006460F469046994698
:101C900000F0BE80A3EB020BD0E90142614B121BA6
:101CA0004FEAEB055A4503FB05F575D3A4EB010A92
:101CB000D34556D2A4EB0B05224621462846FFF712
:101CC00099FFA5EB070A574B04EB0B024FEAEA0A10
:101CD000726003FB0AFA4FF0000BBAF1000F07DC49
:101CE0003A464946404605B0BDE8F04FFFF768BEAA
:101CF00055F8480C54F8403C039354E9121244F848
:101D0000480C55F8440C44F8440C55F8400C44F881
:101D1000400C45E912BB45F840BC01A8CDE90112D1
:101D2000FFF78DF8A5F1380CBCE80F00A4F13806D8
:101D30000FC6BCE80F000FC69CE8030086E803004E
:101D400035F8103C24F8103C55F80C3C44F80C3C99
:101D500015F8083C04F8083C0AF1FF3A483D483CB5
:101D6000BBE708EB0A0B224649465846FFF732FF0D
:101D70002C4B4FEAEA0203FB12537568482202FB20
:101D800003552A467560214638465544FFF732FF11
:101D900075603A465946A5E7D0F800A0A4EB0A01C1
:101DA000CA105343204AD01A854202D91F4823F053
:101DB000D4FC8B4598BF1D465B192CD2934228BF9B
:101DC00013469B465846FEF7F5FF39460246054640
:101DD0005046FFF70FFF494602464046FFF7FAFE1E
:101DE000214602463846FFF705FF57468046BC426B
:101DF00013D1BAF1000F05D0B1685046A1EB0A012A
:101E000023F07EF94823C6E9005803FB0B55B56063
:101E100005B0BDE8F08F9346D4E73846FFF70FF8DA
:101E20004837E4E7398EE338711CC7010A720408A9
:101E3000F8B504460F461646F6F70EF900284DD0C1
:101E4000F6F712F90546002848D1EDF765F8E36E7C
:101E5000C01A236F984205D9C4F89C5004F174004D
:101E6000FFF752F894F868300BB9A64236D1D7E99B
:101E7000002C1346634520D119499B1ADB084B43BC
:101E800023F06043482101FB032304F17400A16F98
:101E9000FFF7F6FEA64202D0351E18BF012584F8D2
:101EA0008050EDF739F8D4E927239A42E06615D33C
:101EB000606BBDE8F840FEF7B5BFD3E9000E4821DE
:101EC000864506D1D4F89C000844C4F89C004833E9
:101ED000D0E74768303139443030F1E7F8BD00BF12
:101EE000398EE318034B186818B19968091A23F062
:101EF00007B97047542A012010B5054B044640F835
:101F0000083BFDF757FE2046FEF7C2FF204610BDF6
:101F10002495040810B50446FFF7EEFF2046302153
:101F200023F0EEF8204610BD0A4B10B503603033A5
:101F3000036304468430F9F70EF904F17400FEF7E8
:101F400092FF04F1300009F061FE2046FFF7D4FF54
:101F5000204610BD50950408A0F13000FFF7E4BF03
:101F600010B50446FFF7E0FF2046A42123F0C8F88F
:101F7000204610BDA0F13000FFF7F2BF02207047ED
:101F800002207047036800211B681847036801217D
:101F90001B681847034A034692E8030083E80300DE
:101FA000184670479C000010A1F10801FFF7F2BF2E
:101FB000704700000000000010B504462DED028BB4
:101FC00090ED018A09F05CFDE369C01A104B98425C
:101FD00014D8B5EE408AF1EE10FA0FD018EE100AC0
:101FE000EAF77CFC02460B4607A1D1E90001EAF7BB
:101FF000F7FDEAF7A3FFBDEC028B10BD0023002024
:102000006360E060F7E700BF0000000080842E41BD
:1020100040420F000000000010B504462DED028B79
:1020200090ED048A09F02CFD236AC01A104B9842E7
:1020300014D8B5EE408AF1EE10FA0FD018EE100A5F
:10204000EAF74CFC02460B4607A1D1E90001EAF78A
:10205000C7FDEAF773FFBDEC028B10BD0023002023
:102060002361A061F7E700BF0000000080842E41DB
:1020700040420F0010B5B0F8801D90F8823DC1F3CA
:10208000080141EA4321044689B24FF4207009F067
:1020900049FE94F8A03D012B26D1B4F8941D94F884
:1020A000963DC1F3080141EA432189B240F2812003
:1020B00009F038FEB4F8981D94F89A3DC1F3080170
:1020C00041EA432189B240F2822009F02BFEB4F8A4
:1020D0009C1D94F89E3DC1F3080141EA432189B259
:1020E00040F2832009F01EFE94F8B03D94F8AD1D37
:1020F0004FF4217043EA012109F014FEB4F8AE1D3B
:1021000040F2852009F00EFE94F8A01D94F8C43D1D
:1021100040F28620BDE8104043EA012109F002BEEA
:1021200008B54FF4FA70F3F76FFA40F6B830FAE7F3
:10213000A0F12800FFF7F4BF70B5002300F6D454D7
:102140000A25012605FB03F2A25A32B1D0F8C82DA8
:1021500006FA03F10A43C0F8C82D01330C2BF1D164
:1021600070BD00002AB1012A06D0022A05D10B68F1
:1021700000E0034B036000E001600020704700BFF7
:10218000A89704082AB1012A06D0022A05D10B68B3
:1021900000E0034B036000E001600020704700BFD7
:1021A000389704082AB1012A06D0022A05D10B6803
:1021B00000E0034B036000E001600020704700BFB7
:1021C000C89604082AB1012A06D0022A05D10B6854
:1021D00000E0034B036000E001600020704700BF97
:1021E0005896040808B5034678B1084A904206D9C3
:1021F000074A904201D923F0AAFA23F0A5FA302029
:102200005843BDE8084022F095BF08BDAAAAAA021B
:10221000555555051AB1012A04D000207047024BCC
:102220000360FAE70160F8E7E895040818B1302385
:10223000594322F065BF704710B5044609F020FCF1
:10224000E36994ED016AC31A07EE903AD4E90223D8
:102250009342BCBF0133E36094ED037AF8EE677AF2
:10226000F8EEC76A77EEC67A87EEA67A77EE067A38
:10227000C4ED017A09F004FCE06110BD08B5036803
:10228000002B02DA0C4823F068FA8B420AD9B3EB30
:10229000410F4FEA410205D2002AB6BF6FF000435A
:1022A000026003600068013001D523F04DFABDE8FB
:1022B000084022F03FBF00BF1C6A040810B5044666
:1022C00009F0DEFB236A94ED046AC31A07EE903A24
:1022D000D4E905239342BCBF0133A36194ED067A90
:1022E000F8EE677AF8EEC76A77EEC67A87EEA67AD6
:1022F00077EE067AC4ED047A09F0C2FB206210BDC5
:1023000090F8C50D70470246002330B4084682F8A5
:10231000C51D0A251C4605FB032101330C2BC1F802
:10232000CC4DC1F8444EF6D130BC0AF0B3B9BCEE86
:10233000C00A70B510EE103A0446C0F8A43D00F192
:10234000600500F55866B54200D170BD2B6C23B115
:10235000236829469B69204698475435F3E70000D7
:1023600008B590F8C40DEAF7A7FA094B0022EAF77E
:1023700037FC05A3D3E90023EAF708FBEAF7FEFDE3
:1023800000EE100A08BD00BF00000000C0FFDF40E3
:102390000000594030B50C2404FB0314B4F91400B8
:1023A000B4F91E5007EE900AB8EEE77A07EE905A9D
:1023B000F8EEE76A70EE477AF0EEE77AF4EEE76A55
:1023C000F1EE10FA45D5B4EEC07AF1EE10FA54BF32
:1023D000B4F91840B4F916409FED1F6A07EE904A11
:1023E000F8EEE77A0132C7EE866A07EE902AB4EE7D
:1023F000C07AFAEECC7AF1EE10FA67EEA67ACCBF8C
:102400004FF0FF34012404FB050067EEA00A07EE3D
:10241000900AF8EEE77A0C2030EE670A00FB031111
:1024200060EE800A488BFDEEE07A17EE902A824239
:1024300004DC888B40429042B8BF104607EE900AF9
:10244000F8EEE77A27EE811AFDEEC17A17EE900AD0
:1024500030BD0020F2E700BF00FEFF460000000094
:102460002DE9F0472DED048B1B689DF8308008EEB8
:10247000102A91F853200D46002A044653F82800EC
:102480000CBF47460027F9F799F96B784FEA8806A1
:10249000013B05EB880898ED039A0A2B00F228818E
:1024A000DFE813F00B002600260026002600260099
:1024B00026003200FB00160152004036A859B8B180
:1024C00002F06BFFF6EE007AB4EEE70AF1EE10FAD6
:1024D0000ED5286C02F061FFB5EE400AF1EE10FA5D
:1024E00006D0B8EEC80AA85902F05AFFBDEEC08A5D
:1024F00018EE103A5B4200EE103AB8EEC00A20EE39
:10250000090ABDEEC00A13E090ED020A94F8AE2D60
:1025100004F6B853D3ED000AB8EEC00A3B46B0EE5D
:10252000491A29462046FFF735FF434200EE103A8C
:10253000BDEC048B94F8AC3D10EE102AFF20534301
:1025400093FBF0F0BDE8F087DFED6D7AD0ED018A06
:1025500068EEA78A0C2303FB0753FDEEE87AB3F974
:102560001480B3F91E9017EE903AA3EB0803002BEA
:10257000B8BF5B42994580F2BB8007EE908AF8EEC7
:10258000E77A2046F4EEE87AF1EE10FACCBF4FF08D
:10259000FF3A4FF0010A0AFB0988FFF7E1FE07EE58
:1025A000908AF8EEE77AB7EE008A78EEE78AF0EEE6
:1025B000E87AF4EEC07AF1EE10FA5DD5C7EE807AD3
:1025C00017EE900AEAF78AF94E4B0022EAF726F84E
:1025D00049A3D3E90023EAF7D9F9EAF7CFFC00EEE3
:1025E000100A1FF005FAF5EEC08A30EE080AF1EE87
:1025F00010FAB6EE008A20EE088A46DA0C2303FBB6
:1026000007531A8B4FF0FF3307EE902A07EE103A6C
:10261000F8EEE77AB8EEC77A67EE887A0C2101FB0C
:10262000075167EE877A8B8B498BFDEEE77A53EA89
:10263000010017EE902A05D091422CDB5B429A42B2
:10264000B8BF1A4694F8AD3D03FB0222121207EE02
:10265000902AB8EEE71A04F6B45321EE091A93ED66
:10266000000A2E4421EE000A306C02F099FEDFEDE4
:10267000267A37EEC00A44E7F5EEC08AF1EE10FA8A
:1026800003DABBD44FF0FF3300E001230C2202FB3E
:102690000752D28AB8E70A46D4E72E4404F6BC5360
:1026A000366C90ED010A94F8AF2DDFED187AD3ED7A
:1026B000000AB0EE491A3B4620EE270A294620467A
:1026C000FFF768FE00EE100A3046B8EEC00ACCE70D
:1026D0002E4404F55C63D3ED000A366C90ED000ADD
:1026E00094F8B02DB0EE491A3B46F1EE007AE3E7DC
:1026F0009FED070A1CE700BF182D4454FB21094039
:10270000000034420000E03F0000000000002042D2
:1027100000000000F8B50B6BB1F906404FF6FF72F0
:1027200093420D4624D01BB3002CB8BF6442ECF793
:10273000F3FBEB6CAE6BC11AB142A4B205D2AA8E08
:10274000A41A4C4394FBF6F414442E6BEA6BB71AAC
:10275000B94208D93AB1E98E3344641A1B1A63436B
:1027600093FBF2F3CC18B5F90630002BB8BF6442E6
:102770002046F8BD000000002DE9F84391F85230E2
:10278000B1F906402DED048B0D4613B1FFF7C2FFE2
:1027900004466B78013B062B00F2CB81DFE813F097
:1027A000510007003D0079015A00C200230109F0E1
:1027B00067F9EAF771F8E44BB5F908400022EAF747
:1027C0000FFAD5ED137AF8EE677A064617EE900AFF
:1027D0000F46EAF783F80B46024639463046E9F7DA
:1027E0001DFFEAF7CBFBB5F90A301B1B07EE903A49
:1027F00006EE900AF8EEE77A66EEA76AD5ED0C7A57
:10280000F8EEE77A86EEA77A07EE904AF8EEE77AD6
:1028100077EE277AFDEEE77AE2E0ECF77DFBB5F99B
:102820002C30E96CEA8D5B1A1844931CB0FBF3F270
:1028300003FB1200B0EB530FB5F9023038BF64420E
:102840001C442879FF23604390FBF3F0BDEC048B1C
:10285000BDE8F883B5F9026009F012F9EF8D804602
:10286000B5F92C0007EE907A7843B8EE678AEAF75C
:1028700013F8B1A3D3E90023EAF7B2F9EAF77EFB34
:1028800008EE900A4046EAF707F8D5ED137AF8EE1D
:10289000677A804617EE900A8946EAF71FF8AA4B36
:1028A0000022EAF773F802460B4640464946E9F72C
:1028B000B5FEEAF763FB9FEDA57A07EE900A361B9B
:1028C000A400E8EE877A4FF47A72574307EE104A75
:1028D000B8EEC77AFCEEE77AC7EE086A17EE903AD0
:1028E000B3FBF7F107FB1133B3FBF2F307EE903ABA
:1028F000B6EE007AF8EEE77A28EE077AB4EEE77AD9
:10290000F1EE10FA4BBF38EE678A67EEA67A28EE32
:10291000268AFDEEE77A48BFFDEEC87A17EE904AA8
:1029200034448EE7B5F9023008EE103A09F0A8F801
:10293000EE8D07EE906AF8EE679A07EE904A07462A
:10294000B5F92C00F8EEE77AB8EEC88A704377EE56
:10295000888A38EE678AE9F79FFF77A3D3E90023D7
:10296000EAF73EF9EAF70AFB09EE100A3846E9F7FA
:1029700093FFD5ED137AF8EE677A804617EE900A4A
:102980008946E9F7ABFF704B0022E9F7FFFF0246EB
:102990000B4640464946E9F741FEEAF7EFFA9FED5C
:1029A0006B7A07EE900AE9EE077A4FF47A72564393
:1029B00038EEC87AFCEEE77AC7EE296A17EE903A4D
:1029C000B3FBF6F106FB1133B3FBF2F307EE903ADB
:1029D000F8EEE77A79EEE77AA7EEA68AFDEEC87AF6
:1029E00017EE904A2DE7B5F9023008EE103A09F0DB
:1029F00047F8EE8DB5F92C309FED557A07EE906AC9
:102A0000B8EE679A07EE904AB8EEC88AF8EEE77A11
:102A100077EE888A38EE678A07EE903AF8EEE77A22
:102A200067EE897AC7EE879AE9F736FF80468946CE
:102A3000D5ED137AF8EE677A17EE900AE9F74EFFB4
:102A4000414B0022E9F7A2FF02460B4640464946A9
:102A5000E9F7E4FDEAF792FA9FED3C7A07EE900A77
:102A6000E9EE877A4FF47A7101FB06F238EEC87A04
:102A7000FCEEE77AC7EE096A17EE903AB3FBF2F084
:102A800002FB1033B3FBF1F307EE903AF8EEE77A6E
:102A9000A2E708F0F5FFE9F7FFFE2B4B0022EAF76B
:102AA0009FF8D5ED137AF8EE677A064617EE900A8E
:102AB0000F46E9F713FF02460B4630463946E9F761
:102AC000ADFDEAF75BFAEB8DDFED215A022B38BF43
:102AD000022307EE903AB5F92C30F8EE677AB7EE9C
:102AE000007AC7EE276A07EE903AF8EEE77A06EE2C
:102AF000100A87EEA57AA6EE267A17EE100AE9F7F5
:102B0000EDFE0FA3D3E90023E9F740FFEAF736FA19
:102B100000EE100A1EF06CFF07EE904AB5F9023085
:102B2000B8EEE77A07EE903AF8EEE77AE0EE077A49
:102B300070E600208AE600BF00000000E093E1405C
:102B4000182D4454FB21194000408F4000007A4466
:102B5000009F0C4780F8AC1D7047D0F8A40D012BE6
:102B600038BF012340085AB1824203D8012A38BF36
:102B7000012210467F2B28BF7F2308808B7070476F
:102B80000246F3E7F8B504460E4600F1600500F58D
:102B900058676B78B34204D1236829469B69204665
:102BA00098475435BD42F4D1F8BD13B5012204460F
:102BB00001A94FF4207009F0E3F868B1BDF80420D2
:102BC00004F55861530A2046C2F30802FFF7C5FF17
:102BD00001212046FFF7D6FF012201A940F2812002
:102BE00009F0CEF868B1BDF8042004F69451530AF8
:102BF0002046C2F30802FFF7B0FF0B212046FFF783
:102C0000C1FF012201A940F2822009F0B9F868B1A0
:102C1000BDF8042004F69851530A2046C2F3080276
:102C2000FFF79BFF09212046FFF7ACFF012201A916
:102C300040F2832009F0A4F868B1BDF8042004F63E
:102C40009C51530A2046C2F30802FFF786FF0A216F
:102C50002046FFF797FF002301220DF106014FF4F4
:102C60002170ADF8063009F08BF830B1BDF80630B0
:102C700084F8B03D1A0A84F8AD2D01220DF1060149
:102C800040F2852009F07CF818B1BDF80630A4F8B0
:102C9000AE3D01220DF1060140F2862009F070F8E8
:102CA00038B1BDF8063084F8C43DC3F3012284F87E
:102CB000A02D02B010BD0139CBB21E2B10B50CD81F
:102CC0000A2404FB0104B4F8D43D72B133B90A23D9
:102CD00003FB01010023C1F8CC3D10BD013B9BB2B9
:102CE000A4F8D43D002BF8D1F1E7012202FA01F15A
:102CF000D0F8C82D0A43C0F8C82D4FF6FF72934292
:102D00001CBF0133A4F8D43DE7E70139CBB21E2B39
:102D100005D822B90A2303FB0100C0F8CC2D704767
:102D2000012B21D80139C9B20B291DD801EB810132
:102D30000B4400EB43000D49B0F9CC3D13448B42EA
:102D4000B8BF0B4647F6FF718B42A8BF0B46002A5F
:102D5000B8BF5242A0F8CC3DB0F9D03D12B29A4271
:102D6000B8BF1A46A0F8D02D704700BF0180FFFF02
:102D70002DE9F04FD1E9005787B004460E46BD4219
:102D800048D194F8C53D002B73D0D6E90037FF1A1F
:102D90000023CDE90433BF100A20194600FB03428B
:102DA00001330C2BC2F8CC1DF8D104F160054FF0B3
:102DB00000094FF0540B0BFB094A9AF86030A3BB93
:102DC0009AF86030002B3CD029462046FFF7D4FC0F
:102DD0004FF0000A02905FFA8AF8B8450AF1010A3A
:102DE0002FDA029ACDF80080334629462046FFF7B5
:102DF00037FB43460246039069782046FFF790FF71
:102E000006AB03EB8808039A58F8083C134448F8CB
:102E1000083CE0E728680021F8F7BAFF94F8C51DE0
:102E200055F8040BF8F728FDA9E72B6B4FF6FF7256
:102E30009342C5D0002BC3D0ECF76EF8EB6C9842F0
:102E40001AD209F10109B9F1280F05F15405B2D1DF
:102E5000DFF87480002547F6FF79EBB2BB4205F13D
:102E6000010520DB782204F6CC5104F64460E9F732
:102E700037FB07B0BDE8F08FECF74EF8EB6CC01AEB
:102E80002B6B98429CD94FF000088AF860805FFA5B
:102E900088F3BB4208F1010892DA697800222046E3
:102EA000FFF73EFFF3E706AA02EB830252F8081C85
:102EB00032684145B8BF4146494552F82300A8BF92
:102EC0004946F8F765FFC8E70180FFFF00F10803F6
:102ED00073B5044603600D4611B90E4822F03AFC62
:102EE0000846E9F7CDF80F280646019006D90021DB
:102EF00001A8FFF7C3F9019B2060A3603246294671
:102F00002068F9F71BFE019B226863600021D15401
:102F100002B070BD936E040810B503490446FFF774
:102F2000D5FF204610BD00BF22720408A1F10801A0
:102F3000F2E700BFF0B5044689B004F1080504F0DB
:102F40003BFC002340F602227C492846FDF70EFE9A
:102F50007B4902A8FFF7BAFF1423802202A904F1DB
:102F6000280008F06FFE02A8F8F7F5F8754B23600B
:102F700003F130028833A260A3624FF45262002151
:102F800004F1600018F032FBFF204FF6FF710122C0
:102F900084F86400C4F8901084F8B320234604F643
:102FA000CC4683F8B800C3F8E41083F80721543303
:102FB000B342F6D1644B04F5586603F12007186854
:102FC0005968324603C20833BB421646F7D14FF464
:102FD0007A73C4F8A43D04F6A85300275B4A84F82A
:102FE000A07D1A605A4BC4F8AC3D7F2384F8B03DF5
:102FF00004F6B4534FF07E521A604FF083425A6089
:103000004FF081429A604FF08042DA601923A4F8B1
:10301000C43DC4F8C87D3946782204F6CC5018F077
:10302000E5FA3946782204F6446018F0DFFA84F8AD
:10303000BC7E20460326FFF7B8FD2846FDF72EFE8E
:103040003A462846434B44490096FDF7BFFD0B27FF
:103050002846424B424900960122FDF7B7FD324611
:103060002846404B40490097FDF7B0FD28463F4BAE
:103070003F4900970422FDF7A9FD28463D4B3E49F4
:1030800000970522FDF7A2FD28463C4B3C490097DE
:103090000622FDF79BFD28463A4B3B49009702224A
:1030A000FDF794FD40F2131300932846374B38493F
:1030B0001022FDF78BFD112200922846354B364930
:1030C000FDF784FD2846354B354900960722FDF76C
:1030D0007DFD2846334B344900960822FDF776FDE6
:1030E0002846324B324900960922FDF76FFD2846EB
:1030F000304B314900960A22FDF768FD3A462846D2
:103100002E4B2F490096FDF761FD28462D4B2E4989
:1031100000960C22FDF75AFD28462C4B2C490096B0
:103120000D22FDF753FD28462A4B2B4900960E220F
:10313000FDF74CFD204609B0F0BD00BF4072040809
:103140004372040820980408205D04080AD7233C31
:10315000FFFE40404A7204086A720408777204084D
:1031600096720408A07204088F6B0408AC720408FD
:10317000DB6B0408BA720408B46B0408C672040856
:10318000036C0408D372040838720408107304082E
:103190003573040844730408607304086E730408EC
:1031A000817304088A7304089A730408A3730408DB
:1031B000B8730408C3730408D5730408E0730408E3
:1031C000F4730408FE7304080F74040819740408E7
:1031D000AD6D0408517404087574040873B5551A6C
:1031E0000F2D04460E46019506D9002101A8FFF7D0
:1031F00045F8019B2060A3602A4631462068F9F714
:103200009DFC019B226863600021D15402B070BD17
:103210000022C0F8C82D09B1FEF78EBF70470139F2
:103220000B290BD800236130542202FB03F1415CCF
:1032300009B9184670470133282BF6D14FF0FF30FB
:10324000704770B504460E461546B44201D1284673
:1032500070BD21462846FBF7EBF9D4E90623C5E902
:103260000623D4E90823C5E9082394F8283085F813
:1032700028302046F7F76FFF30343035E5E708B4E3
:10328000F0B50E46114682B00446C81D20F0070076
:1032900000AF07F11C03ADEB000D6D4653F8042B96
:1032A0007B602846B04704F10803236000232A18F6
:1032B000636020462946FFF791FF20460837BD4648
:1032C000BDE8F04001B0704713B5044610EE100A97
:1032D000E9F704FB054BCDE900013A2220460449F9
:1032E000FFF7CDFF204602B010BD00BF8E7404086A
:1032F000BDB3030838B50568044635B1284602F069
:103300004BF82C21284621F0FBFE204638BD00005A
:10331000124B70B503F130020360883304468260BB
:10332000836200F5586500F16006B54209D0543D4E
:1033300005F14400FFF7DEFF05F14000FFF7DAFF7B
:10334000F3E704F1280008F061FC04F10800FDF740
:103350005BF9204604F0C8F9204670BD20980408A7
:10336000A0F10800FFF7D4BFA0F12800FFF7D0BFFD
:1033700010B50446FFF7CCFF20464FF46C6121F0F6
:10338000BFFE204610BDA0F12800FFF7F1BFA0F15D
:103390000800FFF7EDBF2DE9F04104462C20174649
:1033A00098460E4621F0C6FE069BD8ED000A93ED26
:1033B000001A97ED000A3178054602F037FB2560C8
:1033C0002046BDE8F08110B50468016044B1204694
:1033D00001F0E2FF20462C21BDE8104021F090BE14
:1033E00010BD2DE9F043272997B0804666D85425B3
:1033F00005FB01F68419012294F86110FFF75BFCCC
:103400002A46002101A8002518F0F0F81822FF270D
:1034100029460DEB02008DF8087018F0E7F801233B
:1034200008F160088DF8573006F10C03434484F826
:103430006470002206AF2566A4F86650A5661A607F
:103440005A600FCF04F1740CACE80F0097E803004A
:1034500006F140094FF6FF7E08EB09078CE80300F0
:10346000C4E9235E29463846C4E92555C4F89C5072
:10347000CDF834E0FFF7A7FF2946381DFFF7A3FF7B
:103480004FF08073C4F8B030A4F8A850C4F8AC5022
:1034900012A8FFF72FFF11A8FFF72CFF58F80930EB
:1034A0001BB129463846FFF78EFF443608EB06006D
:1034B00058F8063013B10021FFF785FF17B0BDE8BB
:1034C000F083000030B503680D6893F8A02D03EB7E
:1034D00002120C46B2F8881D92F88A2D07EE101AD7
:1034E000D3F8A41D07EE901AB8EEC77AF8EE677A03
:1034F00000EE902A03F6A85387EE270A89B0F8EE6B
:10350000E00AD3ED007A60EEA70A45B19FED111AEB
:103510000021284609B0BDE8304002F06BBA002314
:10352000079307AB05AA00930DF10F0106AB04A8A2
:103530008DED050ACDED060A8DF80F50FFF72BFF34
:10354000049904952046FFF73EFF04A8FFF7D2FE3A
:1035500009B030BD0000000030B503680D6893F875
:10356000A02D03EB02120C46B2F8841D92F8862DB2
:1035700007EE101AD3F8A41D07EE901AB8EEC77A1A
:10358000F8EE677A00EE902A03F6A85387EE270A32
:1035900089B0F8EEE00AD3ED007A60EEA70A45B1F3
:1035A0009FED111A0021284609B0BDE8304002F015
:1035B00021BA0023079307AB05AA00930DF10F0171
:1035C00006AB04A88DED050ACDED060A8DF80F5067
:1035D000FFF7E1FE049904952046FFF7F4FE04A8E6
:1035E000FFF788FE09B030BD0000000030B5036869
:1035F0000D6893F8A02D03EB02120C46B2F88C1D57
:1036000092F88E2D07EE101AD3F8A41D07EE901A2B
:10361000B8EEC77AF8EE677A00EE902A03F6A85360
:1036200087EE270A89B0F8EEE00AD3ED007A60EE63
:10363000A70A45B19FED111A0021284609B0BDE83F
:10364000304002F0D7B90023079307AB05AA0093D7
:103650000DF10F0106AB04A88DED050ACDED060AAC
:103660008DF80F50FFF797FE049904952046FFF759
:10367000AAFE04A8FFF73EFE09B030BD000000001E
:10368000036830B5B3F8802D0D6807EE102AD3F823
:10369000A42D07EE902A93F8822DF8EE677AB8EE03
:1036A000C77A00EE902A03F6A85387EE270A89B05E
:1036B0000C46F8EEE00AD3ED007A60EEA70A45B1B9
:1036C0009FED111A0021284609B0BDE8304002F0F4
:1036D00091B90023079307AB05AA00930DF10F01E1
:1036E00006AB04A88DED050ACDED060A8DF80F5046
:1036F000FFF751FE049904952046FFF764FE04A8E5
:10370000FFF7F8FD09B030BD0000000013B50B460F
:103710000246D0E900016C4684E8030093E8030008
:1037200082E8030094E8030083E803009868916846
:103730009060D8689960D168D060D96002B010BD3F
:1037400010B588B0234A0392234A02924A78002394
:10375000013ACDE900330C460A2A14D8DFE802F01A
:103760003213131313131313062C2600CDE904038D
:103770001A4B07931A4B069304A86946FFF7C6FF36
:1037800004A8F7F7CEFD029B04F1400103B3039BAD
:1037900068469847029B04F14401CBB1039B6846FD
:1037A00098476846F7F7BDFD08B010BDCDE90403A2
:1037B0000C4B07930C4BDEE7CDE904030B4B07934F
:1037C0000B4BD8E7CDE904030A4B07930A4BD2E72A
:1037D00021F0CAFFB11F020815220208C5340208F1
:1037E000C521020859350208A5210208ED35020855
:1037F0008521020881360208652102082DE9F0477B
:10380000D0E901639E420446894607D03046FBF763
:1038100079F8636830336360BDE8F087144A0121AA
:10382000F6F752FD27688046FEF7DCFCA6EB070A98
:10383000054649465044FBF765F82A463146384666
:10384000FFF7FFFC314600F130023046FFF7F9FC8C
:10385000A168084BC91B0911064659433846FEF7B3
:10386000E5FC3023C4E9005603FB0855A560D3E707
:10387000026A0408ABAAAAAA2DE9F047D0E90143DD
:103880009C420546894614D00A88002304F10801A9
:10389000C4E906232372C4E9001300220023C4E90B
:1038A0000823022384F82830436830334360BDE89E
:1038B000F0871D4A0121F6F707FD2F688046FEF7C5
:1038C00091FCA4EB070A00EB0A030646B9F80010C6
:1038D00003F10800002246F80A00C3E906125A6004
:1038E0001A72002000210222C3E9080183F828206F
:1038F000214632463846FFF7A4FC214600F130024B
:103900002046FFF79EFCA968084BC91B0911044615
:1039100059433846FEF78AFC3023C5E9006403FBAF
:103920000866AE60C3E700BF026A0408ABAAAAAA91
:103930002DE9F047D0E901439C420546894614D061
:103940000A78002304F10801C4E906232372C4E9BC
:10395000001300220023C4E90823022384F828303E
:10396000436830334360BDE8F0871D4A0121F6F714
:10397000ABFC2F688046FEF735FCA4EB070A00EB92
:103980000A03064699F8001003F10800002246F8E1
:103990000A00C3E906125A601A72002000210222AE
:1039A000C3E9080183F82820214632463846FFF74C
:1039B00048FC214600F130022046FFF742FCA9688E
:1039C000084BC91B0911044659433846FEF72EFC23
:1039D0003023C5E9006403FB0866AE60C3E700BF9F
:1039E000026A0408ABAAAAAA10B504460846236ACC
:1039F000022B114601D0202B03D123690B7001202B
:103A000010BD012B01D0102B02D1FFF791FFF6E77B
:103A10000220F5E7012A30B403D10B78037030BCE3
:103A20007047002AFBD030BC17F040BD2DE9F74F9E
:103A3000D0F804B00C9D594507460E4614469846EA
:103A400005D90A46264827495B4621F089FEABEB9B
:103A5000010A524528BF5446A4EB0B0303F100436F
:103A6000013B9D4202D9204821F077FEFAF719FE6A
:103A700005EB0B09A9EB0409814529D83B684345AF
:103A80001E44AAEB040214D85B44984511D8CDE932
:103A90000052434622463146384621F068FE3B68D4
:103AA000C7F804900022384603F8092003B0BDE8A7
:103AB000F08F2AB1A54203D031197019FFF7AAFF80
:103AC000002DECD02A4641463046F9F737F8E6E7B4
:103AD00000954346224631463846FAF73AFFDEE77C
:103AE000B46F0408917404087D6F040873B504462C
:103AF00008460D461646E8F7C3FA00221146009024
:103B00002B463046FFF792FF01462046FAF790FD1C
:103B1000204602B070BD00002DE9F04798B01E4667
:103B200007460C46684645491546FFF7CFF9012E72
:103B30000AD942493846FFF7C9F96846F7F70BFB3F
:103B4000384618B0BDE8F087D5B9D4F8C83D0BB9F0
:103B50003B49EFE73B4ED4F8C83DEB40DB0704D5CB
:103B600056F825106846FCF7B7FA01350C2DF2D14E
:103B7000019B009A013B00210193D1540099D9E7A0
:103B8000DFF8CCA0DFF8CC90DFF8CC8004EB460562
:103B900004F17806B5F9D01D0CA8F7F723FB0CAAA1
:103BA000514612A8FFF7A2FFDDE912126846FBF7A3
:103BB00099FC12A8F7F7CFFA0CA8F7F7CCFAB5F9E9
:103BC000CC1D0CA8F7F70EFB0CAA494612A8FFF76C
:103BD0008DFFDDE912126846FBF784FC12A8F7F7A7
:103BE000BAFA0CA8F7F7B7FAB4F8D41D06A8F7F795
:103BF000F9FA06AA41460CA8FFF778FF12490CA86B
:103C0000FCF76AFA014612A8FAF712FDDDE9121272
:103C10006846FBF767FC12A8F7F79DFA0CA8F7F7C0
:103C20009AFA0A3406A8F7F796FAB44205F10A059B
:103C3000A4D006496846FCF74FFAABE7AC7004081D
:103C4000FB710408B8980408C4740408A774040835
:103C5000AA740408B2740408BC7404082DE9F7437C
:103C600006460846D1F8048057680C461546FAF710
:103C700018FD08EB0709484514D22846FAF711FD4C
:103C800048450FD3CDF8008000222368114628460E
:103C9000FFF7CCFE01463046FAF7CAFC304603B0C7
:103CA000BDE8F08329683A462046FBF71BFCF1E7A4
:103CB0002DE9F04F0B680446A1B008461546112BBC
:103CC00000F2BC82DFE813F012002B00510060010B
:103CD0006E01A301C801E401000211022D023E029F
:103CE0005A027B026B029302C600F1000B6A012BA1
:103CF00005D104F558612846FFF7BEFD98E0022B78
:103D000040F0968094F8823D0A6904F55861204697
:103D1000FEF723FF01212046FEF734FF88E00B6AFF
:103D2000082B14D104F6A85494ED000A14A8FFF748
:103D3000CBFA14AAC4491AA8FFF7D8FE1AA9284634
:103D4000FFF75CFD1AA8F7F706FA14A87FE0012B2D
:103D500005D104F682512846FFF7EAFD68E0022B00
:103D600066D10B7CB4F8802DCFE7096A012954D1C4
:103D7000D5E901639E4214D0D4F8C82D002306F182
:103D80000801C6E906233372C6E9001300220023A6
:103D9000C6E90823022386F828306B6830336B604D
:103DA00046E0AA4A2846F6F78FFAD5F80080814601
:103DB000FEF718FAA6EB080AD4F8C81D074600EB70
:103DC0000A0303F10800002247F80A00C3E90612BB
:103DD0005A601A72002000210222C3E9080183F808
:103DE000282031463A464046FFF72BFA314600F18B
:103DF00030023046FFF725FAA968954BA1EB080180
:103E00000911044659434046FEF710FA3023C5E92C
:103E1000007403FB0977AF600AE002290AD1D0E9F8
:103E2000043213430CBF012100212046FFF7F0F9B3
:103E30000120B4E00829FBD100231A4621461AA824
:103E4000FFF76AFE28461AA9FFF7D8FC1AA8F7F769
:103E500082F9EDE70B6A012B01D0102B02D1037A16
:103E60000122EBE7022BE3D1D1E904710029DFDB6A
:103E700000230A261A4604F6D45C06FB03F0251834
:103E800057EA010E03F1010318BFC5F8CC2DC5F8A0
:103E9000D02D18BF2CF800200C2BEED10023C4F835
:103EA000C83D2046FEF748F9C2E70B6A102B28D11F
:103EB0000F7A022F28BF022704F1780304EB47078B
:103EC0000193D5E901639E421FD0B4F84C1EB7F9A7
:103ED000442E002306F1080C3372C6E900C3C6E97C
:103EE0000813062386F828306B68D0173033C6E9EC
:103EF00006206B60019B0A34A34207F10A07E0D158
:103F000096E7012B94D10027D6E7504A0121284695
:103F1000F6F7DAF9D5F800908246FEF763F9A6EBDA
:103F2000090B00EB0B038046B7F9441EB4F84C0EA6
:103F300003F1080E002248F80BE04FEAE17CC3E9E8
:103F400008025A601A720622C3E9061C83F8282068
:103F5000314642464846FFF774F9314600F13002D7
:103F60003046FFF76EF9A968394BA1EB0901091139
:103F7000064659434846FEF759F9302303FB0A83A6
:103F8000C5E90086AB60B5E70B6A082B02D104F6E1
:103F9000B854C9E604F6AE522946FFF725FD21B014
:103FA000BDE8F08F0B6A082B2ED104F6B45494EDC3
:103FB000000A02A8FFF788F902AA234908A8FFF718
:103FC00095FD244908A8FCF787F801460EA8FAF7E2
:103FD0002FFB2D2114A8F7F705F914AA0EA91AA88A
:103FE000FFF73CFE1AA92846FFF708FC1AA8F7F7C6
:103FF000B2F814A8F7F7AFF80EA8F7F7ACF808A8CE
:10400000F7F7A9F802A822E704F6AD52C4E70B6A55
:10401000082B15D104F6BC5494ED000A02A8FFF752
:1040200053F902AA084908A8FFF760FD094908A842
:10403000FCF752F801460EA8FAF7FAFA2821C9E768
:1040400004F6AF52A8E700BFC6740408026A040869
:10405000ABAAAAAACD7404080B6A082B15D104F5E3
:104060005C6494ED000A02A8FFF72EF902AA7449D5
:1040700008A8FFF73BFD734908A8FCF72DF8014697
:104080000EA8FAF7D5FA0421A4E704F55B6283E7EA
:104090000B6A012B06D194F8A01D04EB011101F667
:1040A000885128E6022B7FF4C3AE94F89A3D0A6942
:1040B00004F698512046FEF750FD94F8A03D012BE0
:1040C0007FF4B6AE092126E60B6A012B06D194F8DF
:1040D000A01D04EB011101F68A513CE6022B7FF48E
:1040E000A7AE0B7CB4F8982DE2E70B6A012B06D142
:1040F00094F8A01D04EB011101F68451FBE5022B9D
:104100007FF496AE94F8963D0A6904F694512046E1
:10411000FEF723FD94F8A03D012B7FF489AE0B211F
:10412000F9E50B6A012B06D194F8A01D04EB0111EF
:1041300001F686510FE6022B7FF47AAE0B7CB4F8C1
:10414000942DE2E70B6A012B06D194F8A01D04EB35
:10415000011101F68C51CEE5022B7FF469AE94F883
:104160009E3D0A6904F69C512046FEF7F6FC94F841
:10417000A03D012B7FF45CAE0A21CCE50B6A012B3C
:1041800006D194F8A01D04EB011101F68E51E2E571
:10419000022B7FF44DAE0B7CB4F89C2DE2E70B6A4A
:1041A000012B02D104F6C451D5E5022B7FF440AEB9
:1041B0000B7C642B28BF642384F8C43D38E60B6A6B
:1041C000012B02D104F55A61C5E5022B7FF430AE14
:1041D0000B69012B28BF0123204684F8A03D0A214A
:1041E000FEF7D0FC09212046FEF7CCFC97E7096AD0
:1041F000012917D1D5E901639E4202D094F8BC2E63
:10420000BCE5114A2846F6F75FF8D5F800808146EC
:10421000FDF7E8FFA6EB080A94F8BC1E074600EB82
:104220000A03CEE502297FF403AE037C012B28BFED
:10423000012303F0010384F8BC3EF9E50020AEE65B
:10424000C6740408CD740408026A0408A0F10800CA
:10425000FFF72EBD034A034692E8030083E80300FC
:1042600018467047A400001070470020704780680F
:1042700070470020704703685B691847704710B5A6
:104280000C21044620F03CFF204610BD10B5036809
:104290002DED028B9B6A04469847A0B12368204607
:1042A000DB699847236808EE100A9B6A2046984706
:1042B00007EE900AB8EEC88AF8EE677A88EE270A09
:1042C000BDEC028B10BD9FED010AF9E70000000074
:1042D00010B503682DED028B9B6A04469847A0B188
:1042E000236820465B699847236808EE100A9B6A9A
:1042F0002046984707EE900AB8EEC88AF8EE677A2B
:1043000088EE270ABDEC028B10BD9FED010AF9E78C
:1043100000000000024A026000228260704700BF75
:10432000089904087047000008B50368002B02DAFA
:104330000C4821F012FA8B420AD9B3EB410F4FEA35
:10434000410205D2002AB6BF6FF00043026003604D
:104350000068013001D521F0F7F9BDE8084020F0F0
:10436000E9BE00BF1C6A040852B9EFF310838068ED
:1043700023B9EFF305830BB9F0F7F6BEF0F742BFB0
:1043800070470000F0B50A4605460C46B5B001235B
:1043900042F20F7042F21071092A02D9632A34D80E
:1043A000013305F108020F2B2A60019306D9002181
:1043B00001A8FFF7B9FF019B2860AB60019E26B101
:1043C000012E28682ED1002303702B686E60002216
:1043D0009A55D5E900761E49C92201A8E8F780F868
:1043E000BB196421632C22D8092C85BF34AB03EBA5
:1043F0004404303414F8CB3C86BF14F8CC4C7B70AA
:10440000E4B228463C7035B0F0BDB2F57A7F01D2F7
:104410000233C6E7824201D80333C2E70433B2FB5A
:10442000F1F2B9E73246002117F0E0F8CDE7B4FB2E
:10443000F1F001FB1042044634A800EB420212F8EE
:10444000CB0C12F8CC2C03F8010C03F8022DC9E7B1
:10445000346A04080346006818B11879003818BF98
:10446000012070471E4A30B5042114461379002BF1
:1044700034D092F8243043B902F120031B1B5B11A6
:104480000460436030BD1A46F0E792F8443013B937
:1044900002F14003F2E792F8643013B902F16003CD
:1044A000ECE7013902F18003EDD10E4DE91A402904
:1044B0000AD0602903D020290AD02B46DEE71979DB
:1044C0000029DBD002F1A0031A79002AD6D02033CC
:1044D0001979044A002918BF1346CFE71346CDE7E0
:1044E000602A0120602C0120F8B5D0E90052561B4B
:1044F00004464FEAA60C0027FBB2634512D255F8DA
:1045000023608E4205EB830007F10107F4D1011D02
:104510008A4204D0521A042A05DD16F0C7FF6368E8
:10452000043B6360F8BD04BF426845F82320F6E70A
:1045300010B5044B0360044601460348FFF7D4FF5F
:10454000204610BD84990408602C012010B5044653
:10455000FFF7EEFF2046042120F0D2FD204610BDDB
:1045600010B5064B03601833044640F8043F07F0CB
:104570004DFB2046FFF7DCFF204610BD989904084C
:10458000A0F10400ECE700BF10B50446FFF7E8FF18
:104590002046402120F0B4FD204610BDA0F10400CB
:1045A000F2E72DE9F8430B68036001F108070B7986
:1045B0000371054600F1080838460C46F6F7C5FDBC
:1045C000064690B147450AD0E2681AB1A168A868CA
:1045D000F8F7B4FAE368AA68EB600021D154A26846
:1045E0000023E3601370BDE8F8834046F6F7ADFDA5
:1045F00010B9AE68D5F81090A368AB60E368EB60C3
:1046000023692B611EB1A660C4F81090E7E7083754
:10461000A760E4E72DE9F84FD0E9008A93466FF0F0
:104620006043AAEB0802B3EBA20F074689464FEAA4
:10463000A20402D11E4821F090F8C24514BF2246C0
:104640000122A418A1EB08052ED27CB39C4228BFFE
:104650001C46A00020F06EFD0646DBF800307351CA
:10466000002D04DD2A464146304616F01FFFAAEB16
:10467000090A0435BAF1000F354404DD52464946B3
:104680002846E7F72DFF5544B8F1000F05D0B9686B
:104690004046A1EB080120F033FDC7E9006506EBB9
:1046A0008406BE60BDE8F88F1C46D2E72646D4E7F4
:1046B000026A040873B5D0E900639A1B0191921055
:1046C0000024E5B2954206D3826893420BD043F8AA
:1046D000041B436005E056F825508D4204F10104A7
:1046E000EFD102B070BD01AA1946FFF793FFF8E7BA
:1046F00010B5044B0360044601460348FFF7DAFF98
:10470000204610BD84990408602C012030B5044671
:1047100089B0FFF7EDFF251D01AA0D4902A8F8F7A2
:1047200019FA4FF4807202A91323284607F08AFA77
:1047300002A8F6F710FD074B2360183363600123CE
:1047400084F83C30284607F02DFA204609B030BDE9
:104750004D75040898990408F0B53D4C89B005469C
:104760001126013E34D13B4E04273046FFF772FE3E
:1047700000286AD006F120042046FFF76BFE0028CF
:1047800055D006F140042046FFF764FE00284ED0C5
:1047900006F160042046FFF75DFE002847D0013F88
:1047A00006F1800431D12C4B1B1B402B35D0602BE4
:1047B0002DD0202B36D0294BD3E90046B4421ED051
:1047C00054F8040B036800229B6829469847F5E7D4
:1047D00054F8083C0093214614F8043C8DF804304A
:1047E00002A8F8F7FFF92A68009B9A4202A808D1AC
:1047F0002A799DF804309A4203D1F6F7ACFC09B04F
:10480000F0BDF6F7A8FC2034ABE72646ADE720461E
:10481000FFF720FE58B106F1A0042046FFF71AFE6C
:1048200028B120342046FFF715FE0028C3D10A4BDB
:104830009C42C0D02B6823602B79237105F10801BD
:1048400004F10800FCF7EDFDB5E73446EFE700BFE3
:10485000682A0120602A0120602C0120602C0120A0
:104860002DE9F0431C4BDFF87490D3E9006889B060
:104870000024B04513D104AB18480094CDE90234AC
:104880008DF804408DF810401124013C00F1200502
:1048900014D102A8F6F75FFC09B0BDE8F08356F822
:1048A000047B002505EB09012035B5F5087FE0D034
:1048B0003B6801229B6838469847F3E7009B45F820
:1048C000203C9DF8043005F81C3C083002A9FCF798
:1048D000A8FD2846D9E700BF602C0120602A0120EE
:1048E00030B591B004460D460AA80968FFF74AFDA5
:1048F00027490AA8FBF7F0FB01462046F9F798FE86
:104900000AA8F6F728FC2B79022B29D0032B29D0F3
:10491000012B29D11F492046FBF7DEFBEB682BBB9F
:104920001D4903AA04A8F8F715F90022012311462E
:10493000009304A8164BFAF767F801460AA8F9F79E
:1049400077FE6368C3F1FF43DDE90A1203F5FF0355
:1049500003F5FF437F3393420ED2104820F0FDFE53
:104960000F49D8E70F49D6E70F49D4E705F1080109
:1049700004A8F8F737F9D8E72046FAF721F80AA88B
:10498000F6F7E9FB04A8F6F7E6FB204611B030BDC8
:10499000C27404085675040860750408FE6E0408A5
:1049A0005B75040863750408DD76040810B50B68B0
:1049B00003600B790371044608310830F9F738FEBB
:1049C000204610BD2DE9F04F02F1FF3A0AEBDA7AEA
:1049D00089B005460F46914698464FEA6A0A0C464A
:1049E0006FF0784B54454FEA44102EDB19F0010F5D
:1049F00010D1A9F1020202EBD272B4EB620F09D11D
:104A00000134660005EB8414A4F120012844FFF76B
:104A1000C8FD741E41466846661EFFF7C7FF06EBD9
:104A2000D6767610A74205EB441020DA730105EB29
:104A30004611EA58009B9A4219D2FFF7B2FD731E45
:104A400003EBD37334465E10ECE7661C7400B301CD
:104A50000BEB46067601EA58AB599A4238BF04F18F
:104A6000FF3405EB44112844FFF79BFDBAE7694684
:104A7000FFF797FD02A8F6F76EFB09B0BDE8F08FCF
:104A800070B590B0164604460D4668461146FFF7CD
:104A90008DFF21463046FFF784FD694608A8FFF7E1
:104AA00085FF2A1B08AB521100212046FFF78AFF21
:104AB0000AA8F6F750FB02A8F6F74DFB10B070BD40
:104AC00010B588B0044601466846FFF76FFF2046E0
:104AD000009A50F8203C9A42A4F1200407D369467A
:104AE000FFF75FFD02A8F6F736FB08B010BD2146C0
:104AF000FFF757FDEBE700002DE9F041184DA84204
:104B000088B0064629D108B0BDE8F08127462B6859
:104B100057F8202B9A421CD221466846FFF746FFE1
:104B2000641B6411B846002C0ADC28466946FFF76E
:104B300038FD02A8F6F70FFB3C46A642E6D1E2E7B5
:104B4000A8F14001A8F120084046FFF72AFD013CEA
:104B5000E9E72046FFF7B4FFEEE705F12004ECE7B4
:104B6000602A012030B589B00C46054601466846EA
:104B7000FFF71CFF21462846FFF713FD6946204634
:104B8000FFF70FFD02A8F6F7E6FA09B030BD2DE9F0
:104B9000F043044691B00D4617469846291BB1F5DF
:104BA000007F1EDD4FEA61195FBBA9F10206761096
:104BB00004EB46116846FFF7F9FE694608A8FFF7BF
:104BC000F5FE204608AB4A463146FFF7FBFE0AA831
:104BD000F6F7C1FA46B902A8F6F7BDFA2B1B202B4F
:104BE00007DC11B0BDE8F08302A8013EF6F7B3FA86
:104BF000DEE7203D08AB2A4629462046FFF740FF66
:104C0000ECE789114B01206AE25855F8203C9042AC
:104C100004EB411104F12006A5F1200C1ED29342B1
:104C200018D92046FFF79EFFA946236832689A42AA
:104C30001BD359F8202C9342A9F12009F9D34E45F2
:104C400015D3013F294643463A463046FFF79FFFBA
:104C50003546A3E7834203D96146E2E7834201D99F
:104C60003146DEE79342DCD9F6E72036DEE7304610
:104C70004946FFF777FF2036D7E7000010B5074C0D
:104C80004FF00003A4F5007021460822FFF77FFFD4
:104C90002046BDE81040FFF72FBF00BF602C012069
:104CA00000B5114A89B0002310461179032915D1A6
:104CB000002204A9CDE9021200EB431069460092DC
:104CC0008DF804208DF81020FFF76BFC02A8F6F792
:104CD00042FA09B05DF804EBFFF7D0BF0133102BA7
:104CE00002F12002E1D1F4E7602A01208FB5144FD0
:104CF000044600263B68D3B194F83C30BBB101A810
:104D0000CDE90166039605F00FFC396801230A22FC
:104D100001A8FCF715FFFFF7C3FFDDE90158A8451F
:104D200009D1019818B10399091A20F0E9F9A0688E
:104D3000F0F7FCFCDEE72846F6F70DFA3035EEE733
:104D4000002D0120A0F10400FFF7D0BF074B102178
:104D5000002203F110000139C3E902021A601A713E
:104D60001A7403F12003F4D1704700BF602A0120B8
:104D700038B50A4CA4F50075203C04F10800F6F79C
:104D8000EAF9AC42F8D1064B186828B19968BDE839
:104D90003840091A20F0B4B938BD00BF602C01209A
:104DA000602C012070470000F8B5134E134B0360D0
:104DB000D6E90052511B04464FEAA10C0027FBB272
:104DC0009C4512D955F823108C4205EB830007F15E
:104DD0000107F4D1011D8A4204D0521A042A06DDCB
:104DE00016F064FB7368043B73602046F8BD04BF93
:104DF000426845F82320F5E76C2C0120E09904086F
:104E000010B50446FFF7D0FF2046042120F078F9C2
:104E1000204610BD2DE9F84FD0E9008A93466FF087
:104E20006043AAEB0802B3EBA20F074689464FEA9C
:104E3000A20402D11E4820F090FCC24514BF2246B5
:104E40000122A418A1EB08052ED27CB39C4228BFF6
:104E50001C46A00020F06EF90646DBF800307351C6
:104E6000002D04DD2A464146304616F01FFBAAEB12
:104E7000090A0435BAF1000F354404DD52464946AB
:104E80002846E7F72DFB5544B8F1000F05D0B96867
:104E90004046A1EB080120F033F9C7E9006506EBB5
:104EA0008406BE60BDE8F88F1C46D2E72646D4E7EC
:104EB000026A0408114B73B50360114B0190D3E9EA
:104EC00000618A1B044692100020C5B2954206D3A9
:104ED0009A6891420CD041F8044B596005E056F8AD
:104EE0002550AC4200F10100EFD1204602B070BD68
:104EF000034801AAFFF78EFFF7E700BFE099040817
:104F00006C2C0120034B186818B19968091A20F01D
:104F1000F7B870476C2C012010B5482204460021D8
:104F200016F064FBFF2384F8283010BD2DE9F84308
:104F3000134F044600F15C08D7E90069B14505D17B
:104F40004FF0FF310120F0F71FFEF5E756F8045B44
:104F50002B6828461B6998470028EFD02B684146EC
:104F6000DB682846984723682A461B694146204645
:104F70009847D4E91732934218BF2366DEE700BF93
:104F8000542A012007B5EFF31083104A12685068C5
:104F90004BB9EFF3058333B90222194603B05DF82C
:104FA00004EBF0F729BE01A9F0F7A2FE019B4BB17B
:104FB0004FF0E0234FF08052C3F8042DBFF34F8F22
:104FC000BFF36F8F03B05DF804FB00BF782C0120A6
:104FD00010B588B0044601AA134902A8F7F7BAFD34
:104FE00002A920234FF42F72204606F02BFE02A8C0
:104FF000F6F7B1F823460D4A43F8402BA36300238C
:10500000C4E91433C4E91633C4E91833E36384F8FC
:105010004030012384F86830054B20461C6006F0C0
:10502000C1FD204608B010BD687504081C9A04082C
:10503000782C012070B5D0E900560446AE4207D165
:10504000206818B1A168091A20F05AF8204670BDEE
:105050002846F6F780F83035F0E70000104B70B5C1
:1050600004460360C06D18B1616E091A20F048F85B
:10507000D4E91456AE420ED1206D18B1A16D091AB3
:1050800020F03EF804F13800F6F765F8204606F007
:10509000BDFD204670BD2846FFF7CCFF4835E9E747
:1050A0001C9A040810B50446FFF7D8FF20466C216F
:1050B00020F026F8204610BD2DE9F8430546884625
:1050C00017464FF000094545384607F1480701D11A
:1050D000BDE8F8832B6847F8483C2C466B6847F8D6
:1050E000443CAB6847F8403CC5E9019944F8109B43
:1050F0000FCCA7F138060FC60FCC0FC694E80300FB
:105100002B8F86E8030027F8103CEB6B47F80C3C2C
:1051100095F8403007F8083C2846FFF78BFF4835E4
:10512000D1E700002DE9F047D0E90087214BA7EB3C
:105130000804E4105C43204B9C4205460E4602D115
:105140001E4820F00AFB474514BF22460122A4183E
:10515000A1EB080A29D254B39C4228BF1C46482020
:1051600060431FF0E7FF814609EB0A00FFF7D4FE1A
:1051700031464A464046FFF79FFF394600F1480254
:105180003046FFF799FF0646B8F1000F05D0A96831
:105190004046A1EB08011FF0B3FF482303FB049333
:1051A000C5E90096AB60BDE8F0871C46D7E7A1468D
:1051B000DAE700BF398EE338711CC701026A0408C0
:1051C0002DE9F74F4B680E68DFF84CA101930446B8
:1051D0009146019B9E4208D14F4BD3E90045AC421A
:1051E00040F08C8003B0BDE8F08FD4E9147804F16E
:1051F00050034745009307D03D4628464835FFF702
:1052000019FFA845F9D16765F56931682B68C6F8BB
:1052100024901B6C002228469847C36813F03B0F6C
:105220004DD0326A134214BF012700272846FAF7EF
:10523000BCFE00283DD0002F3BD0D4E91571B94207
:105240003FD038464837FFF767FE6765D4F854808B
:105250002B68A8F1480B9B695A4631462846984767
:10526000074658B92B682846DB68984740B12B6839
:105270005A465B693146284698470746032F24D093
:105280002B6828461B6B9847B64628F8100CBEE8DA
:105290000F00A8F1380CACE80F00BEE80F00ACE836
:1052A0000F009EE803008CE8030008F8087C48F82B
:1052B0000C5CD4E914329A420DD1283689E70127D3
:1052C000B4E70098FFF72EFFC0E7606D48386065CF
:1052D000FFF7B0FEEDE7DAE90058A845EDD055F844
:1052E00004BB6427DBF800305846DB69984758B99F
:1052F000013FF2D00120F0F787F9F3E754F8040BEF
:1053000003681B6A98476AE7DBF8003000995B691D
:105310004A4658469847E0E7542A012010B588B01D
:1053200001AA114902A8F7F715FC10480523032428
:10533000036002A904710830F7F754FC02A8F5F7DE
:105340000AFF01AA0A4902A8F7F704FC0948062344
:105350000360047102A90830F7F744FC02A8F5F7CE
:10536000FAFE08B010BD00BF717504089C2C012026
:10537000817504087C2C012008B50348F5F7EBFE85
:105380000248F5F7E8FE08BD842C0120A42C01207A
:105390000022826242627047704790ED060A7047B1
:1053A000B0EE407AD0ED017A90ED090AD0ED026AB4
:1053B000A7EE870AD0ED0A7AE6EE877AD0ED046A86
:1053C000E6EEC07AD0ED036AC0ED097AD0ED057A39
:1053D00067EEC07AE6EE877AC0ED0A7A7047000081
:1053E0002DE9F0472DED088B90ED089A0024F0EEA2
:1053F000C97A82464462846217EE900AE7F76EFA31
:10540000CF4B0022E7F7ECFB9FEDC70B41EC110BF4
:105410001CF072FD51EC100BE7F7B0FD08EE900A9E
:10542000DAF81800E7F75AFAC1A3D3E90023E7F73F
:10543000ADFA41EC100B1CF0D7FD51EC100BE7F767
:105440009DFD9AF8003008EE100A062B00F2D68077
:10545000DFE813F00700300055006C009500EB000A
:10546000E001DAED077A88EE276AF7EE007A28EE97
:10547000088A36EE277A37EE087AC7EE876A28EE72
:10548000267A77EE075A8AED017A8AED037A38EEAA
:10549000677A77EEC67A37EE077A77EE887A27EE64
:1054A000267ACAED025A8AED047A67EEA67ACAED28
:1054B000057AA3E0DAED077A88EE276AF7EE007A3C
:1054C00036EE277AA8EE087AC7EE876AB8EE007A39
:1054D00026EE877ACAED016A8AED027ACAED036A7E
:1054E000BFEE007AA8EE087A77EEC67A37EE077A32
:1054F000E8EE087A27EE267A8AED047AD5E7DAED27
:10550000077ACAF8084088EE276AF7EE007A36EE86
:10551000277AA8EE087AC7EE876A26EE267A8AED01
:10552000017AB1EE477A8AED037AD9E7DAED077AA4
:10553000C8EE275AF7EE007A35EEA77AF0EE676AE2
:10554000A8EE087AE8EE086A87EE876ABFEE007A6E
:10555000A8EE087A77EEE57A37EE077AE8EE087A71
:1055600066EE866A27EE067A67EE867ACAED016AEB
:105570008AED027ACAED036A8AED047A97E79AED1A
:10558000076AB7EE007AC8EE867AC7EE066AF0EED2
:10559000474AB0EE476AE8EE274AA8EE676AB0EEDF
:1055A000475AF0EE475AFFEE007AA8EE265AE8EE88
:1055B000665AE8EE087AB5EEC09AF1EE10FAE8EE17
:1055C000084AA8EE085AE8EE085AA8EE086A77EEEC
:1055D000A77A17DBC7EE056A66EEA77A66EEA44ADD
:1055E00026EE866A66EEA56ACAED014ACAED027A1F
:1055F0008AED036ACAED047ACAED056ABDEC088B30
:10560000BDE8F087C7EE246A66EEA77A26EE855AD3
:1056100066EEA55A8AED015A66EE866ACAED027AEE
:10562000CAED035ACAED047AE6E7B5EEC09AF1EE88
:1056300010FA78EEA8AA28EE089A68EE888AF7EEA3
:10564000009ABFEE00BAB1EE48AA7DDBE7F746F953
:1056500039A3D3E90023E7F799F9064619EE100AB2
:105660000F46E7F73BF9374B04460D46002230461C
:105670003946E6F7D5FF22462B46E6F7D1FF02462C
:105680000B4600202F49E7F7ABFAE7F777FCB0EEBF
:105690006A0A0BEE900A1CF089F9F0EE697AE8EEDE
:1056A000007AB0EE6A0AE8EE887A67EEAB7ACAED65
:1056B000017AF0EE4B7AE8EE887A77EEA77A67EE19
:1056C000AB7ACAED027A1CF071F9F0EE697AEAEE73
:1056D000007A32463B4639EE697AE8EE887A194913
:1056E00037EE077A67EEAB7A27EE2B7ACAED037AAC
:1056F0008AED047A0020E6F791FF22462B46E6F772
:105700008FFF04461BEE900A0D46E7F7E7F80246C6
:105710000B4620462946E7F739F9E7F72FFCCAF888
:1057200014006BE7AFF3008000000000000024408D
:10573000182D4454FB210940CD3B7F669EA0F63FC7
:10574000000034400000F03FB0EE6A0A1CF02EF971
:10575000F0EE697AE8EE007A18EE100AE8EE887A40
:10576000C9EEA7BAE7F7BAF891A3D3E90023E7F7A0
:105770000DF98046894619EE100AE7F7AFF806469C
:105780001BEE900A0F46E7F7A9F88B4B04460D462F
:10579000002240464946E6F743FF32463B46E6F7DD
:1057A0003FFF22462B46E7F7F1F8E7F7E7FB39EE34
:1057B000697ACAF8040037EE077A424627EE2B7A58
:1057C0004B468AED027A7C490020E6F727FF3246F5
:1057D0003B46E6F725FF22462B46E7F7D7F8E7F7E3
:1057E000CDFBF0EE4B7AE8EE887ACAF80C00B0EE0A
:1057F0006A0A77EEA77A67EEAB7ACAED047A1CF0F4
:10580000D5F8F0EE697AEAEE007AE8EE887A67EE8B
:10581000AB7A4CE6B5EEC09AF1EE10FA38EEA8BAC3
:1058200028EE089AF7EE009AB1EE48AA5BDBE7F79C
:1058300055F85FA3D3E90023E7F7A8F8064619EE69
:10584000100A0F46E7F74AF85B4B04460D46002264
:1058500030463946E6F7E4FE22462B46E6F7E0FE00
:1058600002460B4600205449E7F7BAF9E7F786FBF2
:10587000B0EE4B0A0AEE900A1CF098F8F0EE687A47
:10588000E8EE007AB0EE4B0A79EE277A67EEAA7A54
:10589000CAED017A79EE687A77EEA77A67EEAA7A8E
:1058A000CAED027A1CF082F8EAEE008A32463B46E4
:1058B000414979EE287A002067EEAA7ACAED037A88
:1058C00079EE697A77EEA77A67EEAA7ACAED047A5A
:1058D000E6F7A4FE22462B46E6F7A2FE04460D4656
:1058E0001AEE900A11E7B0EE4B0A1CF05FF8F0EEEA
:1058F000687AE8EE007A18EE100A77EE897AC9EE37
:10590000A7AAE6F7EBFF2AA3D3E90023E7F73EF8BF
:105910008046894619EE100AE6F7E0FF06461AEEC1
:10592000900A0F46E6F7DAFF234B04460D460022A5
:1059300040464946E6F774FE32463B46E6F770FEBF
:1059400022462B46E7F722F8E7F718FB79EE697A4B
:10595000CAF8040077EEA77A424667EEAA7A4B4669
:10596000CAED027A14490020E6F758FE32463B465B
:10597000E6F756FE22462B46E7F708F8E7F7FEFA69
:1059800079EE687ACAF80C0077EEA77AB0EE4B0A87
:1059900067EEAA7ACAED047A1CF008F8EAEE008AEB
:1059A00079EE288A68EEAA8ACAED058A26E600BF43
:1059B000CD3B7F669EA0F63F0000F03FF6EE007AFA
:1059C000B4EEE70AF1EE10FA0ADCB5EEC00AF1EE29
:1059D00010FA01D59FED040A80ED060AFFF700BD1D
:1059E000B0EE670AF8E700BF0000000080ED070A8C
:1059F000FFF7F6BCF6EE007AB4EEE70AF1EE10FA25
:105A00000FDCB5EEC00AF1EE10FA01D59FED060AE3
:105A10000170C0ED070A80ED060A80ED081AFFF755
:105A2000DFBCB0EE670AF3E70000000010B50446E3
:105A3000FFF7E0FF204610BDD0E913239B1A044A6C
:105A4000C06D5343984294BF00200120704700BFAF
:105A5000295C8FC2002302221946F0F7CDB8D0E9A5
:105A60001320101A18BF012070470A46002119237D
:105A70000846F1F74BBC70B504464FF0FF310120EA
:105A8000F0F782F8D4E91356B54208D1D4E91332BD
:105A90009342F2D02365F0E70120EFF7B5FD002037
:105AA000F1F71AFC0028F7D029462046FFF7DDFF62
:105AB0001935E9E7A0F10800FFF7DDBF10B504468E
:105AC000006818B1A168091A1FF01AFB204610BD22
:105AD00030B5044689B0FBF741FE04F1080501AA80
:105AE000134902A8F7F736F802A9122380222846A4
:105AF00006F0A8F802A8F5F72EFB0E4B2360303312
:105B0000A3600023C4E91033C4E91233C4E9143399
:105B1000012384F8583032220A23C4E91723064BA4
:105B200028461C6006F03EF8204609B030BD00BF94
:105B30009F750408709A0408BC2C012013B5044911
:105B400001AA0446F7F706F8204602B010BD00BFD0
:105B5000678A040810B50446006818B1A168091ADC
:105B60001FF0CEFA204610BD0D4B10B50360303348
:105B7000836004460B4BC06C00221A6018B1616D43
:105B8000091A1FF0BDFA04F14000FFF7E3FF04F12A
:105B9000080006F03BF82046FBF77AF9204610BDD6
:105BA000709A0408BC2C0120A0F10800FFF7DCBFAC
:105BB00010B50446FFF7D8FF204664211FF0A0FA75
:105BC000204610BDA0F10800FFF7F2BF7FB50446E4
:105BD0000D46006CAB680393D1E900122860606C3D
:105BE00068600026A06CA860C4E91066A66401A8DD
:105BF000CDE90112FFF7AEFFD4E91032934218BF8E
:105C00006364D5E90003C01A18BF0120267104B0EF
:105C100070BD00002DE9F84FD0E90079374BA9EBB2
:105C200007045C43364B9C4206468846924602D1A6
:105C300034481FF092FDB94514BF22460122A41832
:105C4000A1EB070B37D2C4B39C4228BF1C461920D6
:105C500060431FF06FFA0546524605EB0B030AF14D
:105C6000180152F8040B43F8040B8A42F9D1127858
:105C70001A7029463B46984501F119011FD103F1DD
:105C80001902D21B2A449E4610464B4500F11900CA
:105C900024D1A3EB0E0302EB030827B1B168384609
:105CA000C91B1FF02DFA1923C6E9005803FB045540
:105CB000B560BDE8F88F1C46C9E72546CCE71A4613
:105CC000A1F1190003F1180C52F804EB40F804EBB1
:105CD0006245F9D1127802701933CCE71946A0F168
:105CE000190C03F1180851F804AB4CF804AB41450A
:105CF000F9D109788CF800101933C6E7295C8FC2F6
:105D000051B81E05026A040838B50A46D0E90114E4
:105D1000A14203460DD0084602F1180452F8045B74
:105D200040F8045BA242F9D112780270193159602F
:105D300038BDFFF76FFFFBE72DE9F041234B88B03B
:105D400001AD07460C46904603F1180C2E46186824
:105D500059682A4603C2083363451546F7D1D8F877
:105D60001C001B78137003685B6B9847236ACDF89F
:105D70001530636ACDF819308388ADF80630D8F84D
:105D80000030CDF80930A369CDF80D30E369CDF8C6
:105D9000113083798DF8083094F82830013B062BB8
:105DA0000DD8DFE803F004110C110F0F07000A23D0
:105DB0008DF80530314607F14C00FFF7A5FF08B01C
:105DC000BDE8F0810423F3E70123F1E7405D040817
:105DD0002DE9F04F2DED028BD1E900489FED448B6A
:105DE0008DB0DFF814910546174610340DF1080AFE
:105DF000A4F1100398450BD1D5E913239A426FD033
:105E0000E8680DB0BDEC028BBDE8F04FFFF722BE95
:105E100094F83010032961D0BD4202D095F8583073
:105E20002BB9012954E9042328D19A4228D1D5E974
:105E300013239B1A2A6E09FB03F39A424ED30023C5
:105E40008DF80830019301238DF82830236ACDF8AE
:105E500000A0022B8DED068B8DED088B1FD18DF8E8
:105E60002830D4E90423CDE9062328462246694692
:105E7000FFF762FF6846F5F76EF901E00229D4D01A
:105E800054E9046B5E4529D096F82830032B04D0E2
:105E9000224631462846FFF74FFF3036F2E7202BE7
:105EA0000BD106238DF82830D4E90423CDE906234D
:105EB000D4E90223CDE90823D7E7102B01D0012B29
:105EC00003D154E904239A42F2D0022903D10723D3
:105ED0008DF82830C9E76846F5F73DF9483487E77B
:105EE0000DB0BDEC028BBDE8F08F00BFAFF30080BA
:105EF0000000000000000000295C8FC22DE9F04185
:105F000000238EB0CDE90B330D930C46D1F805700C
:105F1000097904978DF82810D4F80920D4F80D30A9
:105F2000CDE90823D4F81530D4F81120CDE90623A3
:105F300063780546042B06D8DFE803F0031A1C1E1D
:105F4000200002230C93FF2960883CD0F9F7EFFF73
:105F500006460B90A0B90D2305F14C006370214655
:105F6000FFF7D2FEE8680EB0BDE8F041FFF772BD62
:105F70000123E7E70823E5E72023E3E71023E1E730
:105F800003684FF48072D3F8388039460023C04745
:105F90000028E0D033684FF480729C6B39460023B0
:105FA0003046A04720B104A905F14000F9F782FA74
:105FB000D5E910239A4220D001232B710EB0BDE801
:105FC000F041FEF7DFBF014601A8FAF724FDDDE945
:105FD0000132934214D01B6813B100231B68FFDE0B
:105FE0000D236370214605F14C00FFF78DFEE86834
:105FF000FFF730FD01A8FFF761FD0EB0BDE8F081AD
:1060000001A8FFF75BFDD3E790F83800704712292D
:1060100003D0132906D000207047D0F839201A6029
:1060200004207047D0F83D20F9E7036801211B6A7E
:106030001847A0F10400FFF7F8BF036800211B6AAE
:106040001847A0F10400FFF7F8BF806AFCF76FB9AA
:10605000A0F10400FFF7F9BF38B504460025A9B246
:10606000A06A0135FDF7BDF9282DF8D10A2384F87F
:1060700042300123E38638BDA0F10400FFF7ECBFF6
:1060800038B50E4BC46A03603433054643607CB1B7
:106090006368013B63605BB9236820469B6898474F
:1060A000A368013BA3601BB923682046DB689847BF
:1060B000284605F0BDFB284638BD00BFE09A04081D
:1060C00010B50446FFF7DCFF204644211FF018F806
:1060D000204610BD08B50346806A28B9054B064A1C
:1060E0000648C22115F062FA83F83810BDE808406E
:1060F000FCF709B9A6750408BE750408E175040823
:10610000A0F10400FFF7E6BF806A08B528B9054B87
:10611000054A0648C82115F049FABDE80840FCF7D1
:1061200019BD00BFA6750408F8750408E1750408D8
:10613000A0F10400FFF7E8BF90F834007047B0F911
:10614000022003460AB1C2883AB9B3F9040028B163
:106150001889003818BF01207047012070470000DF
:1061600070B504460E46154605F06EFB0023052269
:10617000C4E90323C4E90623C4E90833144B726855
:1061800023603433002163603368A1606161A362DE
:10619000E26212B15168013151606033236301231F
:1061A000AB4084F8343000230A4AE3860A4B84F873
:1061B0004350C4E90E2340F20123A4F840300A23DF
:1061C000204684F8423005F045FB204670BD00BFF4
:1061D000E09A0408000101200D200D2880F83410F9
:1061E00070470B46002102460846F1F78FB890F839
:1061F0003830002B0CBF09231A2380F842300221CB
:106200004130FFF7EEBF0000806A10B528B9054B9A
:10621000054A0648CD2115F0C9F90368BDE81040CC
:106220009B691847A67504081F760408E1750408E1
:10623000CB0770B504460D4602D503689B699847A5
:10624000AE0703D523682046DB699847680703D566
:1062500023682046DB699847290707D5236820462D
:10626000DB699847236820465B699847EA0603D5AF
:1062700023682046DB699847AB0605D5236820468E
:106280009B69BDE87040184770BD38B54B78013B3D
:10629000272B05460C460ED8436804301B6A9847E6
:1062A00062782B6B013A542101FB0233A278E1782A
:1062B00042EA0122DA8038BD2DE9F041044696B069
:1062C000806A0D460978FCF7AAFF431C074605D1F2
:1062D000022384F83A3016B0BDE8F0814FF054083C
:1062E0004246002101A815F081F9FF238DF80830FE
:1062F0004FF6FF732978A06A0D93002201238DF8D1
:1063000057308DF80510FCF7D6FC01A92046FFF7A1
:106310007BFF266B9DF8043008FB07FC06EB0C05A1
:1063200006F80C309DF805306B70BDF906306B80B7
:106330009DF808302B71BDF90A30EB80BDF90C30A7
:106340002B81BDF90E306B810CF10C033344049AA0
:106350001A60059A5A600DF11808B8E80F0005F1A7
:10636000140EAEE80F0098E803008EE80300BDF9B4
:106370003030AB85BDF83230EB850D9B2B63BDF81B
:106380003830AB86BDF83A30EB860F9BAB63109B81
:10639000EB630CF1400C0022119B119256F80C504B
:1063A00046F80C3006EB0C0835B12846FEF7F4FF32
:1063B0002C2128461EF0A4FE0022129B1292D8F82F
:1063C0000450C8F8043035B12846FEF7E5FF2C210B
:1063D00028461EF095FE542202FB0766BDF84C309D
:1063E000A6F84830149BF364BDF85430A6F850303A
:1063F0009DF8563086F852309DF8573086F8533065
:10640000E38E01339BB2E386C3F1280303EB43031E
:10641000C3EBC3039B00791CA4F83B30C9B2012332
:1064200084F8391084F83A302046FFF7E0FE129CD9
:1064300034B12046FEF7B0FF2C2120461EF060FE4E
:10644000119C002C3FF447AF2046FEF7A5FF2C21FE
:1064500020461EF055FE3EE72DE9F04F2DED028B54
:106460004B785F1EFAB2272A83B006460C4600F22C
:10647000BB80056B4FF0540808FB07F903FB085875
:106480008B7818F8532C9A4205D005EB09010023AC
:10649000CB64FFF7B9FEE37A08F8503CA37808F81C
:1064A000533CE279217A4FF0540B0BFB075B42EA35
:1064B0000122ABF8502094F80DA096F834809BF898
:1064C00053200AEA0808BAB9083B032B14D809F18B
:1064D00014002844FFF733FE034618B14FF07E52F4
:1064E000CBF80C2009F1200905EB09000193FFF717
:1064F00026FE90BB019BB3BBE389DFED417A08EE3A
:10650000103AB8EEC88AC8EE277A17EE900AE6F776
:10651000E5F939A3D3E90023E6F738FAE6F72EFDCB
:1065200008EE900AB8F1000F3ED0B0EE680A1BF0FA
:106530005FFA542303FB075383ED030AB8F1000FFE
:106540003ED0B0EE680A1BF087FCB1EE400A54233F
:1065500003FB075383ED040A05E0542303FB0753B1
:106560004FF07E521A61B4F803304FF6FF72002BE1
:1065700008BF1346542202FB07552B63637AA27AA5
:1065800043EA0223A5F8483096F838301BB933683F
:1065900030469B6998476178304603B0BDEC028B6A
:1065A000BDE8F04FFFF723BE1AF0010F17BFDFED74
:1065B000157A9FED150A38EE678A88EE270AB8E744
:1065C0001AF0020F1BBF238A9FED0E7A9FED0E0A71
:1065D00007EE903A1FBFF8EEE77A77EEC77AF1EE52
:1065E000677A87EE870AB2E703B0BDEC028BBDE89D
:1065F000F08F00BFAFF30080182D4454FB211940E9
:1066000000A00C4700A08C4600000000F8B54E78B2
:10661000013EF3B2272B39D890F843508B78046BA6
:10662000CA7808799D424FF0540728BF1D4677432A
:106630000C2303FB0573234442EA00229A82087A62
:10664000CA7942EA00221A8388794A7942EA00220A
:10665000DA82087BCA7A42EA00229A834A7A887AE6
:1066600042EA00225A834A7B897B012D42EA0122B9
:10667000DA8310D107F120002044FFF760FD30B924
:10668000542303FB064393F8533063B9F8BDE31971
:10669000002283F853200C2010FB05701430204496
:1066A000FFF74DFD78B1152303FB065304EB83047C
:1066B000D4ED037AF5EE407AF1EE10FAE6D14FF020
:1066C0007E53E360E2E7002DE0D0D9E770B54C7867
:1066D000013CE4B2272C054636D88A78036B032A9E
:1066E0000FD15422624300219954542314FB03F424
:1066F0002B6BA86A1A5D1919BDE870404978FCF740
:1067000004BB022A17D0542101FB04F29A5C012A2F
:1067100004D004FB01312846FFF776FDE8F7FCFBC7
:10672000296B54236343CE18B6F848200244F26420
:106730000122CA54D9E71A4603F5526100208A4261
:10674000E1D002F8540BFAE770BD4A78013AD3B2AF
:10675000272B16D8036B542000FB0233C8788A78A5
:1067600042EA00229A86D1F806209A630A7948798B
:1067700042EA0022DA86D1F80A20DA63012283F89D
:10678000522070474A78013AD3B2272B10D8036BB6
:10679000542000FB023347F6FF72DA808A78C8780B
:1067A00042EA00221A810A79497942EA01225A8191
:1067B000704770B54D786B1EDAB2272A21D8026B6C
:1067C000886801284FF0540438BF012047F6FF764F
:1067D00004FB0323B04228BF3046D885887805FBE8
:1067E0000422CC7840EA042022F84E0C08794C7937
:1067F00040EA042022F8520C8A79C97942EA01223F
:106800009A8570BDF0B51D46436887B00E465B6A39
:10681000BDF83070044604309847711E10292AD8FC
:10682000DFE801F0103A41484F562929295D642BD1
:106830003229292909002946204607B0BDE8F04041
:10684000FFF73ABD112200210DF1050014F0CEFE34
:106850000123122F8DF804303A464FF0FF032946EA
:1068600028BF122201A88DF80F30E5F739FE01A9E3
:106870002046FFF7F1FD07B0F0BD6978204607B06C
:10688000BDE8F040FFF7D4BC236869785B6A204616
:1068900007B0BDE8F04018472946204607B0BDE8DC
:1068A000F040FFF752BF2946204607B0BDE8F04050
:1068B000FFF7ACBE2946204607B0BDE8F040FFF721
:1068C00078BF2946204607B0BDE8F040FFF7DDBCA1
:1068D0002946204607B0BDE8F040FFF753BF2946E0
:1068E000204607B0BDE8F040FFF7F0BE6978A06A27
:1068F000013989B207B0BDE8F040FCF772BD000075
:10690000034A034692E8030083E8030018467047F1
:10691000AC000010A1F10401F2E700BF09207047AC
:106920000920704710B50446806B78B1636B0A6824
:106930001B689A420AD103682146DB689847A06B1E
:10694000036821461B6998470023A36310BD10B557
:106950000446806B78B1636B0A681B689A420AD15F
:1069600003682146DB689847A06B036821465B6992
:1069700098470023A36310BD7047704710B50421EA
:1069800004461EF0BDFB204610BD00000B4B10B5A9
:1069900003F13002036088330446426043622C30C6
:1069A000F7F70AFA04F1240000F09EFE201DF9F723
:1069B0002BFE204600F000FC204610BD909B0408F2
:1069C000A0F10400FFF7E2BFA0F12400FFF7DEBF53
:1069D00010B50446FFF7DAFF204668211EF090FB51
:1069E000204610BDA0F12400FFF7F2BFA0F1040083
:1069F000FFF7EEBF436810B55B6B04460430984761
:106A0000837943B994F84010C220BDE8104001F0EA
:106A1000030105F087B910BDA0F12400FFF7EABF1C
:106A200008B5034678B1084A904206D9074A904211
:106A300001D91EF08CFE1EF087FE30205843BDE8C1
:106A400008401EF077BB08BDAAAAAA0255555505F5
:106A500008B50368002B02DA0C481EF07EFE8B425C
:106A60000AD9B3EB410F4FEA410205D2002AB6BF63
:106A70006FF00043026003600068013001D51EF032
:106A800063FEBDE808401EF055BB00BF1C6A040849
:106A900090F840007047000013B5041D2046FAF737
:106AA000FDF80B2300930449044B00222046FAF71B
:106AB0008DF802B010BD00BF378104084576040888
:106AC000F8B504461F460E46154600F067FB3B46E8
:106AD000124940F6024204F12407201DFAF746F855
:106AE000384600F069FE0E4B236003F13002883314
:106AF00062600121636204F12C0005F023F8002399
:106B0000C4E90E3384F8403038466663656600F0A9
:106B1000A1FD2046FFF7C0FF2046F8BD56760408C9
:106B2000909B0408F0B406460C46B9B100F1440548
:106B30000FCC0FC594E80F0085E80F0006F1440460
:106B40000FCCD6F834C00CF104070FC795E80F003E
:106B500087E80F00F0BC6046E9F7A4BEF0BC7047C0
:106B6000426E137A994228BF194670B48B4280F85E
:106B70004010546828BF0B4603EBC30304EB8304A7
:106B800006460FCC8BB001AD0FC50FCC0FC52368E7
:106B90002B6001AD0FCD06F144040FC495E80F0042
:106BA00084E80F00F36B06F1440123B130460BB0CB
:106BB00070BCFFF7B7BF0BB070BC7047436813B52C
:106BC0005B6B04460430984783796BB901220DF161
:106BD0000601C22005F0D4F830B1BDF806102046F9
:106BE00001F00301FFF7BCFF02B010BDA0F12400CB
:106BF000FFF7E4BFC36B5A1C70B40646C2637BB98F
:106C0000446B043400F144050FCC0FC594E80F0029
:106C100085E80F00304696F8401070BCFFF7A0BF23
:106C200070BC7047F8B506461D460B689DF81C7091
:106C3000B16308469B68314614469847706B0FB1A4
:106C40006400A4B2BDF818302A462146E9F70CFFCB
:106C5000B0FA80F04009F8BDF7B505461E460B684E
:106C60009DF82C70A96308469B68294614469847EE
:106C7000686B0FB16400A4B2BDF828300193099B82
:106C800000933246BDF820302146E9F7CDFFB0FA37
:106C900080F0400903B0F0BDF7B505461E460B680D
:106CA0009DF82C70A96308469B68294614469847AE
:106CB000686B0FB16400A4B2BDF828300193099B42
:106CC00000933246BDF820302146E9F73BFFB0FA89
:106CD00080F0400903B0F0BD436B93F83D002038CD
:106CE00018BF0120704707B5EFF310832C304BB964
:106CF000EFF3058333B94FF0FF3103B05DF804EBD8
:106D000004F0FABE002301A9019304F0FDFE019BEB
:106D10004BB14FF0E0234FF08052C3F8042DBFF386
:106D20004F8FBFF36F8F03B05DF804FB0846FFF78A
:106D3000DABF07B5EFF310832C303BB9EFF30583CF
:106D400023B903B05DF804EB04F0E8BE002301A909
:106D5000019304F0EEFE019B4BB14FF0E0234FF0A6
:106D60008052C3F8042DBFF34F8FBFF36F8F03B072
:106D70005DF804FB10B500F144010446FFF7D2FEB4
:106D80002046BDE81040FFF7D4BF836B01461BB11E
:106D90001A68184692691047FFF7ECBF0846FFF7DC
:106DA000E9BFC36B002BC8BF03F1FF3310B5C8BFE9
:106DB000C363836B8B42044603D100238363FFF7D5
:106DC000B8FFE36B23B9606BBDE81040E9F732BE52
:106DD00010BD0846FFF7ADBF014B0360704700BF11
:106DE000309C040870B504460E461546B44201D1E5
:106DF000284670BD21462846F7F71AFCD4E9062339
:106E0000C5E90623D4E90823C5E9082394F8283006
:106E100085F828302046F4F79EF930343035E5E720
:106E20002DE9F04F0D689BB007460B461446002D28
:106E300040F01081096A012955D1D2E901639E42CF
:106E400016D090F84030357206F10802C6E90025E8
:106E5000C6E9063500220023C6E90823022386F886
:106E6000283063683033636001201BB0BDE8F08FC9
:106E7000794A2046F3F728FAD4F800908246FFF7C3
:106E8000CFFDA6EB090B00EB0B0397F8402003F1B5
:106E9000080140F80B108046C3E9062500200021B8
:106EA0000222C3E908015D601D7283F82820314683
:106EB00042464846FFF796FF314600F13002304621
:106EC000FFF790FF0546B9F1000F05D0A1684846CD
:106ED000A1EB09011EF014F9302303FB0A83C4E976
:106EE0000085A360C0E7022907D1426E1278002A0C
:106EF000BAD0197CFFF734FEB6E70829B4D17B6E0F
:106F00009A685FFA85F84245AED95B68242202FB95
:106F100008331E6A10AB0E9316B950481EF01AFCC7
:106F20003046E5F7ADF80F288146149006D90021C8
:106F300014A8FFF78DFD149B0E9010934A4631461E
:106F40000E98F5F7FBFD149B0E9A0F930026D6546E
:106F50000F9B434ADA4202D142481EF0FEFB012257
:106F600041490EA8F7F72CFD014608A8F7F760FB8A
:106F7000414614A8F4F736F908A8F7F792FBDDF8B4
:106F800024A0DDF854900AEB0908804529D914A8FB
:106F9000F7F787FB804524D8089BCDF800A0324640
:106FA000314614A8F7F730FD014602A8F7F740FB79
:106FB000D4E90183984520D002A94046F7F7A2FC06
:106FC00063683033636002A8F4F7C5F814A8F4F7D7
:106FD000C2F808A8F4F7BFF80EA8F4F7BCF801351A
:106FE0008DE76FF00043A3EB0A0399451499B3D8DA
:106FF0004A4608A8F7F7E4FCD6E7174A01212046DD
:10700000F3F762F9D4F800B08146FFF709FDA8EB69
:107010000B0A064602A95044F7F774FC4146324673
:107020005846FFF7DFFE414600F130024046FFF7C9
:10703000D9FE8046BBF1000F05D0A1685846A1EBF0
:107040000B011EF05DF83023C4E9006803FB0966FC
:10705000A660B8E7002008E7026A0408936E0408F7
:1070600001000080FE6E0408C2740408A0F1040050
:10707000FFF7D6BE70470000034B186818B1996837
:10708000091A1EF03DB87047C42C012010B5094CF8
:107090002368BFF35B8FDB0709D42046E7F7A0FE28
:1070A00028B1054814F030FB2046E7F7FFFE0348FF
:1070B00010BD00BFC02C012079700208C42C012033
:1070C0002DE9F84FD0E9008A93466FF06043AAEBB0
:1070D0000802B3EBA20F074689464FEAA20402D189
:1070E0001E481EF03AFBC24514BF22460122A418D6
:1070F000A1EB08052ED27CB39C4228BF1C46A00001
:107100001EF018F80646DBF800307351002D04DD40
:107110002A464146304614F0C9F9AAEB090A04355B
:10712000BAF1000F354404DD524649462846E5F7DA
:10713000D7F95544B8F1000F05D0B9684046A1EB26
:1071400008011DF0DDFFC7E9006506EB8406BE609F
:10715000BDE8F88F1C46D2E72646D4E7026A040849
:1071600073B5D0E900639A1B019192100024E5B237
:10717000954206D3826893420BD043F8041B4360C8
:1071800005E056F825508D4204F10104EFD102B01C
:1071900070BD01AA1946FFF793FFF8E710B5054B3C
:1071A00003600446FFF772FF2146FFF7D9FF204630
:1071B00010BD00BF6C9C040810B5054B036004466D
:1071C000FFF764FF2146FFF7CBFF204610BD00BF4D
:1071D0006C9C040810B50446FFF7EEFF204604211E
:1071E0001DF08EFF204610BD034A034692E80300BF
:1071F00083E803001846704794010010A1F11C01B8
:10720000F2E7A1F11001EFE7024B187880F00100DE
:10721000704700BF88300120012070470020704770
:10722000034A034692E8030083E8030018467047C8
:10723000B400001070477047036800211B691847AD
:1072400080687047094B10B503F15C02036002616E
:1072500003F19002E833C363054BC2610446002288
:107260001A700DF07BFC204610BD00BF609D040825
:1072700088300120A0F11C00E4E7A0F11000E1E754
:10728000A0F13C00DEE700BF10B50446FFF7DAFFCF
:1072900020464FF4B8711DF033FF204610BDA0F119
:1072A0003C00F1E7A0F11C00EEE7A0F11000EBE7D5
:1072B000036809B19B6918475B69FCE71AB1012AA9
:1072C00004D000207047024B0360FAE70160F8E742
:1072D000189D040810B54FF4B8701DF02BFF012164
:1072E00004460EF031FA074B236003F15C02226181
:1072F00003F19002E833E363034BE26101221A7069
:10730000204610BD609D040888300120044B10B554
:1073100004460360C06808B1F3F7DEFF204610BDE5
:10732000289D040810B50446FFF7F0FF2046102101
:107330001DF0E6FE204610BD70B5D2B002AC0025AF
:107340000126814BADF8045001A88DF8066023603A
:10735000F4F715F80388A38004A8CDE90455069531
:10736000F4F771FF794B7A49636108A8794B23617F
:10737000F4F76EFF0423ADF8043001A8764B8DF8C6
:107380000660A362F3F7FBFF0388A3850EA8CDE98F
:107390000E551095F4F757FF704B7149E36312A82F
:1073A000704BA363F4F754FF0523ADF8043001A834
:1073B0006D4B8DF806602365F3F7E1FF0388A4F8B1
:1073C000543018A8CDE918551A95F4F73CFF674BCF
:1073D000674963661CA8674B2366F4F739FF0623E9
:1073E000ADF8043001A8644B8DF80660A367F3F78D
:1073F000C6FF0388A4F87C3022A8CDE92255249545
:10740000F4F721FF5D4B5E49C4F88C3026A85D4B34
:10741000C4F88830F4F71CFF0723ADF8043001A846
:10742000594B8DF80660C4F8A030F3F7A8FF038825
:10743000A4F8A4302CA8CDE92C552E95F4F703FF21
:10744000524B5349C4F8B43030A8524BC4F8B03052
:10745000F4F7FEFE0823ADF8043001A84E4B8DF87A
:107460000660C4F8C830F3F78AFF0388A4F8CC306C
:1074700036A8CDE936553895F4F7E5FE474B48492F
:10748000C4F8DC303AA8474BC4F8D830F4F7E0FE33
:107490000923ADF8043001A8434B8DF80660C4F809
:1074A000F030F3F76CFF0388A4F8F43040A8CDE97E
:1074B00040554295F4F7C7FE3C4B3D49C4F80431B2
:1074C00044A83C4BC4F80031F4F7C2FE0A23ADF8DF
:1074D000043001A8384B8DF80660C4F81831F3F772
:1074E0004EFF0388A4F81C314AA8CDE94A554C95B3
:1074F000F4F7A9FE314B324E3249C4F82C314EA874
:10750000314BC4F82831F4F7A3FE4FF4A070C6E95C
:107510000055B5601DF00EFE52A900F5A07302469D
:1075200030602046B360F6F71FFA52AD7060283D18
:1075300005F11800F3F7F5FE05F10800F3F7F1FE89
:10754000A542F4D152B070BDB40000106DB3010873
:10755000BFAC010891AF01088C01001039B10108DE
:107560001540030855AF0108B4010010F5B001083B
:10757000056C03083DAF0108AC01001031B00108F3
:10758000156C0308F5AE0108DC010010ADB0010870
:10759000E19A030825AF0108D4010010E9AF010802
:1075A000F19A0308DDAE01089C01001075B00108D6
:1075B00001AD01080DAF010894010010D572020859
:1075C000D02C012009720208BD720208FFF7B4BE78
:1075D00070B50C4DD5E90046A64207D1286878B1B0
:1075E000A968BDE87040091A1DF08ABD04F11800B1
:1075F000F3F797FE04F10800F3F793FE2834EBE766
:1076000070BD00BFD02C012070470000034B1868EC
:1076100018B19968091A1DF073BD7047E42C012058
:1076200010B5094C2368BFF35B8FDB0709D42046F4
:10763000E7F7D6FB28B1054814F066F82046E7F7CF
:1076400035FC034810BD00BFE02C01200D76020878
:10765000E42C0120044A127812B10368DB68184751
:1076600001220271704700BFDC2C0120F8B50B4BE2
:1076700001221A70FFF7D4FFD0E900560027AE426E
:1076800000D1F8BD55F8044B2379002BF7D02368BF
:107690002046DB6898472771F1E700BFDC2C01200A
:1076A000F8B5D0E90052561B04464FEAA60C002755
:1076B000FBB2634512D255F823608E4205EB83007E
:1076C00007F10107F4D1011D8A4204D0521A042A9D
:1076D00005DD13F0EBFE6368043B6360F8BD04BF97
:1076E000426845F82320F6E710B5054B03600446D1
:1076F000FFF796FF2146FFF7D3FF204610BD00BFDE
:10770000809E040810B50446FFF7EEFF20460821CE
:107710001DF0F6FC204610BD2DE9F84FD0E9008A97
:1077200093466FF06043AAEB0802B3EBA20F074643
:1077300089464FEAA20402D11E481EF00EF8C24547
:1077400014BF22460122A418A1EB08052ED27CB357
:107750009C4228BF1C46A0001DF0ECFC0646DBF84E
:1077600000307351002D04DD2A464146304613F0A7
:107770009DFEAAEB090A0435BAF1000F354404DD79
:10778000524649462846E4F7ABFE5544B8F1000F8F
:1077900005D0B9684046A1EB08011DF0B1FCC7E96E
:1077A000006506EB8406BE60BDE8F88F1C46D2E794
:1077B0002646D4E7026A040873B5124B036000251D
:1077C00005710446FFF72CFFD0E900618A1B019484
:1077D00092102B46DDB2954206D3836899420CD0B5
:1077E00041F8044B416005E056F82550AC4203F1E6
:1077F0000103EFD1204602B070BD01AAFFF78CFF54
:10780000F8E700BF809E04087047704770477047D4
:107810000830704784B030B504AC84E80E0000F145
:1078200008050FCC0FC50FCC0FC50FCC0FC594E8C2
:10783000030085E80300BDE8304004B0704710B590
:107840000446806878B163680A681B689A420AD166
:10785000036821461B6A9847A06803682146DB68D5
:1078600098470023A36010BD10B50446806878B126
:1078700063680A681B689A420AD1036821461B6A3A
:107880009847A068036821461B6998470023A360B6
:1078900010BD10B50446806878B163680A681B683B
:1078A0009A420AD1036821461B6A9847A068036878
:1078B00021465B6998470023A36010BD10B50446BC
:1078C000806878B163680A681B689A420AD10368C5
:1078D00021461B6A9847A068036821469B69984720
:1078E0000023A36010BDB0F1805F08B506D3B0F1EE
:1078F000005F01D31DF02BFF1DF026FFBDE80840FF
:10790000C0001DF017BC0A6803689A4205D182883E
:107910008B889B1A5842584170470020704781421B
:10792000F8B504460E461BD0D1E900750068A3687F
:10793000ED1B1B1AAB421BD2E81001D0FFF7D3FF9F
:10794000064600239D420CD1206818B1A168091A8F
:107950001DF0D6FB26602E44A66023682B4463608E
:10796000F8BDF91803C9F21882E803000833E9E703
:107970006268121A95420CD8082D04DD2A46394651
:1079800013F094FDE9E7E8D13B680360BB8883808E
:10799000E3E7082A14DD394613F088FDD4E90037FF
:1079A00032687668FB1A1A44B61A00239E42D4D075
:1079B000D11803C907EB030C8CE803000833F5E783
:1079C00001BF3B680360BB888380E7E7F8B50446E6
:1079D00016460D461F4601F0E5FE134BC4E900357F
:1079E0000025C4E90255C4E90455C4E906552562D9
:1079F000012104F1240004F0A5F89DF8183084F862
:107A00002C30314604F10C0084F82D5084F82E50AF
:107A1000A560FFF784FF04F118003146FFF77FFFF0
:107A200027632046F8BD00BFC49E04081830704785
:107A30000C307047D0E90332D21AB1EBE20F34BFF9
:107A400003EBC1000020704770B50C4699B1466841
:107A5000351D2C22284613F0FBFC60B10FCC0FC55E
:107A60000FCC0FC594E8070085E807003046BDE855
:107A70007040EAF743BC70BD2DE9F041069D984681
:107A80002B680446DB690E46014628461746984790
:107A900094F82E305BB994F82C3043B12B6828460B
:107AA0005B6A984700F10C012046FFF7CDFF606844
:107AB000A56043463A463146BDE8F041EAF750BE7C
:107AC000F8B51D461B680446DB690E46014628468C
:107AD0001746984794F82E305BB994F82C3043B190
:107AE0002B6828465B6A984700F10C012046FFF797
:107AF000ABFF6068A5603A463146BDE8F840EAF75A
:107B0000BBBE2DE9F0411C461B68BDF81880DB693F
:107B100005460E46014620461746984795F82E30F2
:107B20005BB995F82C3043B1236820465B6A9847CF
:107B300000F10C012846FFF787FF4346314668688D
:107B40003A46EAF73DFC2368294620461B6ABDE811
:107B5000F04118472DE9F7430A9DBDF82C9098464F
:107B60002B680446DB690E460146284617469847AF
:107B700094F82E305BB994F82C3043B12B6828462A
:107B80005B6A984700F10C012046FFF75DFFCDF8D6
:107B900000904346314660683A46EAF7DFFC2B68BE
:107BA0001B6A2146284603B0BDE8F043184713B5C9
:107BB0000446EFF3108324305BB9EFF3058343B938
:107BC0004FF0FF3103F098FF012384F82D3002B00D
:107BD00010BD002301A9019303F096FF019B002B28
:107BE000F2D04FF0E0234FF08052C3F8042DBFF3E2
:107BF0004F8FBFF36F8FE7E707B50346EFF31082B0
:107C000024304AB9EFF3058232B983F82D2003B04E
:107C10005DF804EB03F082BF002283F82D2001A958
:107C2000019203F086FF019B4BB14FF0E0234FF030
:107C30008052C3F8042DBFF34F8FBFF36F8F03B093
:107C40005DF804FB90F82D00704790F82E302BB9AA
:107C5000D0E90330181A18BF012070470020704780
:107C6000027C8189806882F00102E8F701BE10B5CC
:107C700004460846FFF79BFF2046BDE81040FFF78B
:107C8000EFBF027C81898068E8F7F2BD10B50C4631
:107C9000FFF7F7FF2046BDE81040FFF7ADBF10B576
:107CA0000446006818B1A168091A1DF029FA204697
:107CB00010BD000010B5094B044640F8243BF6F710
:107CC0007BF804F11800FFF7EAFF04F10C00FFF75E
:107CD000E6FF204601F0FEFC204610BDC49E0408CD
:107CE00010B50446FFF7E6FF204634211DF008FAE0
:107CF000204610BD2DE9F041A1EB000805460F46D6
:107D000016464FEA6818B8F1000F2C4608DC7B1BBA
:107D1000102B29D0182B21D0082B2BD03C462FE03C
:107D200029463046FFF7EFFD50BB05F10804214618
:107D30003046FFF7E8FD18BB05F110042146304638
:107D4000FFF7E1FDE0B905F1180421463046FFF7E1
:107D5000DAFD2035A0B908F1FF38D4E729463046CE
:107D6000FFF7D1FD60B9083421463046FFF7CBFD5F
:107D700030B9083421463046FFF7C5FD0028CDD084
:107D80002046BDE8F08113B5C46980696B4683E87D
:107D900006001A462146FFF7ADFF201A18BF012042
:107DA00002B010BD37B5C4696B4683E806000546CE
:107DB0001A4680692146FFF79DFFA04214D000F1CA
:107DC00008018C4204D0621A082A07DD13F06EFB0A
:107DD000EB69083BEB61012003B030BD01BF826855
:107DE00002608A888280F3E70020F5E7F0B50F464D
:107DF000144985B0C0E900176C4602A984E80C005C
:107E000081E80C00064600F1080C8CE80C00012308
:107E1000337403C9A3887C68B0600434ACF80430C0
:107E20000FCC06F114050FC50FCC0FC594E8070061
:107E300085E807009CE806003846FFF7B3FF3046A8
:107E400005B0F0BDF09E04082DE9F84FD0E900869A
:107E500093466FF07043A6EB0802B3EBE20F0746C0
:107E600089464FEAE20402D126481DF076FC4645D9
:107E700014BF22460122A418A1EB080A31D294B300
:107E80009C4228BF1C462046FFF72DFD05469BE877
:107E9000030005EB0A0383E80300AC46434699451B
:107EA0000CF1080C03F108021FD1A2EB08022A44CE
:107EB0009E469446B3420CF1080C1CD1A3EB0E0372
:107EC000D618B8F1000F05D0B9684046A1EB0801FB
:107ED0001DF016F9C7E9005605EBC405BD60BDE805
:107EE000F88F1C46CFE72546D1E793E803001346F9
:107EF0000CE90300D3E793E8030008330CE903001F
:107F0000D8E700BF026A040873B506696D4685E8C4
:107F1000060004462A46C0683146FFF7EBFE86425B
:107F200002D1002002B070BDE669A0692A46314640
:107F3000FFF7E0FEB0420346F3D1226A904207D039
:107F400095E8030083E803000833E3610120E9E7D3
:107F500001462A4604F11800FFF776FFF6E7000015
:107F6000034610B5054A43F8082B044693E806007B
:107F70004068FFF7C9FF204610BD00BFF09E04080F
:107F800010B50446FFF7ECFF204640211DF0B8F87D
:107F9000204610BDF8B50A6883689A4205460C462B
:107FA00003D18A8883899A421CD06F6894E80600BE
:107FB0003846FFF7E8FE08B90020F8BD05F10806CD
:107FC00096E806003846FFF79FFF0028F4D02368A4
:107FD000AB60A388B38094E806006868BDE8F84009
:107FE000FFF7E0BE0120E8E72DE9F84FD0E9008671
:107FF00093466FF07043A6EB0802B3EBE20F07461F
:1080000089464FEAE20402D126481DF0A6FB464508
:1080100014BF22460122A418A1EB080A31D294B35E
:108020009C4228BF1C462046FFF75DFC05469BE8A6
:10803000030005EB0A0383E80300AC464346994579
:108040000CF1080C03F108021FD1A2EB08022A442C
:108050009E469446B3420CF1080C1CD1A3EB0E03D0
:10806000D618B8F1000F05D0B9684046A1EB080159
:108070001DF046F8C7E9005605EBC405BD60BDE834
:10808000F88F1C46CFE72546D1E793E80300134657
:108090000CE90300D3E793E8030008330CE903007D
:1080A000D8E700BF026A04080A46D0E901318B42D2
:1080B00010B5044606D092E8030083E803000833B5
:1080C000636010BD1946FFF78FFFFAE7F0B52DED9D
:1080D000048B87B000250646086B0595B0EE408AF4
:1080E000F0EE608AB0EE419A0C46CDE90355E4F714
:1080F000D3FB5A4B0022E4F749FC0195E4F73EFF1D
:1081000001A9029003A8FFF7CFFF206BE4F7C4FB9F
:108110000022534BE4F73AFC08230193E4F72EFFC7
:1081200001A9029003A8FFF7BFFF206BE4F7B4FB9F
:1081300000224FF07F53E4F729FC10230193E4F76A
:108140001DFF01A9029003A8FFF7AEFF206BE4F723
:10815000A3FB0022434BE4F719FC18230193E4F737
:108160000DFF01A9029003A8FFF79EFF206BE4F723
:1081700093FB00223C4BE4F709FC20230193E4F736
:10818000FDFE01A9029003A8FFF78EFF206BE4F724
:1081900083FB0022354BE4F7F9FB28230193E4F736
:1081A000EDFE01A9029003A8FFF77EFF206BE4F724
:1081B00073FB00224FF07E53E4F7E8FB302301937A
:1081C000E4F7DCFE01A9029003A8FFF76DFF206B26
:1081D000E4F762FB0022264BE4F7D8FB3823019337
:1081E000E4F7CCFE01A9029003A8FFF75DFF039B13
:1081F000DFED206A93E8030086E8030004991A463D
:108200008A420DD115B13760C6ED019A059918461D
:10821000C91A1CF075FF304607B0BDEC048BF0BDE9
:1082200092ED017A78EE477AF0EEE77AF4EEE76ABB
:10823000F1EE10FA0FDDB4EEE87AF1EE10FA0ADD95
:10824000B4EEC97AF1EE10FA41BF1768F0EE479A22
:10825000F0EE676A01250832D2E700BF0000E03F78
:108260000000D03F0000B03F0000A03F0000903F62
:108270000000703F0000807F2DE9F043D0E90167E6
:10828000B74285B00D464FF0000426D04FF00008ED
:108290004FF0000956F8040B036802A91B69CDE9E9
:1082A00002899847029A039BA4F1200CC4F1200193
:1082B000A34002FA0CFC22FA01F143EA0C030B433F
:1082C000696801912968A2400A4301992044194331
:1082D000B742C5E90021C4B2DCD1204605B0BDE8F3
:1082E000F083B0F1005F08B506D3B0F1804F01D341
:1082F0001DF02DFA1DF028FABDE8084080001CF0A2
:1083000019BF0000F8B50025184B03600F4604465E
:108310001646C0E90155C0E90355C0E905550121DC
:108320001C3003F00FFC3B6863633368A363C4E94C
:108330000955C4E90B5520201CF0FCFED4E90A6263
:10834000921B002A054608DD314613F0AFF8216B79
:108350003046891B1CF0D4FE01E0002EF7D1C4E9A1
:108360000A55203525632046F8BD00BF409F04080C
:1083700010B50446006810B103685B689847204652
:1083800010BDF8B5D0E90167BE42044607D03546B6
:1083900028460435FFF7ECFFAF42F9D1A660F8BDDF
:1083A00010B50446006810B103685B689847204622
:1083B00010BD0000F8B5D0E90467214B0360BE4250
:1083C000044607D0354628460435FFF7E9FFAF429B
:1083D000F9D16661D4E90167BE4207D03546284627
:1083E0000435FFF7C5FFAF42F9D1A660A06A18B106
:1083F000216B091A1CF084FE04F11C00F5F7DCFC6B
:10840000D4E90456AE4211D1206918B1A169091A04
:108410001CF076FED4E90156AE420CD1606818B16A
:10842000E168091A1CF06CFE2046F8BD2846FFF7EB
:10843000B7FF0435E6E72846FFF79AFF0435EBE778
:10844000409F040810B50446FFF7B4FF20463C21C6
:108450001CF056FE204610BDF8B5D0E90467BE42B8
:10846000044607D0354628460435FFF799FFAF424A
:10847000F9D16661F8BDF8B5D0E900470E46002590
:10848000A74201D12846F8BDA388B3420ED104F11A
:108490001800F3F7F1FE48B123690BB91DF064F938
:1084A000636904F108009847054686802834E7E7A9
:1084B000F8B5D0E900470E460025A74201D128466D
:1084C000F8BDA388B3420ED104F11800F3F7D4FE2F
:1084D00048B123690BB91DF047F9636904F108003D
:1084E0009847054686802834E7E700002DE9F84FD5
:1084F000D0E9008692466FF06043A6EB0802B3EB2A
:10850000A20F074689464FEAA20402D123481DF074
:1085100024F9464514BF22460122A418A1EB080BFA
:108520002DD274B39C4228BF1C462046FFF7D9FECB
:108530000546DAF8003045F80B300023CAF8003061
:1085400029464346994503F104021CD1A2EB0802D7
:108550002A4418461146B3421AD11B1AD618B8F14C
:10856000000F05D0B9684046A1EB08011CF0C8FD1A
:10857000C7E9005605EB8405BD60BDE8F88F1C46D1
:10858000D3E72546D5E71B6841F8043B1346D9E7F6
:1085900053F804CB41F804CBDDE700BF026A0408BE
:1085A00010B50A46D0E90114A142034606D010686E
:1085B00041F8040B00201060596010BDFFF796FFD2
:1085C000FBE7F7B5D0E9016704460D46B7420DD188
:1085D000606B2946FFF76CFF90B100906946201D43
:1085E000FFF7DEFF6846FFF7C3FE09E056F8041BFD
:1085F0000B6868469B689847BDF80430AB42E5D1EC
:1086000003B0F0BD2DE9F341044600F11C070E460E
:1086100038464FF0FF3103F06FFA2368A6841B69D8
:1086200020469847002504F1040846FA05F3DB07C5
:108630000CD5606BA9B2FFF73BFF38B1019001A9DF
:108640004046FFF7ADFF01A8FFF792FE0135102D60
:10865000EBD1384602B0BDE8F04103F05FBA00004C
:108660002DE9F84FD0E9008692466FF06043A6EB03
:108670000802B3EBA20F074689464FEAA20402D1D3
:1086800023481DF06AF8464514BF22460122A4186B
:10869000A1EB080B2DD274B39C4228BF1C46204688
:1086A000FFF71FFE0546DAF8003045F80B300023CF
:1086B000CAF8003029464346994503F104021CD10B
:1086C000A2EB08022A4418461146B3421AD11B1ADB
:1086D000D618B8F1000F05D0B9684046A1EB0801E3
:1086E0001CF00EFDC7E9005605EB8405BD60BDE832
:1086F000F88F1C46D3E72546D5E71B6841F8043BB5
:108700001346D9E753F804CB41F804CBDDE700BFAB
:10871000026A040810B50A46D0E90114A1420346D2
:1087200006D0106841F8040B00201060596010BD9D
:10873000FFF796FFFBE7F7B5D0E9046704460D465F
:10874000B7420ED1A06B2946FFF795FE98B1009075
:10875000694604F11000FFF7DDFF6846FFF720FED1
:1087600009E056F8041B0B6868469B689847BDF8FB
:108770000430AB42E4D103B0F0BD2DE9F34104462F
:1087800000F11C070E4638464FF0FF3103F0B4F9F4
:108790002368E684DB6920469847002504F1100829
:1087A00046FA05F3DB070CD5A06BA9B2FFF763FE11
:1087B00038B1019001A94046FFF7ACFF01A8FFF7CF
:1087C000EFFD0135102DEBD1384602B0BDE8F04188
:1087D00003F0A4B910B50C1A042C134607DD0146AA
:1087E0002246184612F062FE0346181910BD04BF57
:1087F00002681A60F9E710B50C1A042C134607DD5D
:1088000001462246184612F051FE0346181910BDC3
:1088100004BF02681A60F9E72DE9F04F00F11C036C
:1088200085B004464FF0FF311846019303F064F918
:1088300004F128030393D4E90A32934218BFE36298
:10884000D4F810A063690293029B534506D10198A6
:1088500003F064F9039805B0BDE8F08F5AF8040BF3
:1088600003681B699847D0E9009BCB45E76AD4F8B9
:108870002880E9D0226BABEB0906D21BB24211D3A0
:108880003A4659464846FFF7A5FFE26A3244E2629B
:1088900039463846FFF7AFFF3A4649464846FFF7A4
:1088A00099FFD1E7A7EB08016FF06043A3EBA100AC
:1088B000B0EBA60F4FEAA6024FEAA10502D21B4871
:1088C0001CF04BFF8E4298BF2A46AD1828D255B3F4
:1088D0006FF06042954228BF15462846FFF701FD1C
:1088E0000646394632464046FFF785FF594602465E
:1088F0004846FFF76FFF394602463846FFF77BFFD1
:108900000746B8F1000F05D0216B4046A1EB0801E6
:108910001CF0F6FBC4E90A6706EB8506266393E7BD
:108920006FF06045D9E72E46DBE700BF0A72040806
:10893000034A034692E8030083E8030018467047A1
:10894000BC000010406CF9F7DBBCA0F12000FFF781
:10895000F9BF70B504460025A9B2606C0135FAF77D
:1089600040FD282DF8D1236820469B6D00219847B3
:1089700023682046DB6DBDE87040FF211847A0F159
:108980002000FFF7E6BF406CF9F7BDBCA0F1200066
:10899000FFF7F9BF406CFAF7DDB8A0F12000FFF750
:1089A000F9BF406CF9F7C3BCA0F12000FFF7F9BF95
:1089B00038B50F4B036005466C330362FFF7C9FF00
:1089C000AC6C7CB16368013B63605BB92368204693
:1089D0009B689847A368013BA3601BB923682046A6
:1089E000DB6898472846F7F70FFE284638BD00BFDA
:1089F0009C9F040810B50446FFF7DAFF204650217B
:108A00001CF07EFB204610BD18B1302359431CF0EA
:108A100077BB704708B5034678B1084A904206D93B
:108A2000074A904201D91CF092FE1CF08DFE3020C6
:108A30005843BDE808401CF07DBB08BDAAAAAA02A5
:108A4000555555052DE9F04104460F4602F108053C
:108A50004FF00008BC42A5F1080001D1BDE8F0814B
:108A6000264645F8085C56F8083BB3421ED16268BA
:108A7000314601322846E3F733FD636845F8043C8C
:108A8000D4E90623C4E9006884F80880C5E9042312
:108A9000D4E90823C5E9062394F8283085F8203066
:108AA0002046F2F758FB30343035D3E745F8083C20
:108AB000A3682B60E1E7000073B513460D4640F64E
:108AC000032241490446F8F751F800230522C4E97E
:108AD0000A23C4E90D23C4E90F333C4B6A682360C1
:108AE0006C33002123622B68616221636364A2649A
:108AF00012B15168013151606033E36420460325AF
:108B0000F8F7CCF800952046314B32490022F8F7AF
:108B10005DF8102300932A4620462F4B2F49F8F783
:108B200055F81123009320460A262D4B2D4901228A
:108B30003025F8F74BF820462B4B2C4900960222A3
:108B4000F8F744F820462A4B2A4900950422F8F702
:108B50003DF82046284B294900950522F8F736F8BC
:108B60002046274B274900950622F8F72FF8204684
:108B7000254B264900950722F8F728F82046244B74
:108B8000244900950822F8F721F82046224B234972
:108B900000950922F8F71AF832462046204B214961
:108BA0000095F8F713F820461F4B204900950B223B
:108BB000F8F70CF820461E4B1E4900950C22F8F7DA
:108BC00005F8204602B070BD637604089C9F040837
:108BD00067760408727604087B7604082884040803
:108BE000877604080A730408A7760408E176040867
:108BF000E57604080B7704080F7704084689040813
:108C0000297704083E770408457704085C77040850
:108C10006577040801860408807704089D770408B6
:108C2000A6770408C5770408C9770408E97704081B
:108C3000EF770408117804082DE9F0410446406CF0
:108C40008846FAF7ECFA061E30DBE76C54257543CC
:108C50007B194FF6FF721A6383F801802368204660
:108C6000DB6A98471523022806FB03F328BF02207E
:108C700053FA80F0E16C07EB80074FF07E53FB6006
:108C80000C4F4B190022143583F8532048193B68C8
:108C90004B517B6839684360C160BB68796801618A
:108CA000836043614146606CFAF705F83046BDE8E1
:108CB000F08100BF34A00408282910B5044615D857
:108CC000C36C542001FB00314B78CA80012B03D1C7
:108CD00004F12000F9F7F2FA23682046DB6A98478E
:108CE00023682046DB6ABDE81040184710BD2729DD
:108CF00038B505460C460FD852B1E6F70DF9EB6CC6
:108D0000542202FB0433B3F848200244DA640122FF
:108D10005421EB6C4C431A5538BD00002DE9F04747
:108D2000D0E901439C420546894616D0B1F900308E
:108D300004F10802D917226000222272C4E9063128
:108D4000626000230022C4E90823022384F828304B
:108D5000436830334360BDE8F0871D4A0121F1F7D5
:108D6000B3FA2F688046FFF755FEA4EB070A00EB25
:108D70000A030646B9F9002003F1080146F80A1073
:108D8000D0170021C3E90620596019720020002184
:108D90000222C3E9080183F82820214632463846DA
:108DA000FFF750FE214600F130022046FFF74AFE51
:108DB000A968084BC91B0911044659433846FFF7F7
:108DC00023FE3023C5E9006403FB0866AE60C2E7FA
:108DD000026A0408ABAAAAAA10B504460846236A88
:108DE000022B114601D0202B03D123690B800120D7
:108DF00010BD012B01D0102B02D1FFF78FFFF6E73A
:108E00000220F5E7036A022B2DE9F0470C46914654
:108E100001D0202B05D10369C9F800300120BDE83D
:108E2000F087012B01D0102B53D1D4E901539D427F
:108E300014D0D9F80020002305F10801C5E9062364
:108E40002B72C5E9001300220023C5E90823022381
:108E500085F82830636830336360DFE71E4A0121FC
:108E60002046F1F731FA27688046FFF7D3FDA5EBDE
:108E7000070A00EB0A030646D9F8001003F10800C0
:108E8000002246F80A00C3E906125A601A7200204E
:108E900000210222C3E9080183F82820294632462E
:108EA0003846FFF7CFFD294600F130022846FFF78C
:108EB000C9FDA168094BC91B09110546594338462C
:108EC000FFF7A2FD3023C4E9006503FB0866A66036
:108ED000A4E70220A3E700BF026A0408ABAAAAAA7B
:108EE000036A022B2DE9F0470C46914601D0202B56
:108EF00005D10369A9F800300120BDE8F087012BF6
:108F000001D0102B53D1D4E901539D4214D0B9F8AC
:108F10000020002305F10801C5E906232B72C5E9ED
:108F2000001300220023C5E90823022385F8283016
:108F3000636830336360DFE71E4A01212046F1F7A2
:108F4000C3F927688046FFF765FDA5EB070A00EB2C
:108F50000A030646B9F8001003F10800002246F89B
:108F60000A00C3E906125A601A7200200021022288
:108F7000C3E9080183F82820294632463846FFF71E
:108F800061FD294600F130022846FFF75BFDA1682C
:108F9000094BC91B0911054659433846FFF734FDF3
:108FA0003023C4E9006503FB0866A660A4E702203D
:108FB000A3E700BF026A0408ABAAAAAA70B586B0EC
:108FC00002AB044608460E460093E3F759F80F2813
:108FD000054604D901301CF0ADF8029500902A46F0
:108FE00031460098F3F7AAFD009B019500225A55DF
:108FF000DDE9006504F108030F2D23600CD99542CB
:1090000002DA11481CF0A9FB681C01D51CF09CFB7E
:109010001CF090F8A560206020682A463146F3F7DE
:109020008DFD2368656000225A5500220023C4E9A3
:109030000623C4E90823032384F828306846F2F79E
:109040008AF806B070BD00BF1C6A04082DE9F04F15
:109050002DED028B0D4683B0064620301446F9F7FD
:10906000EBF82B680C2B00F2E382DFE813F00D0025
:10907000740084008202FB00180181019201A301A7
:10908000D1015702B702E7012B6A022B01D0202B36
:1090900010D1D5E904321343336818BF01219B6D09
:1090A00008BF002130469847012003B0BDEC028B79
:1090B000BDE8F08F012B02D0102B40F0BB8233684B
:1090C00030461B6D9847D4E901539D42814608D034
:1090D00005F108032B6000236B602B72A861EB6124
:1090E000D7E1C74A01212046F1F7EEF8276880460C
:1090F000FFF790FCA5EB070A00EB0A0303F1080257
:1091000040F80A20002206465A601A72C3F81890E6
:1091100000200021C3E90801DA61022283F8282037
:10912000324629463846FFF78DFC294600F13002C9
:109130002846FFF787FCA168B24BC91B09110546F9
:1091400059433846FFF760FC3023C4E9006503FB50
:109150000866A660A8E72B6A012B04D13368304665
:109160005B6D9847A0E7102B40F064822989706CF2
:10917000FAF737F998E7D5F82090B9F1020F39D10D
:10918000297C3046FFF758FDD4E901539D428246C1
:109190004FEAE07B11D005F108032B6000236B60E0
:1091A0002B7200220023C5E9060BC5E9082385F8C8
:1091B000289063683033636076E70121904A204647
:1091C000F1F782F82768EA1B01928046FFF722FC3C
:1091D000019A831803F108018150064600220020FD
:1091E0000021C3E906ABC3E908015A601A7283F88B
:1091F000289095E7B9F1080F40F01C82D4E901638B
:109200009E4204D080493046FFF7D8FED1E77C4A21
:1092100001212046F1F758F827688046FFF7FAFB4E
:10922000A6EB0709054678494844FFF7C7FE2A46DA
:1092300031463846FFF706FC314600F13002304631
:10924000FFF700FCA1686F4BC91B09110646594383
:109250003846FFF7D9FB3023C4E9005603FB085515
:10926000A56021E72B6A202B06D1B5F91020297AB9
:109270003046FFF721FD17E7102B40F0DB81D5E9E1
:109280000213282973F1000380F2D4815423594337
:10929000F36C063119442046FFF740FD04E7D5E999
:1092A0000273282F73F1000380F2C4812B6A202BF4
:1092B0000AD1D5E90432134314BF01220022F9B2C6
:1092C0003046FFF714FDEFE6102B40F0B381D4E9F0
:1092D00001539D42D6F84CA00BD054237B431AF87F
:1092E000032005F108032B6000236B602B72AA6139
:1092F000F5E6434A01212046F0F7E6FFD4F8008066
:109300008146FFF787FB5422A5EB080B02FB07F110
:1093100000EB0B031AF8011003F1080240F80B20D0
:109320000022C3E90612064600210020C3E9080115
:109330005A601A72022283F8282032462946404693
:10934000FFF780FB294600F130022846FFF77AFB41
:10935000A1682C4BA1EB0801091105465943404671
:10936000FFF752FB3023C4E9006503FB0966F0E612
:10937000D5E90223282A73F1000380F25B8154238C
:109380005A43F36C2E321A4421462846FFF7A8FDB3
:109390008BE6D5E90223282A73F1000380F24A8183
:1093A00054235A43F36C30321A4421462846FFF7BF
:1093B00029FD7AE6D5E90273282F73F1000380F2C4
:1093C00039813368D6F84C90DB6A304698474FF0C5
:1093D000540808FB07F70C23143713FB007009EB44
:1093E000000221462846FFF7F7FCAA68F36C08FB49
:1093F00002F202321A4421462846FFF7EDFC54E6F9
:10940000026A0408ABAAAAAA1A78040800FF7F47D8
:10941000D5E90273282F73F1000380F20B813368C2
:10942000D6F84C80DB6A3046984754235F431E379A
:109430000C2313FB007008EB0002A5E7D5E90273CB
:10944000282F73F1000380F2F5802B6A102B4BD18B
:109450003368F56CDB6A30469847152303FB070039
:1094600005EB8005D5ED037A1FED187AD4E9015399
:1094700067EE877A9D4217EE90AA12D005F1080395
:109480002B6000236B602B7250461CF051FAC5E92B
:10949000060100230022C5E90823022385F82830AD
:1094A00087E6654A01212046F0F70EFFD4F80080D8
:1094B0008146FFF7AFFAA5EB080B00EB0B0707F1AE
:1094C000080340F80B3000237B603B720646504691
:1094D0001CF02EFA00230022C7E908230223C7E963
:1094E000060187F8283028E7202B7FF4DDADD5E989
:1094F0000401E3F763FEDFED517A3368F46CDB6A55
:1095000007EE100A87EE278A30469847152303FB9B
:10951000070004EB800484ED038AC5E5D5E90273F6
:10952000282F73F1000380F285803368D6F84CA0B1
:10953000DB6A304698474FF0540909FB07F71C37A0
:109540004FF00C0818FB00700AEB00022146284679
:10955000FFF7C6FC3368AF68DB6AD6F84CA030462C
:10956000984709FB07F71A3718FB00780AEB08023F
:109570000AE7D5E90293B9F1280F73F1000359DA2C
:109580002B6A102B56D1D4E901539D42D6F84CA03A
:1095900008D0542303FB09A305F108015A78296078
:1095A0000023A2E6244A01212046F0F78DFE276819
:1095B0008046FFF72FFA5422A5EB070B02FB09AAFE
:1095C00000EB0B0306469AF80110002203F1080095
:1095D00046F80B005A601A72996199E5D5E9027351
:1095E000282F73F1000325DA3368D6F84CA0DB6A24
:1095F000304698474FF0540909FB07F718374FF0EA
:109600000C0818FB00700AEB000221462846FFF701
:10961000E3FB3368AF68DB6AD6F84CA03046984766
:1096200009FB07F7163718FB00780AEB0802E2E699
:1096300000203AE5022038E5026A040800FF7F476F
:1096400070470000034B186818B19968091A1BF09D
:1096500057BD7047F42C012010B5094C2368BFF3A7
:109660005B8FDB0709D42046E5F7BAFB28B1054834
:1096700012F04AF82046E5F719FC034810BD00BF78
:10968000F02C012045960208F42C0120F8B5D0E911
:109690000052561B04464FEAA60C0027FBB2634556
:1096A00012D255F823608E4205EB830007F10107C3
:1096B000F4D1011D8A4204D0521A042A05DD11F0AA
:1096C000F5FE6368043B6360F8BD04BF426845F87B
:1096D0002320F6E710B5054B03600446FFF7BCFFF7
:1096E0002146FFF7D3FF204610BD00BF60A004084D
:1096F00010B50446FFF7EEFF204604211BF000FDE5
:10970000204610BD2DE9F84FD0E9008A93466FF04E
:109710006043AAEB0802B3EBA20F074689464FEA63
:10972000A20402D11E481CF018F8C24514BF2246FC
:109730000122A418A1EB08052ED27CB39C4228BFBD
:109740001C46A0001BF0F6FC0646DBF80030735107
:10975000002D04DD2A464146304611F0A7FEAAEB53
:10976000090A0435BAF1000F354404DD5246494672
:109770002846E2F7B5FE5544B8F1000F05D0B968A8
:109780004046A1EB08011BF0BBFCC7E9006506EBF6
:109790008406BE60BDE8F88F1C46D2E72646D4E7B3
:1097A000026A0408114B73B503600446FFF754FFC7
:1097B000D0E900618B1B01949B100022D5B29D4221
:1097C00006D3836899420CD041F8044B416005E010
:1097D00056F82550AC4202F10102EFD1204602B00A
:1097E00070BD01AAFFF78EFFF8E700BF60A0040874
:1097F00002207047BFF34F8F0549064BCA6802F439
:10980000E0621343CB60BFF34F8F00BFFDE700BFA3
:1098100000ED00E00400FA05034A034692E8030065
:1098200083E8030018467047C400001010B5054BCC
:109830000360054B044600221A60F6F7E5FE204659
:1098400010BD00BFACA00408002D012010B50446D7
:10985000FFF7ECFF204620211BF052FC204610BDF4
:1098600018B1302359431BF04BBC704708B5034671
:1098700078B1084A904206D9074A904201D91BF0B4
:1098800066FF1BF061FF30205843BDE808401BF025
:1098900051BC08BDAAAAAA025555550508B50368CA
:1098A000002B02DA0C481BF058FF8B420AD9B3EBAD
:1098B000410F4FEA410205D2002AB6BF6FF00043C4
:1098C000026003600068013001D51BF03DFFBDE878
:1098D00008401BF02FBC00BF1C6A040873B54FF48E
:1098E00080730446012500935B495C4B0022F7F727
:1098F0006DF92A4620465A4B5A490095F7F766F902
:109900002046594B594900950222F7F75FF9204646
:10991000574B584900950322F7F758F92046564B04
:10992000564900950622F7F751F92046544B554900
:1099300000950822F7F74AF92046534B5349009502
:109940000E22F7F743F903262046514B5149009563
:109950000F22F7F73BF920464F4B5049009607225C
:10996000F7F734F920464E4B4E4900950422F7F79D
:109970002DF920464C4B4D4900950522F7F726F965
:109980003023009320464A4B4A490D22F7F71EF92F
:109990002046494B494900950C22F7F717F9204614
:1099A000474B484900950A22F7F710F92046464BE5
:1099B000464900950B22F7F709F92046444B4549E3
:1099C00000951122F7F702F9022300932046424B3B
:1099D00042490922F7F7FAF82046414B41490096DF
:1099E0001322F7F7F3F820463F4B40490095142225
:1099F000F7F7ECF840F20113009320463C4B3D4A48
:109A00003D49F7F7E3F81023009320463B4B3C4ACF
:109A10003C49F7F7DBF81923009320463A4B3B49C2
:109A20001522F7F7D3F82046394B3A49009516220C
:109A3000F7F7CCF8B02300932046374B374917226D
:109A4000F7F7C4F8392300933549364B18222046DE
:109A5000F7F7BCF802B070BDAB7804089E78040834
:109A6000B0780408CC780408D1780408DC780408BD
:109A7000E3780408FE780408027904081D790408D4
:109A8000247904085A790408637904087879040869
:109A90007D79040892790408977904081F790408ED
:109AA000B1790408C2790408C8790408D679040891
:109AB000DD790408FA790408037A0408267A040890
:109AC000307A0408487A0408427A04084F7A040875
:109AD000597A0408657A04086E7A0408967A0408AC
:109AE0009D7A0408BE7A0408C47A0408DF7A040860
:109AF000B970040802000080C77004082B710408C4
:109B0000070000805D710408E57A0408FE7004080F
:109B1000067B04081C7B0408217B0408337B0408B3
:109B2000727B0408377B0408002310B51A460446EC
:109B30000549F7F71BF8054B23602046FFF7CEFEDB
:109B4000034B20461C6010BDEB6F0408ACA004085A
:109B5000002D012000F1080373B5044603600D4693
:109B600011B90E481BF0F6FD0846E2F789FA0F28F6
:109B70000646019006D9002101A8FFF78FFE019B40
:109B80002060A360324629462068F2F7D7FF019B88
:109B9000226863600021D15402B070BD936E040846
:109BA000F8B5054608460C46F1F7CFFA064688B1E7
:109BB000AC420AD062681AB121682868F2F7BEFF89
:109BC00063682A686B600021D154226800236360B7
:109BD0001370F8BD2846F1F7B8FA08B92E68AF68D7
:109BE00023682B6063686B60A368AB6016B1266066
:109BF000A760EAE704F108032360E6E730B501FB5C
:109C000001F404FB01F5034605FB01F20120994232
:109C100002D8A34201D2013030BDAB4201D20230A2
:109C2000FAE7934201D20330F6E70430B3FBF2F3D4
:109C3000EDE7000070B5B4B006460D461446154970
:109C4000C92201A8E2F74CFC71196422632C0FD8D9
:109C5000092C85BF34AB03EB4404303414F8CB3CFF
:109C600086BF14F8CC4C7370E4B2347034B070BD5D
:109C7000B4FBF2F002FB1043044634A800EB4303AC
:109C800013F8CB0C13F8CC3C01F8010C01F8023DA1
:109C9000DCE700BF346A040870B504460E4615467A
:109CA000B44201D1284670BD21462846F4F7C0FCD5
:109CB000D4E90623C5E90623D4E90823C5E9082326
:109CC00094F8283085F828302046F1F744FA3034EB
:109CD0003035E5E710B586B004466846FFF73AFF31
:109CE00069462046F4F70EFE6846F1F734FA06B0EE
:109CF00010BD70B5154686B004466846FFF72AFFCA
:109D00002D6869462046F2F76DFF00220023C4E962
:109D10000823EE170423C4E9065684F82830684661
:109D2000F1F719FA06B070BD38B50D4604460A21A0
:109D30002846FFF763FF04F108030146236020462D
:109D40000022F7F7F0F8D4E900012A46FFF772FF86
:109D5000204638BD2DE9F047D0E901639E42044614
:109D6000894607D03046F4F7CDFD63683033636031
:109D7000BDE8F087144A0121F0F7A6FA276880466B
:109D8000FFF774FDA6EB070A054649465044F4F771
:109D9000B9FD2A4631463846FFF77EFF314600F1CD
:109DA00030023046FFF778FFA168084BC91B091144
:109DB000064659433846FFF753FD3023C4E90056A1
:109DC00003FB0855A560D3E7026A0408ABAAAAAA58
:109DD0002DE9F047D0E901439C420546894614D05D
:109DE0000A88002304F10801C4E906232372C4E9A8
:109DF000001300220023C4E90823022384F828303A
:109E0000436830334360BDE8F0871D4A0121F0F715
:109E10005BFA2F688046FFF729FDA4EB070A00EBE9
:109E20000A030646B9F8001003F10800002246F8BC
:109E30000A00C3E906125A601A72002000210222A9
:109E4000C3E9080183F82820214632463846FFF747
:109E500023FF214600F130022046FFF71DFFA968CD
:109E6000084BC91B0911044659433846FFF7F8FC53
:109E70003023C5E9006403FB0866AE60C3E700BF9A
:109E8000026A0408ABAAAAAA2DE9F84FD0E9016337
:109E90009E4204468946924607D03046FFF729FF86
:109EA000636830336360BDE8F88F154A0121F0F72D
:109EB0000BFA27688046FFF7D9FCA6EB070B05468F
:109EC000524649465844FFF714FF2A463146384661
:109ED000FFF7E2FE314600F130023046FFF7DCFECC
:109EE000A168084BC91B0911064659433846FFF7BC
:109EF000B7FC3023C4E9005603FB0855A560D2E740
:109F0000026A0408ABAAAAAA2DE9F84FD0E90143D6
:109F10009C4205468A46914613D009681268002380
:109F200004F108002372C4E90003C4E90613C4E97C
:109F30000823062384F828306B6830336B60BDE853
:109F4000F88F1D4A0121F0F7BFF92F688046FFF70F
:109F50008DFCA4EB070B00EB0B030646D9F80020A1
:109F6000DAF80000002103F1080C46F80BC0C3E941
:109F700008210622C3E906015960197283F82820D6
:109F8000214632463846FFF787FE214600F130026F
:109F90002046FFF781FEA968084BC91B091104463A
:109FA00059433846FFF75CFC3023C5E9006403FBE6
:109FB0000866AE60C3E700BF026A0408ABAAAAAA9B
:109FC0002DE9F84FD0E901439C4205468A46914667
:109FD00013D009681268002304F108002372C4E951
:109FE0000003C4E90613C4E90823062384F82830D3
:109FF0006B6830336B60BDE8F88F1D4A0121F0F7C4
:10A0000063F92F688046FFF731FCA4EB070B00EBE8
:10A010000B030646D9F80020DAF80000002103F10E
:10A02000080C46F80BC0C3E908210622C3E9060163
:10A030005960197283F82820214632463846FFF7C6
:10A040002BFE214600F130022046FFF725FEA968CD
:10A05000084BC91B0911044659433846FFF700FC59
:10A060003023C5E9006403FB0866AE60C3E700BFA8
:10A07000026A0408ABAAAAAA2DE9F84FD0E9014365
:10A080009C4205468A46914614D01268002304F18A
:10A090000806D1E900012372C4E90063C4E908237A
:10A0A000062384F828306B683033C4E906016B60FE
:10A0B000BDE8F88F1C4A0121F0F706F92F688046A9
:10A0C000FFF7D4FBA4EB070B00EB0B0306469AED5E
:10A0D000007BD9F8001003F10800002246F80B00BD
:10A0E000C3E908125A601A72062283ED067B83F8D0
:10A0F0002820214632463846FFF7CEFD214600F1A2
:10A1000030022046FFF7C8FDA968084BC91B09119A
:10A11000044659433846FFF7A3FB3023C5E90064E2
:10A1200003FB0866AE60C3E7026A0408ABAAAAAAEA
:10A130002DE9F047D0E901439C420546894614D0F9
:10A140000A68002304F10801C4E906232372C4E964
:10A15000001300220023C4E90823022384F82830D6
:10A16000436830334360BDE8F0871D4A0121F0F7B2
:10A17000ABF82F688046FFF779FBA4EB070A00EBEA
:10A180000A030646D9F8001003F10800002246F839
:10A190000A00C3E906125A601A7200200021022246
:10A1A000C3E9080183F82820214632463846FFF7E4
:10A1B00073FD214600F130022046FFF76DFDA968CE
:10A1C000084BC91B0911044659433846FFF748FBA1
:10A1D0003023C5E9006403FB0866AE60C3E700BF37
:10A1E000026A0408ABAAAAAA2DE9F047D0E90163E4
:10A1F0009E420446894607D03046F4F783FB6368E5
:10A2000030336360BDE8F087144A0121F0F75CF851
:10A2100027688046FFF72AFBA6EB070A0546494652
:10A220005044F4F76FFB2A4631463846FFF734FDB9
:10A23000314600F130023046FFF72EFDA168084B91
:10A24000C91B0911064659433846FFF709FB30235D
:10A25000C4E9005603FB0855A560D3E7026A040869
:10A26000ABAAAAAA2DE9F047D0E901439C420546D2
:10A27000894615D00B6804F10802D9172260002224
:10A280002272C4E90631626000230022C4E9082377
:10A29000022384F82830436830334360BDE8F087F8
:10A2A0001D4A0121F0F710F82F688046FFF7DEFA0B
:10A2B000A4EB070A00EB0A030646D9F8002003F1D5
:10A2C000080146F80A10D0170021C3E9062059609A
:10A2D0001972002000210222C3E9080183F8282016
:10A2E000214632463846FFF7D7FC214600F13002BE
:10A2F0002046FFF7D1FCA968084BC91B0911044689
:10A3000059433846FFF7ACFA3023C5E9006403FB34
:10A310000866AE60C2E700BF026A0408ABAAAAAA38
:10A320002DE9F041002490B00646214601A8CDE970
:10A330000144039401F000FEDDE901570DF1180816
:10A34000AF4208D1019818B10399091A1AF0D8FE42
:10A3500010B0BDE8F0812B886A888DF81840CDE9EF
:10A360000A3404A906233046CDE90C248DF8383090
:10A37000CDE90484F2F760FE04A8F0F7ECFE0435A2
:10A38000DEE700002DE9F047D0E901639E42044674
:10A39000894607D03046FFF79DFC63683033636021
:10A3A000BDE8F087144A0121EFF78EFF2768804649
:10A3B000FFF75CFAA6EB070A054649465044FFF74B
:10A3C00089FC2A4631463846FFF766FC314600F1E3
:10A3D00030023046FFF760FCA168084BC91B091129
:10A3E000064659433846FFF73BFA3023C4E9005686
:10A3F00003FB0855A560D3E7026A0408ABAAAAAA22
:10A400002DE9F047D0E901439C420546894615D025
:10A410000B6804F10802D917226000222272C4E9F5
:10A420000631626000230022C4E90823022384F875
:10A430002830436830334360BDE8F0871D4A01216E
:10A44000EFF742FF2F688046FFF710FAA4EB070AE8
:10A4500000EB0A030646D9F8002003F1080146F88C
:10A460000A10D0170021C3E9062059601972002094
:10A4700000210222C3E9080183F828202146324640
:10A480003846FFF709FC214600F130022046FFF76D
:10A4900003FCA968084BC91B0911044659433846F7
:10A4A000FFF7DEF93023C5E9006403FB0866AE6000
:10A4B000C2E700BF026A0408ABAAAAAA2DE9F743C3
:10A4C00004461046D1E900891546E1F7D9FD04F1AB
:10A4D00008032360002309EB00070646636023722C
:10A4E00020460197F4F7DDF8874201460ED901A80E
:10A4F000FFF7D4F96268216801320746F2F71EFBC4
:10A500002046F0F728FE019B2760A3604A4641469B
:10A510002046F4F7E7FF324629462046F4F7E2FFEB
:10A52000204603B0BDE8F0832DE9F047A2B0814694
:10A530006846F9F797FF019BF3B918AACDE91623EE
:10A540008DF8603000220023CDE91C23CDE91E23C5
:10A550003249012316A88DF88030F5F7BDFD04239C
:10A5600016A948468DF88030F2F766FD16A8F0F778
:10A57000F2FD22B0BDE8F087009CDFF8A4A004EB58
:10A580004318002608340027A4F10803984504D195
:10A5900022B0BDE8F047FAF783BB54F8083C0E93AD
:10A5A000214614F8043C8DF83C3010A8F2F71AFB51
:10A5B00018AB002516930EA9012302A88DF8803050
:10A5C000CDE91C67CDE91E6717958DF86050FAF745
:10A5D00087F9514602A8F5F77FFD014608A8F4F770
:10A5E00027F808A916A8F5F771FD08A8F0F7B3FD3C
:10A5F00002A8F0F7B0FD0E9B16A9CDE91C35484620
:10A6000004238DF88030F2F717FD16A8F0F7A3FDAC
:10A6100010A8F0F7A0FD2034B6E700BFFB710408D6
:10A620009A7004082DE9F04FD0E90048394FDFF85F
:10A63000F09093B00E46154618344FF0000A4FF0D4
:10A64000000BA4F11803984502D113B0BDE8F08FB8
:10A6500054F8183C9B79022B04D0012B06D12E4BC9
:10A660001B781BB934F8143C9D424BD108AB0693C0
:10A6700000238DF8203034F8141C0793684601231A
:10A680008DF84030CDE90CABCDE90EABF0F7AAFD6B
:10A69000694606A8F5F71AFD6846F0F75CFD3946ED
:10A6A00006A8F5F719FD2046F1F7E6FD60BB34F882
:10A6B000142C1A49954208BF494606A8F5F70CFD27
:10A6C000394606A8F5F708FD54F8183C06A819689D
:10A6D000F5F702FD2046F1F7CFFDB8B105238DF85F
:10A6E000403034F8143C0022CDE90E3254F8183CC6
:10A6F0009B88CDE90C32304606A9F2F79DFC06A8EE
:10A70000F0F729FD28349CE74946D6E703238DF866
:10A710004030F0E7C2740408042D0120136F0408D0
:10A720002F8A040873B50546104614460E46E1F715
:10A73000A7FC23460090002231462846F9F776F917
:10A7400002B070BD2DE9F04DADF56C7D07460D46AC
:10A750001646F5F7BDFF0446002840F0CA802B6876
:10A76000182B00F2C680DFE813F01900AF00BF001D
:10A77000C1006901C501C900ED002802D0021C0119
:10A78000560121012601D400E400DB011B02C400B4
:10A79000DD00CE01F102500359038C032B6A082B14
:10A7A0000DD13B689B6A394619A8984719A93046CC
:10A7B000FFF71AFD19A8F0F7CEFC012499E098499B
:10A7C00002A8FFF7C7F9696A91B10B689B6825A8D1
:10A7D0009847944A25A91FA8FFF770FE1FA902A851
:10A7E000FFF7DEF91FA8F0F7B6FC25A8F0F7B3FCD9
:10A7F0008D4A02A90CA8FFF761FEF5F7FDFA05687E
:10A80000D0F80480A8453BD0DFF82CB2DFF814A2C2
:10A8100055F8040B03685B6B9847044601683DA834
:10A82000FFF798F959463DA8F5F756FC014637A8B9
:10A83000F3F7FEFEA17943A8F0F7D4FC43AA37A9A9
:10A8400031A8F9F70BFA514631A8F5F745FC014656
:10A850002BA8F3F7EDFE2BA90CA8F5F737FC2BA8D6
:10A86000F0F779FC31A8F0F776FC43A8F0F773FC19
:10A8700037A8F0F770FC3DA8F0F76DFCA845C7D1EC
:10A880003B685B6A39464FA89847664A00214FA843
:10A89000FFF748FF014649A8F3F7CAFE49A90CA8EB
:10A8A000F5F714FC49A8F0F756FC4FA8F0F753FC55
:10A8B0000CA93046FFF74EFA0CA8F0F74CFC02A8A2
:10A8C000F0F749FC012414E0FCF7AAFE046845688F
:10A8D000A54200F0ED8254F8040B03689B6898478A
:10A8E000A542F8D1012404E0FEF784FFE3F786FBDC
:10A8F000012420460DF56C7DBDE8F08D4B4B1B68A7
:10A90000B3F9042031464A4B1868FFF78BFE012447
:10A91000EFE701F095FF559055A93046FFF7A2FCEF
:10A920000124E6E7434A31462846EFF7EDFC0446AA
:10A93000DFE701F099FF569056A93046FFF792FCE9
:10A940000124D6E72B6A012B03D0022B16D0012459
:10A95000CFE7364B19680B689B6857A89847BDF836
:10A960006031ADF8303001220CA90A2001F008FA5C
:10A970000CA93046FFF72CFA0124BAE7298A2C4BA0
:10A980001A6813685068834200F094829A888A4259
:10A9900000F0948228339842F8D10124A9E7FEF709
:10A9A00029FF3046FFF7C0FD0124A2E73046FFF73C
:10A9B000B7FC01249DE72B6A202B03D0102B07D076
:10A9C000012496E7298A288901F0ACF9012490E74F
:10A9D0000EAB0C9300230D938DF83830002200232A
:10A9E000CDE91223CDE9142302238DF8583001223A
:10A9F00002A9288901F0C4F920B1BDF808301293EA
:10AA0000002313930CA93046F2F716FB0CA8F0F7BD
:10AA1000A2FB01246DE7F9F723FF012469E700BFDA
:10AA2000BC5E04089A700408445E0408DC08001048
:10AA30006C2D0120042D0120785E04080EAB0C93D0
:10AA400000240D948DF8384000220023CDE9122314
:10AA5000CDE9142304238DF85830012173A8F0F7B1
:10AA6000C1FBB44D294673A8F5F736FB01466DA826
:10AA7000F3F7DEFD112179A8F0F7B4FB79AA6DA9EF
:10AA800067A8F9F7EBF8294667A8F5F725FB014613
:10AA900061A8F3F7CDFD21467FA8F0F7A3FB7FAABD
:10AAA00061A95BA8F9F7DAF85BA90CA8F5F70EFB2A
:10AAB0005BA8F0F750FB7FA8F0F74DFB61A8F0F71B
:10AAC0004AFB67A8F0F747FB79A8F0F744FB6DA8AD
:10AAD000F0F741FB73A8F0F73EFB974A0023CDE95E
:10AAE00012230CA93046F2F7A7FA0CA8F0F733FBB3
:10AAF0000124FEE60323859385AA90493046FFF79B
:10AB0000C3F90124F5E6E4F725FA8690E4F71CFA88
:10AB1000879087AA86A93046FFF7F6F90124E8E670
:10AB20000EAB0C9300250D958DF8385000220023B4
:10AB3000CDE91223CDE9142301248DF8584002A851
:10AB400010F0E8FD099F14971595129713957C490D
:10AB50000CA8F5F7C1FA394688A8FFF7E5F888A9E7
:10AB60000CA8F5F7B3FA88A8F0F7F5FA75490CA820
:10AB7000F5F7B2FA02998EA8FFF7D6F88EA90CA8BD
:10AB8000F5F7A4FA8EA8F0F7E6FA05238DF8583009
:10AB90000CA93046F2F750FA0CA8F0F7DCFAA8E658
:10ABA000EBF7C8FD9490EBF7CBFD959095AA94A98F
:10ABB0003046FFF705FA01249BE6F5F71DF9076813
:10ABC000D0F80480B84500F077814FF0000A4FF0CC
:10ABD000000B5D4D57F8044B2368DB69214602A842
:10ABE000984723685B6B2046984704460EAB0C934E
:10ABF00000230D938DF83830CDE912ABCDE914ABBD
:10AC000005228DF858208279149215938288129229
:10AC100013930299C6A8FEF79DFF2946C6A8F5F72B
:10AC20005BFA0146C0A8F3F703FD2168C0A8F5F759
:10AC300053FA0146BAA8F3F7FBFC2946BAA8F5F780
:10AC40004BFA0146B4A8F3F7F3FCA179CCA8F0F7CE
:10AC5000C9FACCAAB4A9AEA8F9F700F82946AEA85B
:10AC6000F5F73AFA0146A8A8F3F7E2FCBDF80C1094
:10AC7000D2A8F0F7B7FAD2AAA8A9A2A8F8F7EEFFCF
:10AC80002946A2A8F5F728FA01469CA8F3F7D0FCBC
:10AC90002189D8A8F0F7A6FAD8AA9CA996A8F8F70F
:10ACA000DDFF96A90CA8F5F711FA96A8F0F753FA6C
:10ACB000D8A8F0F750FA9CA8F0F74DFAA2A8F0F740
:10ACC0004AFAD2A8F0F747FAA8A8F0F744FAAEA8D3
:10ACD000F0F741FACCA8F0F73EFAB4A8F0F73BFA47
:10ACE000BAA8F0F738FAC0A8F0F735FAC6A8F0F716
:10ACF00032FA0CA93046F2F79FF90CA8F0F72BFABC
:10AD0000B8457FF467AF0124F3E52B6A022B01D02D
:10AD10000124EEE52B696A69013B134301D001244C
:10AD2000E7E500F0D7FF08B90224E2E501F09AF860
:10AD30000124DEE5785E0408001101007C5E040851
:10AD40008C5E0408945E0408C27404082B6A012B0C
:10AD500005D0102B14D0082B3AD00124C9E5E4F714
:10AD600001F90446E4F704F9DE94DF90E4F706F90C
:10AD7000E090E0AADEA93046FFF77EF90124B8E5AD
:10AD8000AB68EA6853EA020107D0591E11430DD09F
:10AD9000023B134313D00124ABE5E4F7E3F8E19061
:10ADA000E1A93046FFF7C4F90124A2E5E4F7E0F891
:10ADB000E290E2A93046FFF7BBF9012499E5E4F7F8
:10ADC000DDF8E390E3A93046FFF7B2F9012490E5FE
:10ADD000E4F7D4F80446E4F7CBF80546E4F7C2F804
:10ADE0000190009523463F4A20210CA810F098FDC1
:10ADF0000CA9E4A8FEF7AEFEE4A93046FFF7F4F98B
:10AE0000E4A8F0F7A8F9012473E501F09BFDEA90AE
:10AE1000EAA93046FFF726FA01246AE52B6A202BBF
:10AE200003D0102B0AD0012463E5D5E90423288937
:10AE300000F0D2FFC0F10204E4B25AE50EAB0C936D
:10AE400000230D938DF8383000220023CDE9122322
:10AE5000CDE9142302238DF8583002A9288900F087
:10AE6000EFFF28B1DDE90223CDE91223012400E040
:10AE700002240CA93046F2F7DFF80CA8F0F76BF9C2
:10AE800037E52B6A082B05D0012B09D0102B07D0F2
:10AE900002242EE514493046FFF774FA012428E510
:10AEA0000023EB93EBA93046FFF7AAFA012420E533
:10AEB00001241EE501241CE501241AE50A2000F006
:10AEC00031FF2E696C69094B19680B689B6859A89A
:10AED0009847BDF86831002C08BF9E427FF45FADF3
:10AEE000012406E59C5E0408136F0408DC080010CA
:10AEF00070470000F8B5134E134B0360D6E90052BB
:10AF0000511B04464FEAA10C0027FBB29C4512D905
:10AF100055F823108C4205EB830007F10107F4D1AB
:10AF2000011D8A4204D0521A042A06DD10F0BEFA2E
:10AF30007368043B73602046F8BD04BF426845F85F
:10AF40002320F5E7082D01201CA1040810B50446B4
:10AF5000FFF7D0FF204604211AF0D2F8204610BD9A
:10AF60002DE9F84FD0E9008A93466FF06043AAEBD1
:10AF70000802B3EBA20F074689464FEAA20402D1AA
:10AF80001E481AF0EAFBC24514BF22460122A4184B
:10AF9000A1EB08052ED27CB39C4228BF1C46A00022
:10AFA0001AF0C8F80646DBF800307351002D04DDB6
:10AFB0002A464146304610F079FAAAEB090A0435D0
:10AFC000BAF1000F354404DD524649462846E1F700
:10AFD00087FA5544B8F1000F05D0B9684046A1EB97
:10AFE00008011AF08DF8C7E9006506EB8406BE601B
:10AFF000BDE8F88F1C46D2E72646D4E7026A04086B
:10B00000114B73B50360114B0190D3E900618A1BAA
:10B01000044692100020C5B2954206D39A68914228
:10B020000CD041F8044B596005E056F82550AC426D
:10B0300000F10100EFD1204602B070BD034801AA23
:10B04000FFF78EFFF7E700BF1CA10408082D0120C1
:10B05000034B186818B19968091A1AF051B870476B
:10B06000082D012070474368DA69904204BF00222E
:10B07000DA61704710B504460821FFF7F4FF204657
:10B080001AF03EF8204610BD10B5074B044640F8B4
:10B090000C3BF2F791FE201DF2F78EFE204600F0E9
:10B0A00039FB204610BD00BF60A1040810B504465E
:10B0B000FFF7EAFF204628211AF022F8204610BDAB
:10B0C00083698B4210B5044612D1C06980B1237DDB
:10B0D000002284F821201BB1036821461B69984790
:10B0E000E069616A03689B6819B19847002363624D
:10B0F00010BD04F12001BDE81040184782698A4262
:10B1000010B4034609D1C06938B102681469194600
:10B11000012223465DF8044B18475DF8044B704745
:10B1200038B504460D4600F05DFB20460B4B40F859
:10B13000043B012100F006FD012104F10C0000F0A8
:10B1400001FD002384F82030C4E90653237584F8F8
:10B15000213063846362204638BD00BF60A10408CB
:10B1600070B585690B686A689A420C4617D1AA695E
:10B170004B699A4213D16A690B699A420FD1EA6905
:10B180008B699A420BD12A69CB689A4207D1EA6847
:10B190008B689A4203D1AA684B689A420DD00FCCB3
:10B1A0002E1D0FC694E8070086E807002846E8F73A
:10B1B000A5FAB0FA80F0400970BD0020FCE701223A
:10B1C00008B500F1200180F821208069E8F7E4FA51
:10B1D000B0FA80F0400908BD70B50446C0690D465C
:10B1E000164620B103680122DB6821469847A06912
:10B1F00032462946E8F7B4FAB0FA80F0400970BD4B
:10B20000C3690BB18B4202D1C1610120704700209C
:10B21000704713B50446D1B10430EFF31083C3B9BE
:10B22000EFF30583ABB91146019300F065FC0123F0
:10B230002375019B4BB14FF0E0234FF08052C3F8D0
:10B24000042DBFF34F8FBFF36F8F02B010BD0C30D2
:10B25000E3E7002301A9019300F056FCE7E7084665
:10B2600011464FF0FF32FFF7D4BF13B50446C9B102
:10B270000430EFF31083BBB9EFF30583A3B9019357
:10B2800000F04CFC00232375019B4BB14FF0E023F1
:10B290004FF08052C3F8042DBFF34F8FBFF36F8F71
:10B2A00002B010BD0C30E4E7002301A9019300F0C7
:10B2B00040FCE7E708461146FFF7D7BF007D70471F
:10B2C0008369586C7047000008B5054A0346C3E916
:10B2D000002108461946FFF793FF084608BD00BF46
:10B2E00078A10408806B7047C06B704710B5034BA2
:10B2F0000360044600F08AFC204610BDACA104089F
:10B3000010B50446FFF7F2FF2046482119F0F8FE79
:10B31000204610BD014B186000F044BC8C2D01206C
:10B32000002108B50846EBF769FC00214FF0FF301B
:10B33000ECF728FFF9E7000008B50368002B02DAF4
:10B340000C481AF00AFA8B420AD9B3EB410F4FEAC4
:10B35000410205D2002AB6BF6FF0004302600360CD
:10B360000068013001D51AF0EFF9BDE8084019F086
:10B37000E1BE00BF1C6A040873B5551A0F2D0446C0
:10B380000E46019506D9002101A8FFF7D5FF019BC4
:10B390002060A3602A4631462068F1F7CFFB019B6D
:10B3A000226863600021D15402B070BDF0B516462A
:10B3B000104A87B004460F461D46D11E02AB6846B0
:10B3C0000093FFF7D9FF28234FF4A5726946204662
:10B3D00000F038FC6846EFF7BEFE074B23609DF88F
:10B3E000303025642046C4E90E7684F8443007B036
:10B3F000F0BD00BF8F7B0408ACA1040870B58AB013
:10B400000446E3F7BBFD0546E3F7B2FD0646E3F766
:10B41000A9FD0B4ACDE900602B46192103A810F0C5
:10B420007FFA04F10803236003A8E0F729FE03ABC9
:10B430001A1819462046FFF79FFF20460AB070BD34
:10B44000907B04082DE9F74347680E4607EB020896
:10B4500004461546F3F725F9804501460FD82DB16E
:10B4600020682A4631463844F1F768FB2368C4F85F
:10B470000480002203F8082003B0BDE8F08301A88F
:10B48000CDF80480FFF758FF81469FB121683A4606
:10B49000F1F754FB36B12DB12A46314609EB0700CE
:10B4A000F1F74CFB2046EFF756FE019BC4F80090E5
:10B4B000A360DBE7002EF5D0EEE7000038B50446C8
:10B4C00008460D46E0F7DCFD6368C3F1FF4303F572
:10B4D000FF0303F5FF437F339842024602D9044835
:10B4E0001AF03BF929462046BDE83840FFF7AABFCD
:10B4F000FE6E040870B5044692B059B9036C1A8800
:10B500005A4B01245A8001345848640044F4407472
:10B51000048096E002AB0093002301938DF808307D
:10B52000836B1A7C8A423CD1036801461B6A0CA8D3
:10B5300098470CA8EFF709FE0D9D0446F8B125B118
:10B540000C9900982A46F1F7F9FA0D9B009A01939D
:10B550000021D1540C9A00230D930CA81370EFF71F
:10B56000FAFD9DF80440009B404A1F2C28BF1F2471
:10B57000E118994275D16846EFF7EDFDC3E76846DB
:10B58000EFF7E3FD08B9009C029E0C9BCDE9003566
:10B590000E9B029314B10C940E96DBE70EAB0C934A
:10B5A000D8E7DA7B8A4205D1016C1C316846F5F791
:10B5B00038FFD6E79B7B8B4202D1016C0431F5E763
:10B5C00003293AD9036C2A4D586B9B6B1B1ADB106D
:10B5D000CA1E6B439A4230DC1823043903FB010175
:10B5E0006846F5F71EFF94F84430002BB9D0214986
:10B5F0006846FFF763FFE3F7B5FC014606A8F8F7D6
:10B60000C1FE0EAB0C93DDE9061394F844200CA8A0
:10B610009A4294BF8A18CA18FFF7AEFE019BC3F185
:10B62000FF43DDE90C1203F5FF0303F5FF437F330E
:10B630009A4208D910481AF090F86846EFF78BFD47
:10B64000002012B070BD6846FFF7FCFE0CA8EFF7B3
:10B6500082FD06A8EFF77FFD08496846FFF72EFF39
:10B660007FE713F8010B22F8020F82E7142D012067
:10B67000ABAAAAAA9D700408FE6E040865690408B6
:10B6800070470000034B186818B19968091A19F03F
:10B6900037BD7047582D012010B5094C2368BFF302
:10B6A0005B8FDB0709D42046E3F79AFB28B10548F6
:10B6B00010F02AF82046E3F7F9FB034810BD00BF5D
:10B6C000542D012085B60208582D0120F8B5D0E987
:10B6D0000052561B04464FEAA60C0027FBB26345F6
:10B6E00012D255F823608E4205EB830007F1010763
:10B6F000F4D1011D8A4204D0521A042A05DD0FF04C
:10B70000D5FE6368043B6360F8BD04BF426845F83A
:10B710002320F6E710B5054B03600446FFF7BCFF96
:10B720002146FFF7D3FF204610BD00BFF0A104085B
:10B7300010B50446FFF7EEFF2046042119F0E0FCA7
:10B74000204610BD2DE9F84FD0E9008A93466FF0EE
:10B750006043AAEB0802B3EBA20F074689464FEA03
:10B76000A20402D11E4819F0F8FFC24514BF2246B8
:10B770000122A418A1EB08052ED27CB39C4228BF5D
:10B780001C46A00019F0D6FC0646DBF800307351C9
:10B79000002D04DD2A46414630460FF087FEAAEB15
:10B7A000090A0435BAF1000F354404DD5246494612
:10B7B0002846E0F795FE5544B8F1000F05D0B9686A
:10B7C0004046A1EB080119F09BFCC7E9006506EBB8
:10B7D0008406BE60BDE8F88F1C46D2E72646D4E753
:10B7E000026A0408114B73B503600446FFF754FF67
:10B7F000D0E900618B1B01949B100022D5B29D42C1
:10B8000006D3836899420CD041F8044B416005E0AF
:10B8100056F82550AC4202F10102EFD1204602B0A9
:10B8200070BD01AAFFF78EFFF8E700BFF0A1040882
:10B83000704700207047704710B50421044619F086
:10B840005FFC204610BD0000014B0360704700BF45
:10B8500020A20408014B1860704700BF642D01202E
:10B86000014B1860704700BF682D0120014B18681C
:10B87000704700BF682D012008B54068E9F74AF815
:10B88000431E5842584108BD08B500231A461946C0
:10B890004068E8F7B7FD431E5842584108BD4FF0D5
:10B8A000500383F31188BFF36F8FBFF34F8FFEE711
:10B8B00010B5044B036004464068E9F773F920466D
:10B8C00010BD00BF84A2040810B5034B03600446FA
:10B8D000FFF7EEFF204610BD9CA2040810B50446F9
:10B8E000FFF7F2FF2046082119F00AFC204610BDA0
:10B8F000064B10B5044603600120E8F77BFE60604C
:10B9000008B9FFF7CCFF204610BD00BF9CA2040879
:10B9100010B50B6804461B68216008464FF0FF31E4
:10B920009847204610BD10B50446006803685B6860
:10B930009847204610BDF8B5D0E900470E460025CF
:10B94000A74201D12846F8BDA388B34211D1236A8A
:10B950000BB919F009FF636A04F11800984740B168
:10B960002369002BF5D0636904F108009847054668
:10B9700086802834E4E700000148E6F767B800BF96
:10B98000D40A0120F7B5E3F7E5FA40F213439842F1
:10B9900002D0E2F749FBFCE700F0A8F908B9E2F7AA
:10B9A00043FB314B1B781BB100F094F900F05AFABD
:10B9B000002301220DF106010420ADF8063000F04D
:10B9C000DFF9044628B900F04DFA2146042000F0C2
:10B9D000A9F901220DF10601042000F0D1F9BDF80A
:10B9E00006303BB100F076F900F03CFA002104206B
:10B9F00000F098F900F0F4FD1C4901220A2000F043
:10BA0000C7F908B9E2F710FBFBF730FE184D174BEA
:10BA100028681988174CFFF78EFF0146206018B977
:10BA20002868FFF788FF2060134B2068134D012220
:10BA30001A7003681B6998474FF0E0264FF0805753
:10BA40002B780BB903B0F0BD206803685B69984799
:10BA500000F04CFEFFF790FFC6F8047DBFF34F8F58
:10BA6000BFF36F8FECE700BF722D0120702D012016
:10BA70006C2D0120DC080010732D0120CC0000107B
:10BA800008B5E3F749FA044B1B685B6A4FF47A7216
:10BA900002FB003008BD00BF0C0D0120EAF774BDA9
:10BAA000EAF708BE08B5E6F7F7FA044BB0FBF3F087
:10BAB000034B044A1860044B1A6008BDA0860100BD
:10BAC000742D0120AC3001206C2D012010B5044BE9
:10BAD000036004464068E9F765F8204610BD00BFE2
:10BAE000D8A2040810B50446FFF7F0FF204608214D
:10BAF00019F006FB204610BD08B54068E8F70AFFBC
:10BB0000431E5842584108BD08B50A464068002106
:10BB1000E8F7DAFF431E5842584108BD08B5002334
:10BB20001A4619464068E8F76DFC431E58425841D2
:10BB300008BD08B54068E8F7DDFD431E584258418E
:10BB400008BD000038B50E4B036004460D460322C5
:10BB500000210120E8F72EFC606040B94FF050034F
:10BB600083F31188BFF36F8FBFF34F8FFEE725B1CB
:10BB700000231A461946E8F745FC204638BD00BFA9
:10BB8000FC9104087047036810B504469B68984709
:10BB900023682046DB6898476068BDE81040E9F7F5
:10BBA00077BA00001FB5164B1B78044603B315493E
:10BBB00003A8FFF7ADFE94F828302BB103A8FFF7D8
:10BBC000B2FE002004B010BD012384F8283003A881
:10BBD000FFF7A9FE231D0193636A0093228CA168DD
:10BBE00009482346E9F724FA431E58425841E9E739
:10BBF00090F82830002BE4D1012380F82830E9E7C1
:10BC0000802D0120782D012087BB02080C4B10B538
:10BC1000044603604068E9F73BFA4FF0FF33636086
:10BC200004F13000F2F7C8F8234653F8080F083340
:10BC3000984203D02169013119F062FA204610BD03
:10BC400008A304082DE9F0411F46184B044640F8AC
:10BC5000083B0830A060D1E900650F2D90460CD953
:10BC6000002D02DA124819F078FD681C01D519F090
:10BC70006BFD19F05FFA2561A060A0682A46314685
:10BC8000F0F75CFFA368E56000265E553146A4F836
:10BC90002080676284F8286004F13000FFF752FFCB
:10BCA00084F829602046BDE8F08100BF08A304089D
:10BCB0001C6A04080148FFF71BBE00BF782D012055
:10BCC0000248034B0360FFF7F3BD00BF782D01204E
:10BCD0009CA2040810B5E4F78FFAEAF709FE0446BF
:10BCE000E4F79EFAB4FA84F0400910BD10B5E4F709
:10BCF00083FA0B4B0122DA600222DA601022DA604A
:10BD00002022DA604022DA608022DA60EAF71AFE46
:10BD10000446E4F785FAB4FA84F0400910BD00BF88
:10BD2000003C024073B50D460DF106010646EAF7E8
:10BD30004FFD0128044604D0F0B9BDF80630AB42EF
:10BD400017D0E4F759FA0D4B0122DA600222DA60CB
:10BD50001022DA602022DA604022DA608022DA6083
:10BD600029463046EAF762FDB0FA80F46409E4F748
:10BD700057FA204602B070BD0024FAE7003C0240AA
:10BD800008B5EAF725FDB0FA80F0400908BD0000CB
:10BD9000F8B506460F461546EAF71AFD0124B0B17C
:10BDA0003D80E4F729FA0B4B0222DC60DA601022B6
:10BDB000DA602022DA604022DA608022DA602946E6
:10BDC0003046EAF733FDE4F72BFA0020F8BD2046B1
:10BDD000FCE700BF003C0240F8B500F180601F4660
:10BDE000164BA0F58850B3EBC00F14464FEAC006BF
:10BDF00002D200242046F8BDD6E90023B3F1FF3F6C
:10BE000008BFB2F1FF3FF4D1E4F7F6F90546002888
:10BE1000EFD12246034631460220E4F739FA3A468A
:10BE200004462B46311D0220E4F732FA0443E4B203
:10BE3000B4FA84F46409E4F7F3F9DBE70F7AFF1F3F
:10BE4000074A00F18060A0F58850C300B2EBC00F34
:10BE500023BFD3E900230120C1E90023002070475C
:10BE60000F7AFF1F704700002DE9F84FD0E90086D8
:10BE700092466FF06043A6EB0802B3EBA20F0746B1
:10BE800089464FEAA20402D12A4819F066FC4645C9
:10BE900014BF22460122A418A1EB080B33D2A4B38D
:10BEA0009C4228BF1C46A00019F044F90546BAF888
:10BEB000002025F80B2005EB0B03BAF802205A806E
:10BEC00029464346994501F1040103F104021ED1BC
:10BED000A2EB08022A4418461146B34201F10401BC
:10BEE0001DD11B1AD618B8F1000F05D0B96840460D
:10BEF000A1EB080119F004F9C7E9005605EB840528
:10BF0000BD60BDE8F88F1C46CDE72546CFE7188811
:10BF10005B8821F8023C21F8040C1346D2E7B3F801
:10BF200000C021F804CCB3F802C021F802CC0433DD
:10BF3000D3E700BF026A0408164B00292DE9F3413C
:10BF4000154E044616BF1E464FF095084FF0A40844
:10BF5000002536F815700DF102013846EAF738FC75
:10BF600068B9D4E90112BDF80230ADF8043091424D
:10BF7000ADF8067009D00B804F8004316160013547
:10BF8000A845E6D802B0BDE8F08101AA2046FFF737
:10BF90006BFFF4E764620408386104080148FFF7A6
:10BFA000A7BC00BF842D01200248034B0360FFF7AC
:10BFB0007FBC00BF842D01209CA20408704710B5EF
:10BFC0001C21044619F09CF8204610BD074B70B5A3
:10BFD000D3E900460546B44200D170BD54F8040BC5
:10BFE000036829469B689847F5E700BF082D0120A4
:10BFF000074B70B5D3E900460546B44200D170BD89
:10C0000054F8040B036829469B689847F5E700BF7E
:10C010006C2C012070B50546FFF73EFBD0E90046C9
:10C02000B44200D170BD54F8040B036829469B68E4
:10C030009847F5E770B50546FFF72EFBD0E90046B7
:10C04000B44200D170BD54F8040B03682946DB6884
:10C050009847F5E707490022C0E90022C0E902122B
:10C06000C0E906220261828280F8202080F8242024
:10C07000704700BF3CA304082DE9F04393B0054688
:10C08000F1F79EFF00240646274600212846E3F7E5
:10C0900045FCE3B2984202D813B0BDE8F08308A88B
:10C0A000FFF7D8FF08AB01AA00212846E3F7B2FB4F
:10C0B00008B10134E9E7DDE90213019A8DF8407017
:10C0C000002B08BF1146049A0B91901E4242A3F127
:10C0D000040C4241DCF1000343EB0C038DF83430D7
:10C0E000079B05990E93069B0C918DF835200F93B5
:10C0F0008DF84470F2F76AFFD0E90089C845D8D0BE
:10C1000058F8040B036808AA9B6831469847F5E77E
:10C110002DE9F04393B00446F1F752FF002506469F
:10C12000012701212046E3F7F9FBEBB2984202D840
:10C1300013B0BDE8F08308A8FFF78CFF08AB01AA95
:10C1400001212046E3F766FB08B10135E9E7DDE9A7
:10C150000213019A8DF84000002B08BF1146049A83
:10C160000B91A2F1020CDCF10002A3F1040E42EBF0
:10C170000C02DEF1000343EB0E038DF83430079B15
:10C1800005990E93069B0C918DF835200F938DF831
:10C190004470F2F71BFFD0E90089C845D5D058F8A4
:10C1A000040B036808AA9B6831469847F5E72DE918
:10C1B000F0410546F2F70AFFD0E90047BC4201D141
:10C1C000BDE8F08154F8046B33682846D3F810803A
:10C1D000F1F7F6FE002201463046C047EEE72DE9B2
:10C1E000F0410546F2F7F2FED0E90047BC4201D12A
:10C1F000BDE8F08154F8046B33682846D3F810800A
:10C20000F1F7DEFE012201463046C047EEE72DE998
:10C21000F0410546F2F7DAFED0E90047BC4201D111
:10C22000BDE8F08154F8046B33682846D3F81480D5
:10C23000F1F7C6FE002201463046C047EEE72DE981
:10C24000F0410546F2F7C2FED0E90047BC4201D1F9
:10C25000BDE8F08154F8046B33682846D3F81480A5
:10C26000F1F7AEFE012201463046C047EEE72DE968
:10C27000F0410546F2F7AAFED0E90047BC4201D1E1
:10C28000BDE8F08154F8046B33682846D3F8148075
:10C29000F1F796FE022201463046C047EEE72DE94F
:10C2A000F0410546F2F792FED0E90047BC4201D1C9
:10C2B000BDE8F08154F8046B33682846D3F8188041
:10C2C000F1F77EFE002201463046C047EEE72DE939
:10C2D000F0410546F2F77AFED0E90047BC4201D1B1
:10C2E000BDE8F08154F8046B33682846D3F8188011
:10C2F000F1F766FE012201463046C047EEE72DE920
:10C30000F0410546F2F762FED0E90047BC4201D198
:10C31000BDE8F08154F8046B33682846D3F81880E0
:10C32000F1F74EFE022201463046C047EEE72DE906
:10C33000F0410446F2F74AFED0E90057BD4203D16E
:10C3400000236362BDE8F08155F8046B3368204632
:10C35000D3F80C80F1F734FE626A01463046C047DC
:10C36000ECE770B50546FDF777F9D0E90046B44231
:10C3700000D170BD54F8040B03682946DB68984768
:10C38000F5E770B50546FDF767F9D0E90046B44218
:10C3900000D170BD54F8040B036829461B69984707
:10C3A000F5E770B50546FDF757F9D0E90046B44208
:10C3B00000D170BD54F8040B036829469B69984767
:10C3C000F5E770B50546FDF747F9D0E90046B442F8
:10C3D00000D170BD54F8040B03682946DB69984707
:10C3E000F5E770B50546FDF737F9D0E90046B442E8
:10C3F00000D170BD54F8040B036829461B6A9847A6
:10C40000F5E770B50546FAF741FED0E90046B442BB
:10C4100000D170BD54F8040B036829469B68984707
:10C42000F5E770B50546FAF731FED0E90046B442AB
:10C4300000D170BD54F8040B03682946DB689847A7
:10C44000F5E7FFF7DEBFFFF7ECBF70B50546FAF77B
:10C450001DFED0E90046B44200D170BD54F8040B73
:10C46000036829461B699847F5E70000024B1868E6
:10C4700003685B69184700BF8C2D0120024B014601
:10C4800018680268926910478C2D0120054B1B68C3
:10C490000A46196810B4CC690146184623465DF86F
:10C4A000044B18478C2D0120FFF7E0B910B5044666
:10C4B00000F0CAF8044B186828B103682146DB690C
:10C4C000BDE81040184710BDDC080010F2F7EABCC8
:10C4D00073B50C461D4622F0020323430C4BBDF8F6
:10C4E0001810186808BF2C7828B1036800919E685E
:10C4F00021462B46B047A12C08D1064B186828B11D
:10C50000294602B0BDE87040F9F7F8BC02B070BD32
:10C51000642D0120BC2C012030B40648BDF8085021
:10C52000006828B104680295E468A44630BC6047FE
:10C5300030BC7047642D0120024B186803681B6AE9
:10C54000184700BFDC080010024B186803685B6ADC
:10C55000184700BFDC080010FFF7F6BF074B9842F2
:10C5600003D1052306480B707047064B984203BF62
:10C57000022305480B700020704700BFC40C012047
:10C58000982D01207C0C0120902D0120124B984207
:10C590002DE9F341044601D100F07AF900230DF1B1
:10C5A000070120468DF80730FFF7D8FF054620B178
:10C5B0000A4BD3E90067BE4202D102B0BDE8F08168
:10C5C00056F8040B9DF8072003682946D3F8088025
:10C5D0002346C047EFE700BF7C0C0120D029012093
:10C5E00008B5064906480522E2F77AFDBDE808408D
:10C5F000044905480222E2F773BD00BF982D0120CF
:10C60000C40C0120902D01207C0C012051EA020372
:10C6100010B504460BD1827C8360003A838018BF3A
:10C620000122218AE068BDE81040E4F721B95200F8
:10C63000013A82608180E2F76FFCA27C2060B2FA4E
:10C6400082F25209EDE70000034883881BB90122FA
:10C650001921FFF7DBBF7047F800001003488388FB
:10C660001BB90122FA21FFF7D1BF7047E400001087
:10C67000034883881BB901226421FFF7C7BF7047B5
:10C68000D00000100A1E817418BF0122018AC06800
:10C69000E4F7EEB801460148FFF7F4BFD000001000
:10C6A00038B583880446BBB1E2F736FCA38822681C
:10C6B0001344984210D9A5687DB9A27C218AE0680C
:10C6C000003A18BF0122E4F7D3F8A580A368002B35
:10C6D000C4BF03F1FF33A36038BDE2F71DFC218A1C
:10C6E0002060E068E4F7C8F8F0E7000008B5054806
:10C6F000FFF7D6FF0448FFF7D3FFBDE80840034823
:10C70000FFF7CEBFD0000010E4000010F8000010CA
:10C71000044B10B504460360006908B118F0F2FC40
:10C72000204610BD68A3040810B50446FFF7F0FFCB
:10C730002046182118F0E4FC204610BD0F4B70B5C0
:10C7400003600023044603750D46A9B14B1E0B423E
:10C7500012D1084618F0FFFC2A4601460646201D65
:10C76000EAF7E0F9051E14BF01230023237503D166
:10C77000304618F0C7FC2561204670BD68A3040848
:10C780000430EAF7DBB90430EAF7E2B970B5051D09
:10C79000284614460E46EAF7DBF9844228BF0446D1
:10C7A000224628463146EAF7DDF9204670BD70B5CD
:10C7B000051D284614460E46EAF7C0F9844228BFF4
:10C7C000044624B1224631462846EAF7EFF92046CE
:10C7D00070BD38B5051D28460C46EAF7AFF984420E
:10C7E00028BF04461CB121462846EAF7FDF9204639
:10C7F00038BD0430EAF7FEB90E490B69B3B10E4BF0
:10C800005A8D40F6E4435A430B699A420ED30B69A2
:10C8100013B10B69B2FBF3F3434340F6FF72B3FB72
:10C82000F2F307EE903AB8EEE70A70479FED030A7D
:10C83000704700BF982D0120007AFF1F0000000004
:10C8400008B5074B5868FFF7D7FF064BD3ED007AC2
:10C8500020EE270AFDEEC07A17EE900A08BD00BF51
:10C86000902D01201001001008B5074B1868FFF744
:10C87000C3FF064BD3ED007A20EE270AFDEEC07A07
:10C8800017EE900A08BD00BF902D01201001001086
:10C89000244B2DE9F041D3F80080B8F1000F3ED0D1
:10C8A000214F3B78002B3AD1FFF7CAFF0446FFF730
:10C8B000DBFF1E4B1B68A34201DD83422FDC1C4BB8
:10C8C0001C4D1B682A781C4E0344A3420CDBA04578
:10C8D0000ADB7AB1194B1B680344A3420ADB00232D
:10C8E0002B7033602A7813E001232B7012B9E2F722
:10C8F00013FB30603368002BF4D0E2F70DFB336894
:10C90000C01A41F288339842ECD901233B700022CF
:10C91000BDE8F0410A484FF48061E3F7A9BFBDE8E4
:10C92000F08100BF1C010010DC2D01200C01001063
:10C9300018010010DD2D0120D82D01201401001058
:10C9400000100240194BD86810B558B3186948B3A5
:10C95000174C618D40F6E44251431A69914222D34B
:10C96000D8681A6912B11A69B1FBF2F2A18D50436D
:10C9700040F6E443B0FBF3F05023401A5843E38DF4
:10C980005B1A90FBF3F00B4BD3E901128A42BCBF58
:10C9900001329A601A6899681E30801A90FBF1F093
:10C9A0001044186010BD0020FCE700BF982D012046
:10C9B000007AFF1FAC2D01202DE9F04387B002ABB8
:10C9C0001820009318F0B6FB1725154C1549009058
:10C9D00006462A4600270295F0F7B0F802234FF0EA
:10C9E00003092371F77504F110031820A360019562
:10C9F000C4F8009018F09EFB80462A463146A0609D
:10CA00002561F0F79BF888F817706846E560EEF747
:10CA1000A2FB054BC3E900799F6007B0BDE8F08336
:10CA2000B82D0120A07B0408AC2D012008B50248D8
:10CA3000EEF791FB08BD00BFC02D0120F8B50B4BF0
:10CA4000541A9C4205460E4602D9094818F085FE44
:10CA500020460CB118F06EFB07192860AF60224623
:10CA60003146DFF73DFD6F60F8BD00BFF8FFFF7F87
:10CA7000366904082DE9F04389B0334E334BDFF8B3
:10CA8000208102934FF480730024314DADF81430AF
:10CA90004FF480574FF4007308AA02A930464FF0B4
:10CAA0000109C6E90044ADF81C30B460ADF80C7063
:10CAB00004950695FFF7C2FF434632462549CDF857
:10CAC00000902548254EFAF781FF254B02934FF43D
:10CAD0000043ADF80C300423ADF8143008230DEBFF
:10CAE000030108AA3046ADF81C30C6E9004404959D
:10CAF0000695B460FFF7A2FF434632461949CDF8C8
:10CB000000901948FAF762FF18491948FEF708FB28
:10CB100018491948FEF704FB2346184A18491948D2
:10CB2000F9F7CEFF184B194A1A609F80184B194924
:10CB30001D6010229A801848184A0094F1F732FDBF
:10CB400009B0BDE8F08300BFA42F0120000402401B
:10CB5000000C0240240A0120702F0120642F0120C4
:10CB600000000240CC090120302F012004050120E3
:10CB7000082F01204C050120E02E0120DCA3040831
:10CB8000400B0120782E0120702E01200010024061
:10CB9000682E0120940B0120E02D012020010010BF
:10CBA00080DE800208B50C48F1F770FC0B48F9F7FD
:10CBB000EDFE0B48FEF768FA0A48FEF765FA0A48E8
:10CBC000FBF778F80948FBF76AF80948FBF772F8B1
:10CBD0000848FBF764F808BDE02D0120782E0120FD
:10CBE000E02E0120082F0120302F0120642F01208A
:10CBF000702F0120A42F01200520704705207047C9
:10CC00000520704770470000034A034692E803007E
:10CC100083E80300184670472C010010A1F1380189
:10CC2000FFF7F2BFA1F11C01FFF7EEBF10B5064BF5
:10CC30000360044601464068FAF7B3F82046F9F766
:10CC40009BFE204610BD00BFA4A4040810B50446F6
:10CC5000FFF7ECFF20461C2118F052FA204610BDC9
:10CC60000846FAF766B8012280F8F8200846FAF775
:10CC700081B800002DE9F04190F85C40054600F1D4
:10CC8000580604B395F8E04095F8E83004F007043E
:10CC900044EA4324AB7ADB0003F038031C436B7A8D
:10CCA0009B0103F4E07330461C43EDF78FF9EDF779
:10CCB000A3F924B244EA802189B2BDE8F0414FF4DF
:10CCC0002470FFF72FB890F8A0301B07DAD50D4F6E
:10CCD0002B6E042B28BF04239C4207F10407D1D2FA
:10CCE0006B6F37F8040C33F83410FFF71BF86B6FD9
:10CCF00037F8020C4FEAC408434401349988FFF71F
:10CD000011F8E5E7B8A50408A0F12400FFF7B2BFC9
:10CD100008B5034678B1084A904206D9074A9042BE
:10CD200001D918F014FD18F00FFD30205843BDE86C
:10CD3000084018F0FFB908BDAAAAAA025555550522
:10CD400007B501A9E8F7D4FF019B4BB14FF0E023F1
:10CD50004FF08052C3F8042DBFF34F8FBFF36F8F96
:10CD600003B05DF804FB43688B4239D190F8F8308A
:10CD7000012B35D090F8F830022B0DD1B0F8DE3011
:10CD80005BBAA0F8DE301B0402D5042380F8F8302B
:10CD9000D0F8A800FFF7D4BF90F8F830052BF7D1F2
:10CDA00090F8E820B0F9DC305BBA1BB2A0F8DC30B8
:10CDB0003AB923EAE3735B00A3F5FF437F3BA0F896
:10CDC000DC3090F8E120D0F8EC30B0F9DC1043F81A
:10CDD000221090F8E130013380F8E1300323D5E7E9
:10CDE000704743688B420ED190F8F830012B0AD07F
:10CDF00090F8F830032B04BF022380F8F830D0F805
:10CE0000A800FFF79DBF7047174B03F1440210B510
:10CE1000C26103F16002426203F17802036082633F
:10CE200003F1D002E03304468265C0F8A430D0F8A4
:10CE3000EC0020B1D4F8F410091A18F061F904F1EB
:10CE4000A400FEF7E3FE04F15800EDF77FF804F1CB
:10CE50003800F3F7D9FB04F11C00EDF7EDFC204698
:10CE6000FFF7E4FE204610BDC8A40408A0F1580056
:10CE7000FFF7CABFA0F13800FFF7C6BFA0F124003A
:10CE8000FFF7C2BFA0F11C00FFF7BEBFA0F1A400D6
:10CE9000FFF7BABF10B50446FFF7B6FF2046FC21E6
:10CEA00018F02EF9204610BDA0F1A400FFF7F2BF44
:10CEB000A0F15800FFF7EEBFA0F13800FFF7EABF7E
:10CEC000A0F12400FFF7E6BFA0F11C00FFF7E2BFCE
:10CED0002DE9F04104460F4602F108054FF0000825
:10CEE000BC42A5F1080001D1BDE8F081264645F815
:10CEF000085C56F8083BB3421ED1626831460132E5
:10CF00002846DFF7EDFA636845F8043CD4E90623C8
:10CF1000C4E9006884F80880C5E90423D4E908233B
:10CF2000C5E9062394F8283085F820302046EEF72E
:10CF300012F930343035D3E745F8083CA3682B604C
:10CF4000E1E7000070B504460D461646F9F744FFC8
:10CF50000A4B0B4A2672C4E900350423637202238C
:10CF6000A3720023C4E9033347F6FF732846C4E9DC
:10CF700005232146F9F73EFE204670BDA4A404080F
:10CF8000838500807FB5044640680D461646F9F754
:10CF9000AAFE01230222CDE90223CDE90036214673
:10CFA000227A60682B46F9F757FE04B070BD30B5A1
:10CFB00052BA85B00446428340680D46F9F793FEA5
:10CFC00001230222CDE9022304F11A02CDE9003245
:10CFD0002146227A60682B46F9F75EFE05B030BD27
:10CFE0004B1EDBB29AB1022B18D80F4A32F813202D
:10CFF000837A417A5B0243EA41131A4342F40142C5
:10D0000042F0030292B282820121FFF7D0BF022BCD
:10D0100006D80A0302F5804292B2E9E70022E7E768
:10D020004FF48042E4E700BF30A4040810B5044682
:10D03000E1F772FFC4F8E4006068F9F79BFE002393
:10D0400084F8E130012384F8F83010BD08B50446B7
:10D050000125002694F8F83013B92046FFF7E6FFC3
:10D060004FF0FF310120E8F78FFD94F8E11094F8BC
:10D07000E0308B4222D994F8F830032B05D194F894
:10D08000E8202046FFF7ACFFE4E794F8F830022BE5
:10D0900009D10120E8F7B8FA04F1DE0201212046A7
:10D0A000FFF770FFD6E794F8F830042BD2D10523B0
:10D0B00084F8F83004F1DC020021F0E784F8E16044
:10D0C000E1F72AFF84F8F850C4F8E400C2E7A0F1C1
:10D0D000A400FFF7BBBF00002DE9F047D0E90143F2
:10D0E0009C420546884614D00A78002304F10801C2
:10D0F000C4E906232372C4E9001300220023C4E913
:10D100000823022384F82830436830334360BDE8A5
:10D11000F0871C4A0121EDF7D7F82F688146FFF709
:10D12000F7FDA4EB070A00EB0A0398F80010064687
:10D13000002203F1080046F80A00C3E906125A600B
:10D140001A72002000210222C3E9080183F8282076
:10D15000214632463846FFF7BBFE214600F1300239
:10D160002046FFF7B5FE044627B1A9683846C91B1B
:10D1700017F0C6FF3023C5E9006403FB0966AE6003
:10D18000C5E700BF026A040813B5044901AA0446B2
:10D19000EFF7E0FC204602B010BD00BFE27B0408C0
:10D1A000A1F13801F0E700BF10B588B0044601AA2C
:10D1B00002A8EFF7CFFC02A92046EFF713FD0022EB
:10D1C0000023C4E90623C4E90823032384F8283094
:10D1D00002A8EDF7C0FF08B010BD10B588B0044636
:10D1E00001AA02A8EFF7B6FC02A92046EFF7FAFC65
:10D1F00000220023C4E90623C4E90823032384F89A
:10D20000283002A8EDF7A7FF08B010BD2DE9F843BC
:10D2100090F8F830012B04460FD14068F9F75CFD17
:10D22000034650B9032284F8E10084F8F82001464F
:10D230000222D4F8A800E8F7DFFCE1F76DFED4F88D
:10D24000E430C01AB0F57A6F08D90023D4F8A800EA
:10D2500084F8F83002221946E8F7CEFCD4E93B798D
:10D26000E06A636BA9EB07061B1AB34204F12C08B2
:10D2700021D2234B9E4201D918F069FA304617F0AB
:10D2800059FF4946024605463846EDF7BBF9E06AC4
:10D2900018B1616B091A17F033FFE5623544656315
:10D2A000E36A334404F1580023634146EDF7BCF9C7
:10D2B0004046BDE8F883226B121A964205D8024612
:10D2C00049463846EDF79EF9EAE7042A10DD39466B
:10D2D0000EF0ECF8D4E90B30D4F8EC50D4F8F02090
:10D2E000C31AE918521A042A06DD0EF0DFF8D7E750
:10D2F00004BF3B680360EDE704BFEB580360CFE772
:10D30000FCFFFF7FA0F11C00FFF780BF2DE9F74F66
:10D31000064688460D4614462AB3D0E90172D21B50
:10D32000B4EBA20F44D8A7EB010AB4EBAA0FD3F8D1
:10D3300000904FEAAA0222D24FEA840AA7EB8404A3
:10D340003A4639462046FBF756FA7368A4EB0802C2
:10D350005344042A736009DD4146B81A0EF0A6F85A
:10D36000C244AA4508D103B0BDE8F08F04BFD8F885
:10D37000003047F8043CF3E745F8049BF1E7A21AB4
:10D3800014D007EB82023B469A420CD172603946B8
:10D390004046FBF730FA736853447360AF42E2D003
:10D3A00045F8049BFAE743F8049BEDE73A46EDE7BE
:10D3B000D0F800A06FF06041A7EB0A029010A1EB3B
:10D3C000A202944202D9204818F0C7F984422546A7
:10D3D00038BF05462D18A8EB0A0B2DD275B38D4228
:10D3E00028BF0D46A800019317F0A4FE019B8146BB
:10D3F00009EB0B021B684FEA840B02EB8404944296
:10D400001ED14A4641465046FBF7F5F9394600EB36
:10D410000B024046FBF7EFF90446BAF1000F05D0C6
:10D42000B1685046A1EB0A0117F06AFE09EB8505C9
:10D43000C6E90094B56096E70D46D3E7A946D7E75D
:10D4400042F8043BDBE700BFFC7B0408F8B50E465E
:10D45000D0E900514F1BBF10BE42134603D9F21B47
:10D46000FFF754FFF8BDFDD205EB86058D4218BFCE
:10D470004560F7E737B5002A0CBF042302230129D2
:10D4800038BF0121994228BF1946044680F8E82098
:10D4900080F8E010002501AA2C300195FFF7D6FF97
:10D4A00094F8E010019501AA04F1EC00FFF7CEFF1B
:10D4B00003B030BD90F8A0301B0773B5044607D504
:10D4C000284E0025236E042B28BF04239D422FD312
:10D4D00001220DF102014FF42470FEF751FC28B334
:10D4E000BDF802102046C1F3402201F00701FFF70A
:10D4F000C1FFBDF80200C0F3C203052B28BF0523FE
:10D50000A372C0F382136372800AECF767FD8DF893
:10D510000400C0F30723C0F307408DF806008DF820
:10D520000530019904F15800ECF752FD02B070BDCE
:10D53000308801220DF10201FEF722FC78B17088DB
:10D54000012201A9FEF71CFC48B1636FBDF902106E
:10D5500043F8351003EBC502BDF9043053600135C3
:10D560000436AFE7B8A50408A0F12400FFF7A2BF76
:10D570002DE9F04304468DB004F11C053F494822D3
:10D5800004F13806FFF7DEFC2846EDF73FF90127E6
:10D590003B49002343223046F3F7E8FA33462A4654
:10D5A000CDE90277CDE90077042104F15800ECF7CA
:10D5B0008FFD04F1A40905AA324906A8EFF7CAFABB
:10D5C00006A9192340224846FEF73CFB06A8EDF7C2
:10D5D000C2FD2D4B236003F14402E26103F16002BE
:10D5E000626203F178020025A26303F1D002E03306
:10D5F000C4F8A430C4E93B55A265A4F8DE50C4F8D1
:10D60000E45084F8E850C4F8F45084F8F8503046F8
:10D61000A4F8E070F3F742FB4FF0030894F8E82019
:10D6200094F8E0102046FFF725FF2A463046174BB6
:10D630001749CDF80080F3F7C9FA0B253A46304672
:10D64000144B1549CDF80080F3F7C0FA3046134B60
:10D65000134900950222F3F7B9FA124B12490095CB
:10D6600042463046F3F7B2FA2046FFF723FF48461A
:10D67000FEF798FA20460DB0BDE8F083782E012021
:10D68000137C04081D7C0408C8A40408257C040835
:10D69000537C04085A7C0408847C0408897C0408B0
:10D6A000CE720408997C04085F8104080B682DE998
:10D6B000F04705461446032B00F2E980DFE803F04B
:10D6C000025B14BC0B6A022B06D190F8E820097C9F
:10D6D0002846FFF7CFFE0FE0012B0DD100F1E0014E
:10D6E0002046FFF7F9FC07E00B6A022B07D10B8AF3
:10D6F000052B28BF052383720120BDE8F087012B8D
:10D7000002D100F10A01EBE7082BF5D1D4E901734E
:10D710009F4207D061493846FFF75FFD63683033A9
:10D720006360E9E701215E4A2046ECF7CDFD2668FB
:10D730008046FFF7EDFAA7EB06090546574948442E
:10D74000FFF74BFD39462A463046FFF7C1FB394605
:10D7500000F130023846FFF7BBFB074626B1A1684F
:10D760003046891B17F0CCFC3023C4E9005703FB7B
:10D770000855A560C0E70B6A022B08D1D1E9043235
:10D78000134390F8E01014BF01220022A0E7012B00
:10D79000B2D1D4E90162964211D090F8E82000237A
:10D7A00006F10801C6E90623C6E900133372002218
:10D7B0000023C6E90823022386F82830AEE719467D
:10D7C000374A2046ECF780FDD4F800808146FFF709
:10D7D0009FFAA6EB080A00EB0A0395F8E810074643
:10D7E000002203F1080047F80A00C3E906125A6054
:10D7F0001A72002000210222C3E9080183F82820C0
:10D8000031463A464046FFF763FB314600F13002AD
:10D810003046FFF75DFB0546B8F1000F05D0A16863
:10D820004046A1EB080117F06BFC3023C4E90075FA
:10D8300003FB0977A7605FE70B6A022B05D10B8A10
:10D84000072B28BF0723437256E7012B02D100F1B3
:10D85000090145E7082B7FF44FAFD4E901739F42DC
:10D8600004D010493846FFF79FFC57E70C4A0121C6
:10D870002046ECF729FD26688046FFF749FAA7EB1A
:10D880000609054607494844FFF78EFC5AE7224639
:10D890005830BDE8F047ECF7FFBD00BFA97C040895
:10D8A000026A0408DF7C0408A0F13800FFF7FEBE1E
:10D8B00001207047012070470120704710B5074BC9
:10D8C000036003F13002826003F148026C330446C6
:10D8D000C261036200F04AFB204610BD04A70408A1
:10D8E000A0F10800EAE7A0F11C00E7E7A0F12000A2
:10D8F000E4E700BF10B50446FFF7E0FF20465021E3
:10D9000017F0FEFB204610BDA0F10800F2E7A0F1E1
:10D910001C00EFE7A0F12000ECE700001AB1012A9B
:10D9200004D000207047024B0360FAE70160F8E77B
:10D93000F4A604081AB1012A04D000207047024B53
:10D940000360FAE70160F8E794A604081AB1012A17
:10D9500004D000207047024B0360FAE70160F8E74B
:10D9600038A6040810B5FC2017F0E4FB0446FFF7C6
:10D97000FFFD04F11C0010BD10B5502017F0DAFBBC
:10D980000821044600F002FC054B236003F130023D
:10D99000A26003F148026C33E2612362204610BDAD
:10D9A00004A7040810B58C2017F0C4FB044605F04A
:10D9B00093FC204610BD000038B500F10803044672
:10D9C00003601A2017F0B6FB1923A360094B2060EF
:10D9D000024603F1180153F8045B42F8045B8B42E2
:10D9E000F9D11B7813701923636000234376204616
:10D9F00038BD00BF367D0408A1F12001DCE700BF7F
:10DA00002DE9F843894602F1180400F118050026B3
:10DA1000A5F118039945A4F1180802D14046BDE8C4
:10DA2000F88355F8183C44F8183CA4F1100735F871
:10DA3000143C24F8143C44E9046644F8086C384665
:10DA4000EEF701FC55F8083C44F8046C63B102227F
:10DA5000A5F110013846984755F8043C44F8043CB9
:10DA600055F8083C44F8083CC8E90666C8F8206048
:10DA70002046EEF7E8FBAB68E6603BB102222946A0
:10DA800020469847EB68E360AB68A36028342835EC
:10DA9000BEE7000070B59EB000242C4B009302A896
:10DAA000CDE90244ADF804400494EEF7CCFB284BDA
:10DAB0002849059306A8284B0493EEF7C9FB274B8A
:10DAC0000A930CA80123CDE90C44ADF82C300E9438
:10DAD000EEF7B9FB224B23490F9310A8224B0E936C
:10DAE000EEF7B6FB214B149316A80223CDE916449A
:10DAF000ADF854301894EEF7A6FB1D4B1D4D1E4992
:10DB000019931AA81D4B1893EEF7A2FB7820C5E9CC
:10DB10000044AC6017F00EFB6E4600F1780302463D
:10DB200028601EA93046AB60FFF76AFF1EAC686034
:10DB3000283C04F11800EDF7F4FB04F10800EDF7C0
:10DB4000F0FBB442F4D11EB070BD00BF7C010010E8
:10DB5000A5D90208B5D802084DD902083401001031
:10DB600079D90208B1D8020835D902082C01001071
:10DB700065D90208B02F0120B9D802081DD90208C2
:10DB800070B50C4DD5E90046A64207D1286878B19A
:10DB9000A968BDE87040091A17F0B2BA04F118007C
:10DBA000EDF7BFFB04F10800EDF7BBFB2834EBE712
:10DBB00070BD00BFB02F01200120704701207047C9
:10DBC00001207047012070471AB1012A04D00020BB
:10DBD0007047024B0360FAE70160F8E77CA904088C
:10DBE0001AB1012A04D000207047024B0360FAE703
:10DBF0000160F8E724A904081AB1012A04D0002022
:10DC00007047024B0360FAE70160F8E7C8A8040810
:10DC10001AB1012A04D000207047024B0360FAE7D2
:10DC20000160F8E76CA804081AB1012A04D00020AA
:10DC30007047024B0360FAE70160F8E710A8040898
:10DC400010B5582017F076FA044601F003FD20467F
:10DC500010BD10B5A02017F06DFA04460AF052F876
:10DC600004F12C0010BD10B5AC2017F063FA044687
:10DC70000BF0E4FB204610BD10B5902017F05AFAC7
:10DC800040F2062240F2012104460AF0A7FC084BAC
:10DC9000236003F13402A26003F14C02A43304F1C7
:10DCA0001000226123630021F2F73FF9204610BDE6
:10DCB000ACC4040810B5502017F03CFA044605F037
:10DCC000E9FD204610BD2DE9F843894602F118040C
:10DCD00000F118050026A5F118039945A4F11808CC
:10DCE00002D14046BDE8F88355F8183C44F8183C8A
:10DCF000A4F1100735F8143C24F8143C44E90466F8
:10DD000044F8086C3846EEF79EFA55F8083C44F89B
:10DD1000046C63B10222A5F110013846984755F80A
:10DD2000043C44F8043C55F8083C44F8083CC8E975
:10DD30000666C8F820602046EEF785FAAB68E66014
:10DD40003BB10222294620469847EB68E360AB6866
:10DD5000A36028342835BEE770B5B2B000243F4B2D
:10DD6000009302A8CDE90244ADF804400494EEF714
:10DD70006AFA3B4B3B49059306A83B4B0493EEF7ED
:10DD800067FA3A4B0A930CA80123CDE90C44ADF88D
:10DD90002C300E94EEF757FA354B36490F9310A8F6
:10DDA000354B0E93EEF754FA344B149316A8032315
:10DDB000CDE91644ADF854301894EEF744FA304BE0
:10DDC000304919931AA8304B1893EEF741FA2F4BAC
:10DDD0001E9320A80423CDE92044ADF87C30229482
:10DDE000EEF731FA2A4B2B49239324A82A4B22938E
:10DDF000EEF72EFA294B28932AA80523CDE92A44C9
:10DE0000ADF8A4302C94EEF71EFA254B254D26498B
:10DE10002D932EA8254B2C93EEF71AFAC820C5E9AE
:10DE20000044AC6017F086F96E4600F1C803024664
:10DE3000286032A93046AB60FFF745FF32AC68601E
:10DE4000283C04F11800EDF76CFA04F10800EDF736
:10DE500068FAB442F4D132B070BD00BF8401001042
:10DE6000B5DC0208BDDB020829DC0208C401001091
:10DE700079DC0208DD82030811DC0208CC01001005
:10DE800067DC0208C1DB0208F9DB0208BC010010F4
:10DE900053DC0208C5DB0208E1DB02084401001084
:10DEA00041DC0208BC2F0120B9DB0208C9DB0208F3
:10DEB00070B50C4DD5E90046A64207D1286878B167
:10DEC000A968BDE87040091A17F01AB904F11800E2
:10DED000EDF727FA04F10800EDF723FA2834EBE711
:10DEE00070BD00BFBC2F0120034A034692E8030027
:10DEF00083E803001846704734010010A1F12001A7
:10DF0000FFF7F2BF537D2DE9F0434BB9D76890F886
:10DF10004EC0C7F30A0702F1FF3ED9B28C4501D8C3
:10DF2000BDE8F083016C1944B94201D00133F4E734
:10DF300090F84C809E000121B045F7DD14698C42B9
:10DF4000F4D91EF8014012F80190056944EA092449
:10DF5000023124B2092945F8264006F10106EBD129
:10DF6000E4E7A0F11C00FFF7CDBF0000104B416CAF
:10DF700003F1300210B50360826003F148026C3394
:10DF800003624B1C0446C26104D0806C0368C9B2B2
:10DF90009B6A984704F12000F2F736FB04F11C005D
:10DFA000F1F752F82046ECF747FC204610BD00BFC1
:10DFB000C4A90408A0F11C00FFF7D8BFA0F1080015
:10DFC000FFF7D4BFA0F12000FFF7D0BF10B5044683
:10DFD000FFF7CCFF2046502117F092F8204610BDE5
:10DFE000A0F12000FFF7F2BFA0F11C00FFF7EEBF89
:10DFF000A0F10800FFF7EABF90F84C30016CDB029B
:10E00000C1F30A0103F4F04319434FF41C70FDF708
:10E0100089BEA0F10800FFF7EFBF000008B5034676
:10E0200078B1084A904206D9074A904201D917F0C0
:10E030008EFB17F089FB30205843BDE8084017F0ED
:10E0400079B808BDAAAAAA0255555505F8B50646DD
:10E050000F46154602F108030446BC4209D1174B8E
:10E06000A41B24095C4324F07044302000FB0450BE
:10E07000F8BD224643F8083C52F8081B914217D1DC
:10E08000626818460132DEF72BFA0346D4E906012E
:10E09000626843F8042CC3E90401D4E9080194F848
:10E0A000282083F82020C3E9060130343033D4E738
:10E0B000A26843F8081C1A60E8E700BFABAAAA0AE6
:10E0C00030B5416C4B1C87B0044604D0806C0368AB
:10E0D000C9B29B6A9847226CA06C029200230493F9
:10E0E0000123ADF81430D3185340DB430393056884
:10E0F000059B009302AB0ECB6D6AA8476064A06CD1
:10E1000003681B6907B0BDE83040184713B590F8A5
:10E110004D208A4228BF0A46531E48BF931C9B10BD
:10E12000013380F84E3000230193D0E90431CC1A3A
:10E13000A410A24280F84C2006D901AB121B10306B
:10E14000FFF7E4F802B010BDFCD203EB8203994262
:10E1500018BF4361F6E713B5012204460DF106012D
:10E160004FF41C70FDF70CFE48B1BDF80610C1F36A
:10E170000A032364C1F3C3212046FFF7C7FF02B09F
:10E1800010BDA0F10800FFF7E6BF0000F7B5044698
:10E1900004F120050F46ECF739FB04F11C00F0F701
:10E1A000BBFF2349002342222846F2F7DFFC214B24
:10E1B000236003F13002A26003F148026C33E26194
:10E1C00023626E224FF0FF33C4E910231A4B84F808
:10E1D0004D7001261B68A3642846032784F84C6011
:10E1E00084F84E60F2F75AFD2846144B1449009704
:10E1F0000022F2F7EBFC32462846124B12490097F8
:10E20000F2F7E4FC114B1249009602222846F2F77D
:10E21000DDFC2046FFF79FFF2046FFF751FF204619
:10E2200094F84C10FFF772FF204603B0F0BD00BF1A
:10E23000507D0408C4A9040890A304085A7D04086A
:10E24000F2880408897D0408C17D04089F7D0408C4
:10E25000BE7D04082DE9F84F0E68012E07460B46D7
:10E26000144607D0022E61D0002E00F0B3800020AB
:10E27000BDE8F88F096A012952D1D2E901539D42C4
:10E2800011D090F84C20002305F10801C5E90013D6
:10E29000C5E906232B7200230022C5E908230223C7
:10E2A00085F8283056E06C4A2046ECF70DF8D4F893
:10E2B00000808146FFF7B2FEA5EB080A00EB0A03D7
:10E2C00097F84C100646002203F1080046F80A00B1
:10E2D000C3E906125A601A72002000210222C3E923
:10E2E000080183F82820294632464046FFF7AEFE53
:10E2F000294600F130022846FFF7A8FE0546B8F18E
:10E30000000F05D0A1684046A1EB080116F0F8FE09
:10E310003023C4E9006503FB0966A6600120A7E776
:10E320000229FBD1197CFFF7F1FEF7E7D2E901538F
:10E330009D4213D090F84D2085F82860002305F108
:10E340000801C5E90623C5E900132B72002200234A
:10E35000C5E90823636830336360DFE73E4A012183
:10E360002046EBF7B1FFD4F800908246FFF756FE47
:10E37000A5EB090B00EB0B0397F84D10804600222C
:10E3800003F1080048F80B00C3E906120020002141
:10E39000C3E908015A601A7283F828602946424688
:10E3A0004846FFF753FE294600F130022846FFF7A2
:10E3B0004DFE0546B9F1000F05D0A1684846A1EB16
:10E3C000090116F09DFE302303FB0A83C4E9008592
:10E3D000A360A3E7096A01292BD1D2E901539D4229
:10E3E00008D0036C2E7205F10802C5E90026C5E9C4
:10E3F000063650E7184A2046EBF766FFD4F800903F
:10E400008246FFF70BFEA5EB090B00EB0B033A6C02
:10E4100003F1080140F80B108046C3E906260020EE
:10E4200000210222C3E908015E601E7283F82820E1
:10E43000B4E702297FF472AF1A6990F84C309B0858
:10E44000C3F5FF63C2F30A0207339A4294BF026422
:10E450000364FFF735FE61E7026A0408A0F12000BB
:10E46000FFF7F8BE0120704701207047034A0346BA
:10E4700092E8030083E80300184670473C0100104F
:10E48000A1F10801FFF7F2BFD0F89C308B4201D117
:10E49000FEF7E4B87047A0F19400FFF7F5BF000065
:10E4A00008B5034678B1084A904206D9074A904217
:10E4B00001D917F04CF917F047F930205843BDE85F
:10E4C000084016F037BE08BDAAAAAA025555550540
:10E4D00013460A1A012A03DD0146981A0CF0E6BF1A
:10E4E00004BF027803F8012C7047000008B50368E8
:10E4F000002B02DA0C4817F030F98B420AD9B3EB43
:10E50000410F4FEA410205D2002AB6BF6FF0004327
:10E51000026003600068013001D517F015F9BDE80D
:10E52000084016F007BE00BF1C6A040838B592F810
:10E530002410D0F8F4309942044628D100F1AC03FD
:10E54000511EB43011F8015F03F8015B9842F9D114
:10E55000D368C4F8B8301369C4F8BC30137D84F8AC
:10E56000C030537D84F8C1309369C4F8C430D36996
:10E57000C4F8C83092F8203084F8CC3092F82430B7
:10E5800084F8D030FEF760F8012384F8983038BD65
:10E59000A0F19400FFF7CABF002808B506D001DA41
:10E5A00017F0D2F8BDE8084016F0C4BD08BD034618
:10E5B000006818B19968091A16F0A2BD70470000EA
:10E5C000154B10B503F14002036098330446826096
:10E5D000C0F89430D0F89C0094F8D41003689B6A7B
:10E5E0009847D4F89C0003689B6C984704F58A70A0
:10E5F000FFF7DDFFD4F8A00020B1D4F8A810091A65
:10E6000016F07EFD04F19400F0F71EFD204604F0A4
:10E61000DFFC204610BD00BFB8AA0408A0F1080026
:10E62000FFF7CEBFA0F19400FFF7CABF10B50446B4
:10E63000FFF7C6FF20464FF4907116F061FD2046AB
:10E6400010BDA0F19400FFF7F1BFA0F10800FFF7A3
:10E65000EDBF2DE9F04104460F4602F108054FF0E9
:10E660000008BC42A5F1080001D1BDE8F0812646B2
:10E6700045F8085C56F8083BB3421ED16268314643
:10E6800001322846DDF72CFF636845F8043CD4E9E5
:10E690000623C4E9006884F80880C5E90423D4E9A6
:10E6A0000823C5E9062394F8283085F82030204651
:10E6B000ECF751FD30343035D3E745F8083CA3681A
:10E6C0002B60E1E738B504469DF8140084F8E500B6
:10E6D0000029D4F89C00C4F8EC30C4F8E820B4BF9A
:10E6E000012300239DF81050B4BF84F8E43084F86F
:10E6F000E4300368C4E93715BCBF21F00041C4F819
:10E70000DC10DD6904F1E80204F1F00304F1DC013E
:10E71000A84718B9BDE83840FDF7A0BF38BD0000D4
:10E7200003460A46D1E9000183E803000A499960DB
:10E73000D2E90301C3E90301918A99829169996140
:10E74000D169D96192F8201083F8201092F8242022
:10E7500083F82420184670473CA30408F7B500F15D
:10E760000803044603603E27002101A80197FFF734
:10E77000BDFE019E20600649A6603A460546EEF7BA
:10E78000DDF900232046AB55666003B0F0BD00BF45
:10E79000D37D0408A1F10801E0E700BF2DE9F341B2
:10E7A000D0F80480044608EB02070E461546EFF742
:10E7B00078FF87420DD82DB120682A463146404463
:10E7C000EEF7BCF9236867600022DA5502B0BDE8B5
:10E7D000F08100953346002241462046F0F7B9F813
:10E7E000F0E7000008B54368C3F1FF43D1E9001228
:10E7F00003F5FF0303F5FF437F339A4202D9034831
:10E8000016F0ABFFBDE80840FFF7C8BFFE6E040876
:10E810002DE9F04F00F108060024BDB00660446009
:10E82000047207461546EFF73CFF032853D9794990
:10E830008E424BD104230093019433462246314645
:10E84000384616F094FF04237B603B6800221A715F
:10E85000EC680121234642F20F7042F21072092B3C
:10E8600002D9632B40D80131002203A805AE0396DC
:10E87000F2F759FBDDE9039A0DF124086649C92234
:10E880004046DDF72DFE09EB0A036421632C38D8DE
:10E89000092C85BF3CAB03EB4404303414F8CB3C6B
:10E8A00086BF14F8CC4C89F80130E4B203A938468D
:10E8B00089F80040FFF796FF03A8ECF74CFC7A6854
:10E8C000564BD3422ED1564816F047FF042230460D
:10E8D000EEF734F9B7E70423009322464D4B214667
:10E8E0003846F0F736F8AEE7B3F57A7F01D2023159
:10E8F000BAE7834201D80331B6E70431B3FBF2F340
:10E90000ADE7B4FBF1F001FB104204463CA800EB7C
:10E91000420212F8CB0C12F8CC2C03F8010C03F8CD
:10E92000022DB3E73F4901223846FFF737FFD5E90B
:10E930000045002D4FEAD57902DA644265EB4505C2
:10E94000204629464FF0010A42F2107B0A2871F155
:10E95000000305D3642871F100032ED20AF1010AE5
:10E9600009EB0A012D2203A80396F2F7DCFA039EB5
:10E970002949C9224046DDF7B3FD06EB090BDA440D
:10E98000642C75F100032FD20A2C75F100053ED3DB
:10E990002419631C18F8044018F803308BF8013070
:10E9A00003A9384606F80940FFF71CFF03A8ECF757
:10E9B000D2FB38463DB0BDE8F08FB0F57A7F71F1FB
:10E9C000000302D20AF1020ACAE7584571F10003B6
:10E9D00002D20AF1030AC3E742F210720023DEF703
:10E9E0002BFC0AF1040AB1E72046294664220023E1
:10E9F000DEF722FC5200531C0D4618F803300AF8CB
:10EA0000013C18F802300AF8023D0446B8E73034F9
:10EA1000E4B2C5E7127E0408346A040801000080ED
:10EA2000FE6E0408C274040810B504461046D4E90A
:10EA300000236FF000449B1AE21A8A4201D216F0BA
:10EA40008CFE994238BF19465B1804D2A34228BFF6
:10EA50002346184610BD2046FCE700002DE9F84388
:10EA6000D0E901439C420546894606D00B782370C5
:10EA7000436801334360BDE8F883104A0121FFF782
:10EA8000D3FF2F688046FFF787FDE41B99F800301D
:10EA90000355002C064603DD224639460CF006FDE0
:10EAA0000134344427B1A9683846C91B16F028FB45
:10EAB000C5E900644644AE60DDE700BF026A0408B1
:10EAC0002DE9F84FD0E901439C420546894690461E
:10EAD00014D01268002304F10806D1E90001237262
:10EAE000C4E90063C4E90823062384F828306B686E
:10EAF0003033C4E906016B60BDE8F88F1B4A012181
:10EB0000EBF7E2FB2F688246FFF7CAFCA4EB070B8A
:10EB100000EB0B0399ED007BD8F8001006460022AD
:10EB200003F1080046F80B00C3E908125A601A7294
:10EB3000062283F82820214683ED067B324638469C
:10EB4000FFF787FD214600F130022046FFF781FDE7
:10EB5000044627B1A9683846C91B16F0D1FA3023FC
:10EB6000C5E9006403FB0A66AE60C5E7026A0408F3
:10EB70002DE9F74F0F68012F034614461DD0022FD1
:10EB800027D0002F40F087800A6A012A0AD103F1BA
:10EB9000B80203F1AC012046FFF792FF012003B059
:10EBA000BDE8F08F202A78D1082301970093D1E99E
:10EBB00004238968FFF786FDF0E70A6A012AE6D098
:10EBC000022A6AD1082300930197096900220023D1
:10EBD000F0E70E6A012E55D1D0F89C0003685B6BFC
:10EBE0009847D4E901539D42814611D005F10803AD
:10EBF0002B6000232B72C5E906036B600022002303
:10EC0000C5E90823636885F8287030336360C5E779
:10EC10003146234A2046EBF757FBD4F80080824662
:10EC2000FFF73EFCA5EB080B00EB0B0303F108021A
:10EC300040F80B200646002200200021C3E908010D
:10EC4000C3E906925A601A72294683F82870324640
:10EC50004046FFF7FEFC294600F130022846FFF748
:10EC6000F8FC0546B8F1000F05D0A1684046A1EBBD
:10EC7000080116F045FA3023C4E9006503FB0A6673
:10EC8000A6608BE7022E89D1D0F89C000969036841
:10EC9000DB6A984782E7002081E702207FE700BF18
:10ECA000026A0408A0F10800FFF762BF10B50C1A51
:10ECB000012C134607DD0146224618460CF0F6FBF0
:10ECC0000346181910BD04BF02781A70F9E710B591
:10ECD0000C1A012C134607DD0146224618460CF09B
:10ECE000E5FB0346181910BD04BF02781A70F9E756
:10ECF000F7B502AB03E9060000239A42C0E90033EE
:10ED000004460E468360154601EB020702DA094805
:10ED100016F023FD1046FFF73FFC05440246206035
:10ED2000A56039463046FFF7D2FF6060204603B049
:10ED3000F0BD00BF366904082DE9F041044688B0F3
:10ED400004F0DCF804F19400F0F7E6F9454B236099
:10ED500003F140029833C4F89430434BA2601F681B
:10ED6000424B43490025C4E92D354FF0FF330126BE
:10ED7000C4F8D4303F4BC4F8FC30C4E92775C4E96B
:10ED80002955C4E92B55C4E93155C4E93755C4E9BF
:10ED90003A5584F89850C4F8BC50A4F8C05084F890
:10EDA000CC5084F8D05084F8D860A4F8E45084F8AB
:10EDB000E650C4F8F45084F8F85084F8005184F810
:10EDC0000451C4F808312A4B02930DF110080423B2
:10EDD000039384F80C51434684F81051042204F53F
:10EDE0008A70FFF785FFADF81C60CDE904553868DF
:10EDF000079BC4F89C700695009398E80E00D0F825
:10EE000024803846C04704F108072123C4F8D40001
:10EE100084F800612A46009338464FF00308164BE9
:10EE20001649F1F7D3FE32463846154B1549CDF851
:10EE30000080F1F7CBFE02223846134B1349CDF880
:10EE40000080F1F7C3FED4F89C0003682946DB6B11
:10EE50009847D4F89C0003685B6C9847204608B03C
:10EE6000BDE8F081B8AA040890A304083CA30408F4
:10EE700080AA040820A10700177E0408796F0408FF
:10EE80003F7E0408507E0408547E040891810408E3
:10EE90002DE9F04190F898309EB00446002B50D0F8
:10EEA00000F1AC010AA8FFF73BFC94F8107104AD27
:10EEB000002F54D09DF83C30119A0D98BDF84410A5
:10EEC0000E9EADF812105B4203F000430343110C99
:10EED000120E8DF81520ADF816301A0C1B0E8DF899
:10EEE000193006F00F03F1208DF81A300B23ADF81E
:10EEF00010008DF814108DF8182003930B2201AB2D
:10EF0000294614A80295FFF7F3FE0027FBB2B3428F
:10EF100007F1010718D30026294614A88DF81060C0
:10EF2000FFF79CFDDDE914123046521AE7F7E2FFC5
:10EF30003046E7F79BFF14A8FFF739FB002384F85E
:10EF400098301EB0BDE8F08178336B44294613F841
:10EF5000503C8DF8103014A8FFF780FDD6E70AA9C1
:10EF600014A8FFF7DDFB14AA21462846FFF750FC42
:10EF7000DDE9048616AB0F2E1493029606D93946A6
:10EF800002A8FFF7B3FA029B149016931498324626
:10EF90004146EDF7D3FD029B149A15930021D154FD
:10EFA00014A8F1F7B5F814A8ECF7D5F82846ECF753
:10EFB000D2F8C3E710B50C1A012C134607DD014641
:10EFC000224618460CF072FA0346181910BD04BF09
:10EFD00002781A70F9E700002DE9F74FD0F800A089
:10EFE000934204460D4617469946A1EB0A0B1ED0E4
:10EFF000A3EB0208D0E90162921B904534D8A6EB3E
:10F00000010AD04518D2A6EB080A324631465046CE
:10F01000FFF7D0FF63684344324651466360284699
:10F02000FFF756FA2A4649463846FFF73FFE206862
:10F03000584403B0BDE8F08F07EB0A031846324688
:10F0400049460193FFF732FE6268A8EB0A08424482
:10F05000626031462846FFF7ADFF6268019B52446B
:10F06000626019462A46DFE74146134AFFF7DCFC97
:10F070000190FFF791FA2946024680465046FFF775
:10F0800099FF494602463846FFF710FE31460246D0
:10F090002846FFF78FFF0546BAF1000F05D0A1689B
:10F0A0005046A1EB0A0116F02BF8019B4344C4E93A
:10F0B0000085A360BBE700BF0A7204082DE9F04F8A
:10F0C0000B78E72B9BB004460F46914618D10123DD
:10F0D00080F810313B78E72B01D0F12B14D1D9F80F
:10F0E00000200025531B9D42294604D27B5C01353C
:10F0F000F12BEDB2F6D10023CDE91033129353E09A
:10F1000090F81031002BE5D14A46394620461BB015
:10F11000BDE8F04F03F0B7BE05F1010C002117F870
:10F1200005E007EB0C03461B0A469A5CF12A03D064
:10F130004A1CD2B2B24216D3023551FA85F5119E5D
:10F14000EDB2BEF10C0F2FD8DFE81EF00F0041002A
:10F150002E002E002E0064007D00B5002E00C100A0
:10F160002E002E000A011146DFE707281CD993F86C
:10F1700004A057F80C805E7900200021CDE916012B
:10F18000BAF1000F10D1082E324603F10601A8BFD4
:10F19000082216A8DDF7A4F9CDE9006ADDE91623F7
:10F1A00041462046FFF78EFAD9F80000A842B3D8AE
:10F1B000DDE910120020521AE7F79CFE0020E7F765
:10F1C00055FE10A8FFF7F3F91BB0BDE8F08FDFF78D
:10F1D000A3FE4FF47A73584340F2F113ADF84C306C
:10F1E000030C8DF8503013AB0893ADF84E00062396
:10F1F000000E089909938DF8510007AB062216A856
:10F20000FFF776FDDDE91623314610A8FFF7E4FE8F
:10F2100016A84DE0DA7893F90330D4F89C0057F83B
:10F220000C10002BBCBFC2F3801384F800310368BC
:10F23000B8BFC2F34012DB6AB8BF84F8F82021F0EF
:10F2400060419847B0E740F2F16394F8F820ADF8D8
:10F25000583094F8003143EA02138DF85A30D4F84C
:10F26000FC308DF85B301A0A8DF85C201A0C1B0EEE
:10F270008DF85D208DF85E3094F8042194F80C31FF
:10F2800043EA02138DF85F30D4F80831189316ABB7
:10F290000A930C230A990B930C2207AB13A8FFF7D0
:10F2A00027FDDDE91323314610A8FFF795FE13A8CB
:10F2B000FFF77DF978E7324A0123CDE9132313AB39
:10F2C0000C9308230D930C9907AB082297E7D4E918
:10F2D00045A39A453FF468AF129A0392A3EB0A083C
:10F2E000921B9045DDF840B011D819463246504681
:10F2F000FFF7EDFC06EB0802314630461192FFF7AE
:10F3000059FE324651465046FFF7E1FC4CE7414674
:10F310001C4A059310A8FFF787FB0490FFF73CF900
:10F320003146024680465846FFF744FE059B02469A
:10F3300019465046FFF7CBFC314602463046FFF7F0
:10F3400039FE0646BBF1000F05D0039B5846A3EBE0
:10F350000B0115F0D5FE049BCDE910864344CDE6A4
:10F3600040F6F143ADF84C3094F8D8308DF84E307B
:10F3700013AB0E9303230F930E9907AB03223EE7C3
:10F38000F10701010A720408034A034692E80300E8
:10F3900083E803001846704744010010A1F11401EE
:10F3A000FFF7F2BF90F8343030B56BB1D0E91445B7
:10F3B000E243EB43C1E90023D0E9125415401C405D
:10F3C000C1E90054807B30BDD0E91423F2E700008E
:10F3D000104BC16B03F1300210B50360826003F182
:10F3E00048026C3343614B1C0446026104D0006C3C
:10F3F0000368C9B29B6A984704F11400F1F704F955
:10F4000004F11000EFF720FE2046EEF7BDFC204689
:10F4100010BD00BFACAB0408A0F11000FFF7D8BFCF
:10F42000A0F10800FFF7D4BFA0F11400FFF7D0BF90
:10F4300010B50446FFF7CCFF2046582115F060FEBA
:10F44000204610BDA0F11400FFF7F2BFA0F110009C
:10F45000FFF7EEBFA0F10800FFF7EABFC38990F8FD
:10F46000341010B5013B044603F03F0343EA811119
:10F470004FF41870FCF756FCA16B40F26120BDE818
:10F480001040C1F30A01FCF74DBCA0F10800FFF7E2
:10F49000E5BFD368816BC3F30A03994208D1537D5A
:10F4A00033B91369082B04BFD2E90023C0E9142340
:10F4B0007047A0F11000FFF7ECBF000008B503464D
:10F4C00078B1084A904206D9074A904201D916F00D
:10F4D0003EF916F039F930205843BDE8084015F0E0
:10F4E00029BE08BDAAAAAA0255555505F8B5064673
:10F4F0000F46154602F108030446BC4209D1174BDA
:10F50000A41B24095C4324F07044302000FB045009
:10F51000F8BD224643F8083C52F8081B914217D127
:10F52000626818460132DCF7DBFF0346D4E90601C6
:10F53000626843F8042CC3E90401D4E9080194F893
:10F54000282083F82020C3E9060130343033D4E783
:10F55000A26843F8081C1A60E8E700BFABAAAA0A31
:10F5600030B5C16B0446481C87B004D0206C0368DA
:10F57000C9B29B6A9847A36B02934FF6FF720023B0
:10F58000CDE90323206C0123ADF81430059B0568F9
:10F59000009302AB0ECB6D6AA847E063206C036852
:10F5A0001B6907B0BDE830401847000000000000AC
:10F5B000402910B5044607D94023C3814FF0FF30DE
:10F5C0000146C4E9120110BD0129084638BF0120D7
:10F5D0004029E081F2D0DDF75FF99FED070B41ECA8
:10F5E000110B12F089FC51EC100B16F0D5F9013813
:10F5F00061F10001E5E700BF0000000000000040ED
:10F6000037B5044601220DF106014FF41870FCF7DE
:10F61000B7FB58B1BDF8065005F03F010131204657
:10F62000C5F38015FFF7C4FF84F8345001220DF1B3
:10F63000060140F26120FCF7A3FB20B1BDF80630C3
:10F64000C3F30A03A36303B030BDA0F10800FFF7C2
:10F65000D7BF0000F7B5044604F11405EEF780FBB0
:10F6600004F11000EFF758FD234900232522284616
:10F67000F1F77CFA214B236003F13002A26003F121
:10F6800048026C332261636164224FF0FF33C4E9A6
:10F690000E231B4B1B682364FF220023C4E91223A3
:10F6A000002700220023C4E91423284684F834707C
:10F6B000F1F7F4FA03262023E3813A462846114B5A
:10F6C00011490096F1F782FA2846104B104900962E
:10F6D0000122F1F77BFA0F4B0F49009602222846D0
:10F6E000F1F774FA2046FFF78BFF2046FFF738FF4B
:10F6F000204603B0F0BD00BF7E7E0408ACAB04081A
:10F7000090A30408857E0408977E04089E7E040862
:10F710006F6B0408AD7E0408F28804082DE9F84FE9
:10F720000E68012E07460B46144661D0022E00F0EB
:10F73000BE80002E40F0FB80096A012950D1D2E939
:10F7400001539D4212D0C3892E7205F10802C5E90A
:10F750000026C5E9063600230022C5E90823022356
:10F7600085F828306368303363603EE0724A204693
:10F77000EAF7AAFDD4F800908246FFF79FFEA5EBBA
:10F78000090B00EB0B0303F1080140F80B10FA8999
:10F790005E60804600210020C3E90801C3E9062617
:10F7A00002221E7283F82820294642464846FFF767
:10F7B0009DFE294600F130022846FFF797FE0546D8
:10F7C000B9F1000F05D0A1684846A1EB090115F079
:10F7D00097FC302303FB0A83C4E90085A36004E09F
:10F7E000022902D1197CFFF7E3FE0120BDE8F88F62
:10F7F0000A6A022A01D0202A08D1D3E904231A4335
:10F8000014BF0123002387F83430EEE7012A02D029
:10F81000102A40F08E80D4E901539D420AD097F817
:10F820003420002305F10801C5E90013C5E90623CA
:10F830002B7290E7404A01212046EAF745FDD4F8B3
:10F8400000808146FFF73AFEA5EB080A00EB0A03A9
:10F8500097F834100646002203F1080046F80A0023
:10F86000C3E906125A601A72002000210222C3E97D
:10F87000080183F82820294632464046FFF736FE25
:10F88000294600F130022846FFF730FE0546B8F160
:10F89000000F05D0A1684046A1EB080115F030FC2F
:10F8A0003023C4E9006503FB0966A6609DE7096A89
:10F8B000012932D1D2E901539D420FD0826B85F8E4
:10F8C0002860002305F10801C5E90623C5E90013F6
:10F8D0002B7200220023C5E9082343E7164A20467D
:10F8E000EAF7F2FCD4F800908246FFF7E7FDA5EBBB
:10F8F000090B00EB0B03B96B8046002203F10800F3
:10F9000048F80B00C3E9061200200021C3E90801F2
:10F910005A601A7283F8286046E702297FF465AFBF
:10F920001B69C3F30A038363FFF71AFE5DE7002038
:10F930005CE702205AE700BF026A0408A0F1140045
:10F94000FFF7ECBE034A034692E8030083E8030096
:10F95000184670474C010010A1F10801FFF7F2BFF3
:10F9600010B50446B0F8C01040F20110FCF7DAF907
:10F97000B4F8C2104FF48170FCF7D4F994F83C311C
:10F98000D4F83411DB0203F46053C1F30A011943C4
:10F990004FF49070FCF7C6F9D4F8381140F22110FA
:10F9A000BDE81040C1F30A01FCF7BCB9A0F1940016
:10F9B000FFF7D6BF18B13023594315F0A1BB7047EC
:10F9C00008B5034678B1084A904206D9074A9042E2
:10F9D00001D915F0BCFE15F0B7FE30205843BDE844
:10F9E000084015F0A7BB08BDAAAAAA02555555059F
:10F9F00008B570B1B0F1005F06D3B0F1804F01D30C
:10FA000015F0A5FE15F0A0FEBDE80840800015F039
:10FA100091BB08BD08B50368002B02DA0C4815F04D
:10FA20009CFE8B420AD9B3EB410F4FEA410205D24B
:10FA3000002AB6BF6FF00043026003600068013027
:10FA400001D515F081FEBDE8084015F073BB00BF7D
:10FA50001C6A040837B50446482015F06BFB0423E4
:10FA600000930B4A0B4B0C490546FBF79FFCD4F85F
:10FA70009000C4F8905010B103685B689847D4F8C0
:10FA8000900003681B6903B0BDE83040184700BF11
:10FA9000DECD0408E401001029CE0408072928BFA0
:10FAA000072180F83C11014491F83D31C0F8143130
:10FAB000704737B50446012200F1C00140F2011041
:10FAC000FCF75EF9D4F89C30B4F8C0109B6804F1E0
:10FAD0009C0528469847012204F1C2014FF4817029
:10FAE000FCF74EF9D4F89C30B4F8C2105B69284694
:10FAF000984701220DF106014FF49070FCF740F990
:10FB000050B1BDF80610C1F30A03C4F83431C1F393
:10FB1000C2212046FFF7C2FF01220DF1060140F28B
:10FB20002110FCF72DF928B1BDF80630C3F30A0304
:10FB3000C4F8383103B030BDA0F19400FFF7B9BF6D
:10FB400000F1080373B5044603600D4611B90E4871
:10FB500015F000FE0846DCF793FA0F2806460190E0
:10FB600006D9002101A8FFF755FF019B2060A36083
:10FB7000324629462068ECF7E1FF019B226863606A
:10FB80000021D15402B070BD936E040810B5034932
:10FB90000446FFF7D5FF204610BD00BFC67E04080F
:10FBA000A1F10801F2E700BFF7B500F10804032551
:10FBB00000952046284B29490022F1F707F80095C7
:10FBC0002046274B27490122F1F700F8022600952D
:10FBD0002046254B25490222F0F7F8FF40F2011795
:10FBE0002046234B234900960422F0F7EFFF2A46D4
:10FBF0002046214B21490097F0F7E8FF0095204669
:10FC00001F4B20490522F0F7E1FF20461E4B1F49FC
:10FC100000970622F0F7DAFF20461D4B1D4900969B
:10FC20000722F0F7D3FF0B230093204601251A4B40
:10FC30001A490822F0F7CAFF2046194B19490095C6
:10FC40000922F0F7C3FF184B184900950A222046F5
:10FC5000F0F7BCFF03B0F0BDE77E0408FC7E0408AB
:10FC6000057F0408207F0408297F0408407F0408DA
:10FC7000497F04085E7F0408657F0408827F0408CA
:10FC8000887F04089F7F0408A87F0408C57F0408B4
:10FC9000CB7F0408E07F0408E77F04085F81040845
:10FCA000F97F040811800408178004082E800408D6
:10FCB0002DE9F041044688B00D4603F01FF904F128
:10FCC0009400F7F779FD3D4B019302AA3C4B029358
:10FCD00001A904F19C00F8F715FB04F1D807394994
:10FCE00002A8FFF72DFF1E234FF4807202A93846A9
:10FCF000FBF7A8FF02A8EBF72EFA334B236003F1C2
:10FD00004402A26003F19C02C4F8942003F1B402FF
:10FD1000E433C4F89C20C4F8D83001220023C4E99D
:10FD20004432C4E94633C4F8203184F83C31274BCF
:10FD3000C4F8305164216E22C4E94D121A68C4F827
:10FD40003D219A889B79A4F8412184F843312046CB
:10FD5000FFF7AFFE2046FFF727FFD4F81821D4F8AD
:10FD600020319B1A1C2B22D8D4F81C612020B61AF3
:10FD700015F0E0F9D4E94682A2EB0802002A054614
:10FD80000ADD41460BF092FBD4F820114046A1EB6E
:10FD9000080115F0B5F902E0B8F1000FF4D12E44D6
:10FDA000C4F818512035C4F81C61C4F820513846F5
:10FDB000FBF7F8FE204608B0BDE8F081BC2F01201B
:10FDC000B02F012034800408B0AC04085C5D040846
:10FDD00010B5034B04461968FFF76AFF204610BDB3
:10FDE00090A3040870B504460E461546B44201D1EE
:10FDF000284670BD21462846EEF71AFCD4E90623B2
:10FE0000C5E90623D4E90823C5E9082394F8283076
:10FE100085F828302046EBF79EF930343035E5E799
:10FE200010B50446006818B1A168091A15F068F900
:10FE3000204610BD134B03F1440210B5826003F15C
:10FE40009C020360C0F8942003F1B402E43304463A
:10FE5000C0F89C20C0F8D83000F58C70FFF7E0FFA8
:10FE600004F1D800FBF7D2FE04F19C00F8F7A2FAE7
:10FE700004F19400F7F738FC204603F0A9F8204677
:10FE800010BD00BFB0AC0408A0F19C00FFF7D2BFCA
:10FE9000A0F19400FFF7CEBFA0F10800FFF7CABFA2
:10FEA000A0F1D800FFF7C6BF10B50446FFF7C2FFA8
:10FEB00020464FF4A47115F023F9204610BDA0F19F
:10FEC000D800FFF7F1BFA0F19C00FFF7EDBFA0F154
:10FED0009400FFF7E9BFA0F10800FFF7E5BF0000BD
:10FEE000F0B5036816468268D21AB1EBA20F85B04E
:10FEF00005460C461FD9B1F1005F02D31F4815F02B
:10FF00002CFC0846FFF774FD326800EB84040346BE
:10FF10009C420DD12B6801936B680293C5E90004E4
:10FF2000AB68AC6001A80393FFF77AFF05B0F0BDA2
:10FF300043F8042BECE741683068CF1AB4EBA70F05
:10FF40004FEAA7020AD81CB103EB84049C4212D1E9
:10FF5000994218BF6B60E9E743F8040B9942FBD163
:10FF6000A21A316803EB82029A4201D16A60DDE78E
:10FF700043F8041BF8E743F8040BE7E73669040885
:10FF800008B5F0F7A9F808BD036A022B2DE9F04780
:10FF90000C46914601D0202B04D10369C9F80030EA
:10FFA000BDE8F087012B01D0102BF9D1D4E9015322
:10FFB0009D4214D0D9F80020002305F10801C5E9BD
:10FFC00006232B72C5E9001300220023C5E908238C
:10FFD000022385F82830636830336360E0E71D4A08
:10FFE00001212046EAF770F927688046FFF7E8FC10
:10FFF000A5EB070A00EB0A030646D9F8001003F147
:020000040803EF
:100000000800002246F80A00C3E906125A601A7274
:10001000002000210222C3E9080183F82820294694
:1000200032463846FFF7DEFE294600F13002284608
:10003000FFF7D8FEA168084BC91B091105465943B3
:100040003846FFF7B7FC3023C4E9006503FB0866B8
:10005000A660A5E7026A0408ABAAAAAA2DE9F047A0
:10006000D0E901439C420546894614D00A88002302
:1000700004F10801C4E906232372C4E90013002235
:100080000023C4E90823022384F82830436830336E
:100090004360BDE8F0871D4A0121EAF715F92F6892
:1000A0008046FFF78DFCA4EB070A00EB0A03064627
:1000B000B9F8001003F10800002246F80A00C3E96D
:1000C00006125A601A72002000210222C3E90801B8
:1000D00083F82820214632463846FFF783FE214622
:1000E00000F130022046FFF77DFEA968084BC91BCE
:1000F0000911044659433846FFF75CFC3023C5E933
:10010000006403FB0866AE60C3E700BF026A040830
:10011000ABAAAAAA2DE9F04F0C469BB02E49DFF8F6
:10012000BCB0DFF8BCA00646FFF70AFD04F59E74DC
:10013000002514F8013F02A84FF47A71B1FBF3F1E6
:10014000EBF750F8594602A8EFF7C6FF014608A89A
:10015000EEF76EFA29460EA8EBF744F808A8EEF77A
:10016000A0FADDF824800F9F08EB0709814529D903
:100170000EA8EEF796FA814524D80022089BCDF808
:10018000008011460EA8EEF73FFC014614A8EEF7DA
:100190004FFADDE914123046EFF7A4F914A8EAF794
:1001A000DAFF0EA8EAF7D7FF08A8EAF7D4FF01356F
:1001B00002A8EAF7D0FF072D0AD051463046FFF7D4
:1001C000DFFEB6E70E993A4608A8EFF78BF9DCE7B1
:1001D00030461BB0BDE8F08FAC7004083C800408CA
:1001E000317504082DE9F04F0B68054697B00846B5
:1001F00014460A2B00F29182DFE813F00B00140082
:1002000017002A009C00A400B10024012C01ED017C
:10021000240205F59A722146FFF7B6FE012017B0B9
:10022000BDE8F08F05F59C72F5E70B6A012B05D14F
:1002300005F1C0012046FFF711FFEFE7022BEDD1DA
:10024000D5F89C309B68018A05F19C009847E5E74A
:10025000D5F8D030BE4EBF4FD3E900584FF0000A5A
:1002600018354FF0000BA5F118039845D6D055F876
:10027000183C9B79022B04D0012B06D1B64B1B787E
:100280001BB935F8143CFF2B4CD10CAB0A9300235F
:100290008DF8303035F8141C0B9304A801238DF829
:1002A0005030CDE910ABCDE912ABEAF79BFFDDE9A9
:1002B00004120AA8EFF716F904A8EAF74CFF0AA8F7
:1002C0003146FFF75DFE2846EBF7D6FF60BB35F8F9
:1002D000143CA249FF2B08BF39460AA8FFF750FE7D
:1002E00031460AA8FFF74CFE55F8183C0AA81968D1
:1002F000FFF746FE2846EBF7BFFFB8B105238DF8A0
:10030000503035F8143C0022CDE9123255F8183C33
:100310009B88CDE9103220460AA9ECF78DFE0AA889
:10032000EAF719FF28359EE73946D6E703238DF80B
:100330005030F0E70B6A022B7FF470AFD5F89C3099
:10034000DB6880E70B6A012B02D105F1C20171E77E
:10035000022B7FF463AFD5F89C305B6973E7D5F867
:10036000D4307B4E7B4FD3E900584FF0000A18354C
:100370004FF0000BA5F1180398453FF44FAF55F827
:10038000183C9B79022B04D0012B06D1724B1B78B1
:100390001BB935F8143CFF2B4CD10CAB0A9300234E
:1003A0008DF8303035F8141C0B9304A801238DF818
:1003B0005030CDE910ABCDE912ABEAF713FFDDE920
:1003C00004120AA8EFF78EF804A8EAF7C4FE0AA8F8
:1003D0003146FFF7D5FD2846EBF74EFF60BB35F8F9
:1003E000143C5E49FF2B08BF39460AA8FFF7C8FD39
:1003F00031460AA8FFF7C4FD55F8183C0AA8196849
:10040000FFF7BEFD2846EBF737FFB8B105238DF89F
:10041000503035F8143C0022CDE9123255F8183C22
:100420009B88CDE9103220460AA9ECF705FE0AA800
:10043000EAF791FE28359DE73946D6E703238DF884
:100440005030F0E70B6A022B7FF4E8AED5F89C3011
:100450009B69F8E6096A012954D1D4E901639E42F7
:1004600014D095F83C21002306F10801C6E90623C3
:10047000C6E90013337200220023C6E908230223D1
:1004800086F82830636830336360C7E6344A204614
:10049000E9F71AFFD4F800808146FFF791FAA6EB3E
:1004A000080A00EB0A0395F83C110746002203F105
:1004B000080047F80A00C3E9061200200021C3E93A
:1004C00008015A601A72022283F8282031463A46FF
:1004D0004046FFF787FC314600F130023046FFF717
:1004E00081FCA1681F4BA1EB080109110546594386
:1004F0004046FFF75FFA3023C4E9007503FB097734
:10050000A7608BE6022904D1017C2846FFF7C6FAD2
:1005100084E608297FF482AE29460AA8FFF7FAFD8F
:10052000D4E901539D421FD00AA92846ECF75AFB93
:1005300000230022C5E90623C5E90823032385F823
:1005400028306368303363600AA8EAF704FE65E682
:10055000C27404082F8A0408042D0120136F0408B4
:10056000026A0408ABAAAAAA6D4A01212046E9F74B
:10057000ABFED4F800808146FFF722FAA5EB08070E
:10058000074406460AA93846ECF72CFB0022002354
:10059000C7E90623C7E90823032387F82830324632
:1005A00029464046FFF71EFC294600F13002284646
:1005B000FFF718FCA1685B4BA1EB08010911054688
:1005C00059434046FFF7F6F93023C4E9006503FBC1
:1005D0000966A660B8E7096A01297FF41FAED4E96D
:1005E00001639E420FD0D5E94A0106F1080333604A
:1005F00000237360337200220023C6E90823C6E992
:10060000060106233CE7464A2046E9F75DFED4F89A
:1006100000808146FFF7D4F9A6EB080A00EB0A0335
:100620000746D5E94A0103F1080247F80A200022EB
:10063000C3E90601002000215A601A72C3E90801CB
:10064000062241E70B6A012B7FF4E8AD4FF0000A68
:10065000D04618E0D4E9016296421DD053F8293003
:1006600086F80880DA17C6E90632062386F82830AD
:10067000636806F108013033C6E90018C6E9089836
:1006800063600AF1010AD5E946325FFA8AF9D21AA3
:10069000B9EBA20FDED3C1E5214A03930121204625
:1006A000E9F712FED4F800B00190A6EB0B0102911D
:1006B000FFF786F9039B029953F829304218074641
:1006C00002F1080CD81747F801C0C2E9063006232A
:1006D00082F828303146C2E90898C2F8048082F8CE
:1006E000088058463A46FFF77DFB314600F130025C
:1006F0003046FFF777FBA1680A4BA1EB0B0109110C
:10070000064659435846FFF755F9019A3023C4E984
:10071000007603FB0277A760B3E700207FE500BF08
:10072000026A0408ABAAAAAAA0F10800FFF75ABD02
:100730002DE9F0470022002300F19C08D0E94A652A
:100740000446C0E94A2300F5947186B04046F7F7A5
:1007500093FDD4E94AC7AF4208BFB44523D0664EE3
:100760000FCE01AD0FC533682B60D4F8343103933D
:100770000823049301AD0023C3F12000A3F120015D
:100780002CFA03F207FA00F0024327FA01F10833CA
:100790000A43402B05F8012BEED1D4F83001036851
:1007A00001A99B6998474046F8F736F8D0E900312F
:1007B000C91AD4E946239B1A8B42054607D0002369
:1007C00001AA891004F58C700193FFF789FB4A4F49
:1007D0000FCF01AE0FC63B6833604FF0080900260B
:1007E000D5E9008AAAEB0807B6EBA70F4FEAA700E6
:1007F00027D304F58C739D4220D0D4F81831D4F857
:100800002021D21ABA4251D2FFF7F2F851460246DD
:1008100005464046E9F7F6FED4F8180120B1D4F8B1
:100820002011091A14F06CFCC4F818513D44C4F8A6
:100830002051D4F818313B44C4F81C3106B0BDE84F
:10084000F087D4F8383103EB9603CDE90339002261
:1008500001AF9446D5E90001B318DBB2091AB3EB36
:10086000A10F12D21BB2013250F82310D4F8180194
:1008700050F8233039708B4218BF4FF0010C091229
:10088000042A797007F10207E4D1BCF1000F0AD005
:10089000D4F83001036801A99B699847142200210C
:1008A00001A80AF0A3FE0436F6B299E7D4F81C2199
:1008B000D21A974205D81A4651464046E9F7A2FE99
:1008C000B7E7042A0FDD414618460AF0EFFDD4E9E8
:1008D00046302E686A68C31AF118521A042A07DDD6
:1008E0000AF0E4FDA5E704BFD8F800201A60EEE79F
:1008F00004BFF35803609CE7645D0408D0F810213E
:10090000D0F8141101328A42C0F8102104D3002219
:10091000C0F81021FFF70CBF704708B5044601204E
:10092000E4F772FE2046FFF7E9FFF8E7A0F1D800F0
:10093000FFF7F3BF034A034692E8030083E803008E
:100940001846704754010010A1F11401FFF7F2BFDF
:100950000120704781607047144B03F14C0210B5C1
:10096000C26003F16002026103F17402036042613C
:10097000CC330F4A436300231370C26B12680446E2
:1009800013603430F6F7B0FE04F11400EFF73CFECC
:1009900004F11000FAF7AEFA04F10C00F4F704FACF
:1009A0002046F3F761FC204610BD00BFF4AD0408FB
:1009B000C82F0120A0F11400FFF7CEBFA0F1100056
:1009C000FFF7CABFA0F10C00FFF7C6BFA0F13400CB
:1009D000FFF7C2BF10B50446FFF7BEFF2046502107
:1009E00014F08EFB204610BDA0F13400FFF7F2BFDB
:1009F000A0F11400FFF7EEBFA0F11000FFF7EABF6F
:100A0000A0F10C00FFF7E6BF036810B59B6A04462F
:100A1000984781B24FF40470FBF784F994F84D10B5
:100A200009B1B4F84010BDE8104040F21120FBF7C6
:100A300079B9A0F13400FFF7E7BF37B504460025C8
:100A4000012201A94FF40470ADF80450FBF798F9A6
:100A500010B1BDF80430A36001220DF1060140F28F
:100A60001120ADF80650FBF78BF940B1BDF8063008
:100A7000A4F84030003B18BF012384F84D3003B088
:100A800030BDA0F13400FFF7D8BF0000042910B535
:100A900004461AD10D48DFF7E5FEB0B994F84D30A1
:100AA00063B194F84C304BB9FBF7CEFDE36B1B6898
:100AB00047F6FF725A62B4F940306364E36B1B6817
:100AC0005B6AA364012384F84C3010BD000002402F
:100AD000A0F10C00FFF7DABF08B5034678B1084A69
:100AE000904206D9074A904201D914F030FE14F022
:100AF0002BFE30205843BDE8084014F01BBB08BD56
:100B0000AAAAAA025555550538B500F108030446AE
:100B10000360132014F00EFB1223A360094B206026
:100B2000024603F1100153F8045B42F8045B8B4268
:100B3000F9D11B881380122363600023837420463D
:100B400038BD00BF5A800408A1F11401DCE700BFE2
:100B5000F8B506460F46154602F108030446BC42A6
:100B600009D1174BA41B24095C4324F070443020A6
:100B700000FB0450F8BD224643F8083C52F8081B1D
:100B8000914217D1626818460132DBF7A9FC03468F
:100B9000D4E90601626843F8042CC3E90401D4E9EE
:100BA000080194F8282083F82020C3E90601303496
:100BB0003033D4E7A26843F8081C1A60E8E700BFA6
:100BC000ABAAAA0A37B500F1140420460325F0F7B2
:100BD00065F82046074B084900950022EFF7F6FF1D
:100BE000064B0749009501222046EFF7EFFF03B0BF
:100BF00030BD00BF6D800408396E04087C80040895
:100C0000F5700408C36B1B68586AA0F5FF407F3875
:100C1000704708B50246FFF7F5FF536C184408BD4E
:100C200008B50246FFF7EEFF0B1A536492F84D30F9
:100C30007BB192F84C3063B1936CA3F5FF437F3BDB
:100C40001B1A591A9368B1FBF3F003FB1011A2F8B9
:100C5000401008BD70B50446F3F75CFB04F10C00CE
:100C6000F4F728F904F11000FAF7CAF91D49002336
:100C7000612204F11400EFF779FF04F13400F6F774
:100C80009BFD194B236003F14C02E26003F160020B
:100C9000226103F17402CC3300256363134B62615C
:100CA00001262046C4E91155A4F84050A4F84C5040
:100CB0001E70FFF7C2FE0E48E063E2F70BF8E36B2D
:100CC00094F84D101B6847F6FF725A6265641E6007
:100CD00011B92046FFF7A4FF2046FFF773FF204617
:100CE00070BD00BF8D800408F4AD0408C82F01203A
:100CF000FC060120C36B1A68436C516A10B5D46AB4
:100D0000D26AB1EB540F8BBF03F1FF3301339B1A4F
:100D10009B18436410BDC36B8B4201D1FFF7EABF40
:100D20007047A0F11000FFF7F6BF00000B682DE937
:100D3000F0470746144623B1012B64D00020BDE8DC
:100D4000F0870B6A022B01D0202B05D109693846A8
:100D5000FFF700FE0120F2E7012B01D0102BF9D1A3
:100D60003B6838469B6A9847D4E901539D428046C8
:100D700012D005F108032B6000236B602B72A86171
:100D8000EB6100220023C5E90823022385F82830FF
:100D9000636830336360DDE7464A01212046E9F7A6
:100DA00093FA27688146FFF797FEA5EB070A00EB49
:100DB0000A0303F1080240F80A200022C3E9068270
:100DC0005A601A720646002100200222C3E9080177
:100DD00083F82820294632463846FFF7B9FE2946CF
:100DE00000F130022846FFF7B3FE054627B1A1689F
:100DF0003846C91B14F084F93023C4E9006503FBAD
:100E00000966A660A6E70B6A022B01D0202B08D149
:100E1000D1E90432134314BF0123002387F84D3076
:100E200098E7012B01D0102B42D1D4E901539D4208
:100E300009D097F84D20AA61002305F10801C5E902
:100E400000132B729CE71B4A01212046E9F73CFA6C
:100E5000D4F800808146FFF73FFEA5EB080A00EBBF
:100E60000A0397F84D100646002203F1080046F8E1
:100E70000A00C3E906125A601A72002000210222F9
:100E8000C3E9080183F82820294632464046FFF787
:100E90005FFE294600F130022846FFF759FE05465D
:100EA000B8F1000FA8D0A1684046A1EB0801A1E766
:100EB000022044E7026A0408A0F11400FFF736BFDD
:100EC000024B187880F00100704700BFC82F012046
:100ED00008B50648F6F7AAFDD0E900329A421BBFD2
:100EE000034B1878002080F0010008BD302F01204E
:100EF0008B3001201AB1012A04D000207047024B28
:100F00000360FAE70160F8E7B8AF04081AB1012AF4
:100F100004D000207047024B0360FAE70160F8E755
:100F200064AF04081AB1012A04D000207047024BB4
:100F30000360FAE70160F8E710AF040810B54FF45A
:100F4000827014F0F7F8044605F000F9204610BD51
:100F500010B5502014F0EEF80446FFF77BFE204653
:100F600010BD10B50C2014F0E5F80446F3F7D2F9E3
:100F7000204610BD2DE9F843894602F1180400F11E
:100F800018050026A5F118039945A4F1180802D107
:100F90004046BDE8F88355F8183C44F8183CA4F1E5
:100FA000100735F8143C24F8143C44E9046644F86E
:100FB000086C3846EBF747F955F8083C44F8046CE0
:100FC00063B10222A5F110013846984755F8043C58
:100FD00044F8043C55F8083C44F8083CC8E9066667
:100FE000C8F820602046EBF72EF9AB68E6603BB10D
:100FF0000222294620469847EB68E360AB68A3606D
:1010000028342835BEE7000070B59EB000242C4B74
:10101000009302A8CDE90244ADF804400494EBF734
:1010200012F9284B2849059306A8284B0493EBF79F
:101030000FF9274B0A930CA80223CDE90C44ADF815
:101040002C300E94EBF7FFF8224B23490F9310A896
:10105000224B0E93EBF7FCF8214B149316A80423B4
:10106000CDE91644ADF854301894EBF7ECF81D4B6D
:101070001D4D1E4919931AA81D4B1893EBF7E8F85C
:101080007820C5E90044AC6014F054F86E4600F1D5
:101090007803024628601EA93046AB60FFF76AFF5E
:1010A0001EAC6860283C04F11800EAF73AF904F134
:1010B0000800EAF736F9B442F4D11EB070BD00BFA3
:1010C000A4000010630F0308BFAC0108250F03083C
:1010D00054010010510F0308C10E03080D0F03083F
:1010E000A40100103D0F0308CC2F0120D10E0308EE
:1010F000F50E030870B50C4DD5E90046A64207D1A0
:10110000286878B1A968BDE87040091A13F0F8BFE3
:1011100004F11800EAF705F904F10800EAF701F90B
:101120002834EBE770BD00BFCC2F0120034A0346F3
:1011300092E8030083E80300184670475C01001042
:10114000A1F10801FFF7F2BF70477047C3680C3088
:101150005B681847C3680C301B681847074B10B50D
:101160009942044604F10C04084605D0044914F0E1
:10117000B3F8002808BF0024204610BD3C910408A5
:10118000C88B0408074B10B59942044604F10C04BF
:10119000084605D0044914F09FF8002808BF002431
:1011A000204610BD3C910408C88B040810B540F6D9
:1011B000CC61044613F0A4FF204610BD10B55C219D
:1011C000044613F09DFF204610BD5C2113F098BF2C
:1011D00040F6CC6113F094BF38B500F10803044623
:1011E0000360232013F0A6FF2223A360094B206095
:1011F000024603F1200153F8045B42F8045B8B4282
:10120000F9D11B88138022236360002380F82230E9
:10121000204638BDA0800408A1F10801DCE700BF2A
:1012200037B50446482013F085FF042300930C4A89
:101230000C4B0D490546FAF7B9F8D4F89000C4F8FC
:10124000905010B103685B6898470848FAF708FBAC
:10125000D4F8900003681B6903B0BDE8304018471C
:1012600008CD0408E401001029CE04086C680408C5
:10127000174B03F14C0210B5826003F1A402C0F8D1
:10128000942003F1BC02C0F8CC2003F1D402C0F8D2
:10129000D42003F1E8020360C0F8D82003F580727F
:1012A00003F58A730446C0F8DC20C0F8E03000F58E
:1012B000D070EAF76BFF04F5CC70EAF767FF04F52E
:1012C000C870EAF763FF204600F01CFD204610BD01
:1012D00098B00408A0F1DC00FFF7CABFA0F1D80065
:1012E000FFF7C6BFA0F1D400FFF7C2BFA0F1CC004A
:1012F000FFF7BEBFA0F19400FFF7BABFA0F108004E
:10130000FFF7B6BFA0F1E000FFF7B2BF10B504468B
:10131000FFF7AEFF20464FF4D27113F0F1FE2046E6
:1013200010BDA0F1E000FFF7F1BFA0F1DC00FFF776
:10133000EDBFA0F1D800FFF7E9BFA0F1D400FFF79F
:10134000E5BFA0F1CC00FFF7E1BFA0F19400FFF7EB
:10135000DDBFA0F10800FFF7D9BF0B68036013B130
:101360005A6801325A60704700232DE9F34105465F
:1013700003605C2090460C4613F0DCFE0123074618
:10138000C0E9013321460C4B47F80C3B064651F8A7
:10139000043B009301A8FFF7E0FF98F8002069469E
:1013A0003846F7F789FB01A8EAF7F0FE2846C5E9B9
:1013B000007602B0BDE8F081F8B10408F0B5022172
:1013C00087B00022044600F019FB3C4B236003F178
:1013D0004C02A26003F1A402C4F8942003F1BC0201
:1013E000C4F8CC2003F1D402C4F8D42003F1E802FD
:1013F000C4F8D820002603F5807203F58A73C4F878
:10140000DC20C4F8E030C4F88C6140F6CC6013F006
:1014100091FE01230746C0E90133294B47F80C3BF5
:1014200005463846F1F786FDC4E9637504F5C675CF
:101430006A46294604A80096FFF796FF049B03B16D
:101440002033C4F89431059BC4F8983105A805965B
:101450000496EAF79BFE012301AA294604A80193FA
:10146000FFF782FF049B03B12033059AC4F8A02143
:10147000C4F89C3105A8002305930493EAF786FE7F
:10148000D4F89431029304F5CC7103A8FFF765FFFB
:10149000D4F88C31049304F5C87105A8FFF75DFFFB
:1014A00004AA02A9204600F0B3FC05A8EAF76EFEE4
:1014B00003A8EAF76BFE204607B0F0BD98B0040819
:1014C000DCB10408072924D8DFE801F004080C1077
:1014D00014181C20836BA3F809207047836BA3F8B2
:1014E0000B207047836BA3F80D207047836BA3F824
:1014F0000F207047836BA3F811207047836BA3F80C
:1015000013207047836BA3F815207047836BA3F8F3
:1015100017207047806B704719207047836BD3F892
:101520000100D3F805107047816BC1F80120C1F8A4
:1015300005307047826B031D9A4208BF00F11D03FE
:1015400083637047072924D8DFE801F004080C10F2
:1015500014181C20036CC3F809207047036CC3F8EF
:101560000D207047036CA3F811207047036CA3F89B
:1015700013207047036CA3F815207047036CA3F881
:1015800017207047036CA3F819207047036CA3F869
:101590001B207047006C70471D207047036CD3F808
:1015A0000100D3F805107047016CC1F80120C1F8A3
:1015B00005307047026C031D9A4208BF00F12103F9
:1015C0000364704700F1210108B51D22043009F0C1
:1015D0003FFF003818BF012008BD00F11D0108B50C
:1015E0001922043009F034FF003818BF012008BD6B
:1015F00010B50446B0F8041140F20110FAF792FB5E
:10160000B4F806114FF48170FAF78CFB94F8551179
:1016100040F20310BDE8104001F00701FAF782BB69
:10162000A0F1CC00FFF7E4BF90F82E3110B50446CE
:1016300093B9012380F82E31D0F81C0103685B6850
:101640009847D4F81C010368DB689847D4F85C011C
:10165000BDE81040E9F7CBB910BD000008B503683C
:10166000002B02DA0C4814F078F88B420AD9B3EB5D
:10167000410F4FEA410205D2002AB6BF6FF0004386
:10168000026003600068013001D514F05DF8BDE828
:10169000084013F04FBD00BF1C6A040838B505466A
:1016A000006888420C4607D011B14B6801334B608B
:1016B00008B1E9F711FE2C6038BDD0F81C010368B1
:1016C0005B691847D0F81C0103689B6918472DE92E
:1016D000F74304460020E5F7FFFD00285DD094F8AD
:1016E0007C315A1C84F87C2194F85421B3EB420FCE
:1016F0004DDB04F1E0080022002369464046CDE9B5
:101700000023F6F7B9FDD4F8780103681969DDE91B
:1017100000238847D4F85C01E9F7F6F8D0E90069BE
:101720000027B145FDB23BD14046F7F775F8D0E947
:101730000068B04594F87D3140D194F87D31D4F8FB
:101740007801AB4202684DD894F87C1194F854515A
:101750006423B3FBF5F399424BDDD4F878010368B9
:101760005B6898470546D4F8780103689B689847FA
:10177000002183B22A460846E5F7C8FDD4F878016F
:1017800003689B699847002384F87C3105E0D4F80E
:101790008001F4F764F90028ABD003B0BDE8F08312
:1017A00094F8583156F8042B03B91214D4F8780180
:1017B000036829461B6898470137B2E79D4256F8EF
:1017C000042BBAD2012D03D894F8583103B1120476
:1017D000D4F8780103686F1C29461B68FFB298474C
:1017E0003D46A6E713682946002201359847EDB229
:1017F000A3E7536998470028AFD1CEE790F830317E
:1018000010B504462BB1012380F82F31002380F856
:10181000303194F82F3103F0FF024BBB94F8313193
:101820002BB1D4F85C0184F83121E9F7F6F8D4F84B
:101830005C01E9F749F894F8593194F854210133DF
:10184000DBB29A4284F8593105D8002384F8593123
:101850002046FFF73CFF94F82D312BB9D4F85C01FA
:10186000BDE81040E9F744B8BDE81040FAF700BF02
:1018700010BD000090F85521064B03EB42031A7A85
:101880004FF47A73B3FBF2F300EE103AB8EEC00AED
:10189000704700BF5CB4040838B52DED028B0446D8
:1018A0000D46E6F7D1FB08B1E6F7C8FB042D134B54
:1018B000294628BF042103EB410320461A7A5B7AAC
:1018C00084F8551184F8562184F85431FFF7D2FF7B
:1018D000D4F81C01B0EE408A10B103689B6A9847A7
:1018E000D4F85C0138B1B0EE480ABDEC028BBDE81B
:1018F0003840E9F79EB8BDEC028B38BD5CB40408F3
:1019000037B50446012200F5827140F20110FAF762
:1019100037FAD4F8E030B4F804119B6804F1E0051C
:1019200028469847012204F583714FF48170FAF735
:1019300027FAD4F8E030B4F806115B6928469847D6
:1019400000230DF10601012240F20310ADF806302C
:10195000FAF716FA014618B1BDF8061001F00301B6
:101960002046FFF799FF03B030BDA0F1CC00FFF790
:10197000C7BF000090F82D3110B504463BB10B48AD
:101980002021DEF76FFF10B1002384F82D312046AF
:1019900094F85511FFF780FF0023D4F85C0184F818
:1019A0002E31BDE81040E9F72DB800BF000C024011
:1019B00000F1080373B5044603600D4611B90E48E3
:1019C00013F0C8FE0846DAF75BFB0F2806460190C5
:1019D00006D9002101A8FFF741FE019B2060A3600A
:1019E000324629462068EBF7A9F8019B226863601C
:1019F0000021D15402B070BD936E04082DE9F0436C
:101A000089B004468846164601F078FA6D4902A866
:101A1000FFF7CEFF1E234FF4807202A904F1940059
:101A2000FAF710F904F1CC0702A8E9F794FB38465D
:101A3000F5F7C2FE04F1D400F3F73CFA04F1D80044
:101A4000F9F702FF04F1DC00F2F752FE5E4B01935E
:101A500002AA5E4B029301A904F1E000F6F752FCE2
:101A60005B4B236003F14C02A26003F1A402C4F8B3
:101A7000942003F1BC02C4F8CC2003F1D402C4F8D2
:101A8000D42003F1E802C4F8D82003F5807203F5EE
:101A90008A73C4F8E03040F201130025A4F82E3117
:101AA000012384F82C8184F83231C4E94755C4E914
:101AB00049554849C4F8DC2084F82D51A4F8305128
:101AC00002A8FFF775FFDDE902980223C4F834315C
:101AD00084F83831B8F10F0F04F5A273C4F83C3123
:101AE000CDF8048008D9294601A8FFF7B7FD019B6E
:101AF000C4F83C01C4F8443149464246D4F83C019C
:101B0000EBF71CF8019BD4F83C21C4F840310025C8
:101B1000D55402A8E9F71FFB4FF00113C4F8543164
:101B20004FF40063A4F87C31C4E95755C4E9595512
:101B3000C4E95B55C4E95D5584F8586184F859518E
:101B4000642013F0F7FA8046F3F7C2FFC4E960851A
:101B5000C4F888510EB3442013F0ECFA4422064630
:101B6000294609F043FD1C4B33600123337186F88D
:101B70002130331DD4F878013364C4F8786110B192
:101B8000042113F0BDFA3846F5F764FD204600F055
:101B900085FA204609B0BDE8F0833C2013F0CAFA6C
:101BA0003C220546314609F021FD0C4B2B600123F8
:101BB0002B716B772B1DD4F87801AB63C4F8785187
:101BC000DDE700BF34800408BC2F0120B02F0120C6
:101BD000D8B20408D98004081CB4040840B404082E
:101BE00081F0010380F82D31D0F85C01E8F7F2BEF6
:101BF000042938B5044607D11648DEF733FE10B184
:101C0000012384F8313138BD2029FCD11248DEF798
:101C100029FE0546DDF780F9D4F88831C01AB0F501
:101C20007A7FF0D994F82D21B5FA85F35B099342B8
:101C3000E9D0DDF771F9C4F888012DB929462046AD
:101C4000BDE83840FFF7CCBF94F83231002BDAD032
:101C50000121F4E700040240000C0240A0F1D4008E
:101C6000FFF7C6BF0B79022B70B506460D4614462A
:101C700003D112B90121FFF7B3FF2B68022B03D167
:101C800021463046FFF7ACFF1CB9BDE87040FAF7BB
:101C9000E5BC70BDA0F1DC00FFF7E4BF38B5202142
:101CA00004461048DEF7DEFD014630B92046FFF756
:101CB00097FFDDF731F9C4F88801002594F8573112
:101CC0005A1C84F8572194F856219A4205D884F872
:101CD00057512046FFF792FDF0E70120E3F794FC0F
:101CE000ECE700BF000C0240A0F19400FFF7D6BF64
:101CF00010B50446006810B103685B689847204639
:101D000010BD0000F8B5414B036003F14C02826046
:101D100003F1A402C0F8942003F1BC02C0F8CC2067
:101D200003F1D402C0F8D420054603F1E802C0F85C
:101D3000D82003F5807203F58A73C0F8DC2045F8DB
:101D4000E03F04462846F6F71CFBD4F8800110B1AA
:101D500003685B689847D4F8780110B1042113F048
:101D6000CFF9D4E95B67B7423FD1D4F86C0120B119
:101D7000D4F87411091A13F0C3F9D4E95867B742BB
:101D80003BD1D4F8600120B1D4F86811091A13F0DE
:101D9000B7F904F5AE70FFF7ABFF04F59E70E9F7F5
:101DA000DAF904F59470EAF7F1F904F59070EAF7BE
:101DB000EDF92846F6F7FEFA04F1DC00F2F7B8FB7D
:101DC00004F1D800F9F734FD04F1D400F2F7ECFF88
:101DD00004F1CC00F5F788FC04F19400F9F716FF44
:101DE000204601F0F5F82046F8BD56F8040B00280F
:101DF000B9D003685B689847B5E756F8040B00282C
:101E0000BDD003685B689847B9E700BFD8B2040843
:101E1000F7B50B68C0F81C3115460446496800F553
:101E20009070FFF73BFC2B68C4F82431696804F517
:101E30009470FFF733FC2C2013F07CF92B6800938F
:101E40006B68019304F22D17064613B15A680132EC
:101E50005A606A4639463046E8F714FD01A8EAF7A9
:101E600095F9D4F85C01C4F85C610023009310B1CB
:101E700003685B6898476846FFF73AFF94F92C11AE
:101E8000D4F85C01E8F798FE04F1940003B0BDE8D3
:101E9000F040F9F787BE00002DE9F0473D49B2B0A8
:101EA0000546FFF785FDE6F7CFF808B1E6F7C6F877
:101EB000394E3A4FDFF8EC80DFF8EC903024337A7B
:101EC00096F809A002A84FF47A71B1FBF3F1B1FBC7
:101ED000FAFAF2F757FA002204231146009302A8F7
:101EE0003B46F1F7A3FD014608A8ECF7A1FB4146EC
:101EF00008A8EEF7F1F801460EA8ECF799FB514659
:101F000014A8F2F73FFA14AA0EA91AA8F1F7A6FE30
:101F100049461AA8EEF7E0F8014620A8ECF788FB3E
:101F200028AB2D22012126A82693EEF7FCFF269B45
:101F300026AA1C7020A92CA8F1F790FEDDE92C122E
:101F40002846EDF7CFFA2CA8E9F705F926A8E9F716
:101F500002F920A8E9F7FFF81AA8E9F7FCF814A895
:101F6000E9F7F9F80EA8E9F7F6F8013408A8E9F757
:101F7000F2F8E4B202A8E9F7EEF8342C05D00849EB
:101F800028460236EEF7A8F899E7284632B0BDE8B1
:101F9000F08700BFAC7004085CB40408F980040842
:101FA00031750408FE8004083C80040818B1302311
:101FB000594313F0A5B8704708B5034678B1084AED
:101FC000904206D9074A904201D913F0C0FB13F0A2
:101FD000BBFB30205843BDE8084013F0ABB808BD48
:101FE000AAAAAA025555550508B50368002B02DABE
:101FF0000C4813F0B2FB8B420AD9B3EB410F4FEA06
:10200000410205D2002AB6BF6FF0004302600360B0
:102010000068013001D513F097FBBDE8084013F0CC
:1020200089B800BF1C6A04082DE9F04104460E4639
:1020300002F108050027B442A5F1080001D1BDE86E
:10204000F08145F8085C2046E9F77FF804F10808BC
:10205000F0B16268013203D041462846DAF740FA0F
:10206000636845F8043CD4E90623C4E90087277275
:10207000C5E90423D4E90823C5E9062394F82830E8
:1020800085F820302046E9F766F830343035D2E75D
:10209000236845F8083CA3682B60E1E72DE9F3418C
:1020A00000F108040126032520462A4B2A49009600
:1020B0000022EEF78BFD02272046284B2849009589
:1020C0000222EEF783FD40F201182046254B2649F7
:1020D00000970422EEF77AFD2A462046234B244936
:1020E000CDF80080EEF772FD2046224B2249009584
:1020F0000522EEF76BFD2046204B2149CDF80080EC
:102100000622EEF763FD20461E4B1F49009707226B
:10211000EEF75CFD20461D4B1D4900960822EEF7A8
:1021200055FD20461B4B1C4900960B22EEF74EFD39
:102130000B2300932046194B19490922EEF746FD5F
:10214000184B194900950A222046EEF73FFD02B0D0
:10215000BDE8F0810681040811810408297F040884
:10216000407F0408497F04085E7F0408657F0408F7
:10217000827F0408887F04089F7F0408A87F0408E2
:10218000C57F0408CB7F0408E07F04081B81040896
:102190003D81040845810408648104086B810408BA
:1021A0008A81040895810408A48104082DE9F04778
:1021B000D0E901439C420546894614D00A88002391
:1021C00004F10801C4E906232372C4E900130022C4
:1021D0000023C4E90823022384F8283043683033FD
:1021E0004360BDE8F0871D4A0121E8F76DF82F68CC
:1021F0008046FFF7E1FEA4EB070A00EB0A03064660
:10220000B9F8001003F10800002246F80A00C3E9FB
:1022100006125A601A72002000210222C3E9080146
:1022200083F82820214632463846FFF7FDFE214636
:1022300000F130022046FFF7F7FEA968084BC91BE2
:102240000911044659433846FFF7B0FE3023C5E96B
:10225000006403FB0866AE60C3E700BF026A0408BF
:10226000ABAAAAAA2DE9F047D0E901439C42054652
:10227000894614D00A68002304F10801C4E9062342
:102280002372C4E9001300220023C4E908230223B7
:1022900084F82830436830334360BDE8F0871D4A36
:1022A0000121E8F711F82F688046FFF785FEA4EBBF
:1022B000070A00EB0A030646D9F8001003F10800EC
:1022C000002246F80A00C3E906125A601A7200207A
:1022D00000210222C3E9080183F828202146324662
:1022E0003846FFF7A1FE214600F130022046FFF7F5
:1022F0009BFEA968084BC91B09110446594338467F
:10230000FFF754FE3023C5E9006403FB0866AE60A6
:10231000C3E700BF026A0408ABAAAAAA2DE9F743E3
:10232000476804460E46154607EB0208E8F70DFF1E
:1023300090B9A168884511D82DB120682A46314648
:102340003844EAF7FBFB2368C4F80480002203F852
:10235000082003B0BDE8F0830F21EBE701A8CDF81A
:102360000480FFF741FE81469FB121683A46EAF7B3
:10237000E5FB36B12DB12A46314609EB0700EAF7F5
:10238000DDFB2046E8F7E7FE019BC4F80090A36060
:10239000D9E7002EF5D0EEE738B5044608460D46DD
:1023A000D9F76EFE6368C3F1FF4303F5FF0303F53E
:1023B000FF437F339842024602D9044813F0CDF917
:1023C00029462046BDE83840FFF7A8BFFE6E040846
:1023D0002DE9F04F14460A68A5B005460B460B2AB6
:1023E00000F2A382DFE812F06F00A102D000E30048
:1023F00062016A01860103020B0221020C0017022E
:10240000196A012951D1D4E901639E4211D006F124
:10241000080390F82D2133600023C6E9062373607A
:10242000337200220023C6E90823022386F82830ED
:1024300068E0A94A2046E7F747FFD4F800808146C4
:10244000FFF7BAFDA6EB080A00EB0A0303F1080246
:1024500095F82D1140F80A2007460022C3E906121C
:102460005A601A72002000210222C3E9080183F891
:10247000282031463A464046FFF7D6FD314600F166
:1024800030023046FFF7D0FDA168944BA1EB080164
:102490000911054659434046FFF788FD3023C4E93A
:1024A000007503FB0977A76009E0022907D1D3E98A
:1024B00004231A430CBF01210021FFF791FB0120E7
:1024C00025B0BDE8F08F1B6A012B40F03082FFF78A
:1024D000F9F895F82D31CBB947B26568A3689D42EC
:1024E0004FEAE77A15D005F108032B6000236B60F3
:1024F0002B7200220023C5E9067AC5E908230223CE
:1025000085F82830636830336360D8E74FF0FF37D1
:10251000E3E7714A01212046E7F7D6FED4F80080B0
:102520008146FFF749FDA5EB080B00EB0B0303F118
:10253000080240F80B20002206465A601A7200205A
:1025400000210222C3E9080183F82820C3E9067AA2
:10255000324629464046FFF767FD294600F1300222
:102560002846FFF761FDA1685C4BA1EB080109114A
:10257000054659434046FFF719FD3023C4E900657D
:1025800003FB0966A6609AE71A6A012A05D100F5DD
:1025900082712046FFF70AFE91E7022A8FD1D0F818
:1025A000E0209268198A05F1E000904787E7D0F8AB
:1025B0001431D3E900564FF0000818354FF00009E8
:1025C000A5F118039E423FF47AAF55F8183C9B7969
:1025D000022B04D0012B06D1414B1B781BB935F8D7
:1025E000143CFF2B5AD10EAB0C9300238DF83830DE
:1025F00035F8141C0D93684601238DF85830CDE949
:102600001289CDE91489E8F7EDFD0D9BC3F1FF4375
:10261000DDE9001203F5FF0303F5FF437F339A4220
:1026200002D9304813F099F80CA8FFF777FE6846F6
:10263000E8F791FD0CA82C49FFF7AEFE2846E9F714
:102640001BFE68BB35F8142C2849294BFF2A18BFFC
:1026500019460CA8FFF7A0FE23490CA8FFF79CFE23
:1026600055F8183C0CA81968FFF796FE2846E9F7BC
:1026700003FEB8B135F8142C05238DF8583000232B
:10268000CDE9142355F8182C9288CDE91223204661
:102690000CA9EAF7D1FC0CA8E8F75DFD28358FE717
:1026A0001249D6E703238DF85830F0E71A6A022A58
:1026B0007FF405AFD0F8E020D26873E71A6A012AE8
:1026C00002D100F5837164E7022A7FF4F8AED0F8F6
:1026D000E020526966E700BF026A0408ABAAAAAA12
:1026E000042D0120FE6E0408C27404082F8A040819
:1026F000136F0408D0F81831D3E900564FF00008E2
:1027000018354FF00009A5F118039E423FF4D7AEEB
:1027100055F8183C9B79022B04D0012B06D1854B30
:102720001B781BB935F8143CFF2B58D11AAB189302
:1027300000238DF8683035F8141C199306A801237E
:102740008DF88830CDE91E89CDE92089E8F74AFD6A
:10275000199BC3F1FF43DDE9061203F5FF0303F5FF
:10276000FF437F339A423FF65CAF18A8FFF7D6FDD0
:1027700006A8E8F7F0FC18A86F49FFF70DFE2846F9
:10278000E9F77AFD68BB35F8142C6C496C4BFF2ACD
:1027900018BF194618A8FFF7FFFD674918A8FFF7EB
:1027A000FBFD55F8183C18A81968FFF7F5FD2846F9
:1027B000E9F762FDB8B135F8142C05238DF888309F
:1027C0000023CDE9202355F8182C9288CDE91E234B
:1027D000204618A9EAF730FC18A8E8F7BCFC283511
:1027E00091E75649D6E703238DF88830F0E71A6A57
:1027F000022A7FF464AED0F8E0209269D2E61B6A28
:10280000012B40F09480FEF758FF189018A920463D
:10281000FFF728FD53E61B6A012B40F08880D0F8B3
:102820001C0103681B699847EFE7196A012920D149
:10283000D4E901639E4206D006F1080190F85521C3
:1028400031600023E9E53F4A2046E7F73DFDD4F833
:1028500000808146FFF7B0FBA6EB080A074600EBB5
:102860000A0303F1080095F8551147F80A00002201
:10287000F4E5022903D1197CFFF70EF81FE60829B9
:102880007FF41DAE014618A8FFF706FBD4E90153FB
:102890009D4213D018A92846EAF7A4F90023002284
:1028A000C5E90623C5E90823032385F828306368B2
:1028B0003033636018A8E8F74EFC00E6214A012196
:1028C0002046E7F701FDD4F800808146FFF774FB4E
:1028D000A5EB08070744064618A93846EAF782F927
:1028E00000220023C7E90623C7E90823032387F84A
:1028F0002830324629464046FFF796FB294600F12C
:1029000030022846FFF790FBA1680F4BA1EB0801AE
:102910000911054659434046FFF748FB3023C4E9F7
:10292000006503FB0966A660C4E70020C8E5022035
:10293000C6E500BF042D0120C27404082F8A0408D4
:10294000136F0408026A0408ABAAAAAAA0F108003F
:10295000FFF73EBD034A034692E8030083E8030005
:102960001846704764010010A1F10801FFF7F2BF9B
:102970007047C3680C301B6818470000074B10B540
:102980009942044604F10C04084605D0044912F0AB
:10299000A3FC002808BF0024204610BD3C91040879
:1029A000C88B040810B55021044612F0A9FB20463C
:1029B00010BD502112F0A4BB37B50446482012F0D8
:1029C000B9FB042300930C4A0C4B0D490546F8F75C
:1029D000EDFCD4F89000C4F8905010B103685B6827
:1029E00098470848F8F73CFFD4F8900003681B6943
:1029F00003B0BDE83040184773CD0408E40100106F
:102A000029CE0408AC630408154B03F14C0210B541
:102A1000826003F1A402C0F8942003F1BC02C0F864
:102A2000CC2003F1D402C0F8D42003F1E802036003
:102A3000C0F8D82003F5807203F58A730446C0F805
:102A4000DC20C0F8E03000F5CC70E9F79FFB04F51E
:102A5000C870E9F79BFB2046FFF754F9204610BDEC
:102A6000E4B40408A0F1DC00FFF7CEBFA0F1D80069
:102A7000FFF7CABFA0F1D400FFF7C6BFA0F1CC009A
:102A8000FFF7C2BFA0F19400FFF7BEBFA0F108009E
:102A9000FFF7BABFA0F1E000FFF7B6BF10B50446DC
:102AA000FFF7B2FF20464FF4CE7112F029FB20460B
:102AB00010BDA0F1E000FFF7F1BFA0F1DC00FFF7CF
:102AC000EDBFA0F1D800FFF7E9BFA0F1D400FFF7F8
:102AD000E5BFA0F1CC00FFF7E1BFA0F19400FFF744
:102AE000DDBFA0F10800FFF7D9BF00002DE9FF41CD
:102AF000022100220446FEF781FF3C4B236003F1D4
:102B00004C02A26003F1A402C4F8942003F1BC02B9
:102B1000C4F8CC2003F1D402C4F8D42003F1E802B5
:102B20004FF00008C4F8D82003F5807203F58A73CB
:102B3000C4F8DC20C4F8E030C4F88C8140F6CC60E6
:102B400012F0F8FA07462A4B0126C0E9016647F859
:102B50000C3B05463846F0F7EDF9C4E963755020A3
:102B600012F0E8FAC0E901660646224B46F80C3B33
:102B700004F5C877D4F88C3102930546394603A88A
:102B8000FEF7EBFB022202A93046F3F7E9FA03A8AD
:102B9000E9F7FCFA05F11003C4F89431C4F8985130
:102BA00003A8CDF80C80CDF80880E9F7EFFAD4F847
:102BB0009431009304F5CC7101A8FEF7CEFBD4F854
:102BC0008C310293394603A8FEF7C7FB02AA694677
:102BD0002046FFF71DF903A8E9F7D8FA01A8E9F79D
:102BE000D5FA204604B0BDE8F08100BFE4B4040883
:102BF000DCB1040828B60408034A034692E803003F
:102C000083E80300184670476C010010A1F1080129
:102C1000FFF7F2BF37B50446482012F08BFA0423C1
:102C20000093104A104B11490546F8F7BFFBD4F842
:102C30009000C4F8905010B103685B6898470C4846
:102C4000F8F70EFED4F8940100B104380421F3F72C
:102C5000C5FAD4F8900003681B6903B0BDE83040A2
:102C6000184700BF73CD0408E401001029CE040802
:102C7000AC630408154B03F14C0210B5826003F1FC
:102C8000A402C0F8942003F1BC02C0F8CC2003F1E8
:102C9000D402C0F8D42003F1E8020360C0F8D820C1
:102CA00003F5807203F58A730446C0F8DC20C0F88F
:102CB000E03000F5CC70E9F769FA04F5C870E9F77F
:102CC00065FA2046FFF71EF8204610BD5CB60408E2
:102CD000A0F1DC00FFF7CEBFA0F1D800FFF7CABF1C
:102CE000A0F1D400FFF7C6BFA0F1CC00FFF7C2BF30
:102CF000A0F19400FFF7BEBFA0F10800FFF7BABF34
:102D0000A0F1E000FFF7B6BF10B50446FFF7B2FF31
:102D100020464FF4CE7112F0F3F9204610BDA0F119
:102D2000E000FFF7F1BFA0F1DC00FFF7EDBFA0F17D
:102D3000D800FFF7E9BFA0F1D400FFF7E5BFA0F18D
:102D4000CC00FFF7E1BFA0F19400FFF7DDBFA0F1D9
:102D50000800FFF7D9BF00002DE9F043012185B03D
:102D600000220446FEF74AFE3B4B236003F14C026F
:102D7000A26003F1A402C4F8942003F1BC02C4F8D9
:102D8000CC2003F1D402C4F8D42003F1E8024FF0C0
:102D90000008C4F8D82003F5807203F58A73C4F8DC
:102DA000DC20C4F8E030C4F88C8140F6CC6012F02E
:102DB000C1F90746294B0126C0E9016647F80C3BDB
:102DC00005463846F0F7B6F8C4E96375502012F0AE
:102DD000B1F90746224BC0E9016604F5C87947F806
:102DE0000C3B0546D4F88C310293494603A8FEF704
:102DF000B4FA324602A93846F3F7B2F903A8E9F764
:102E0000C5F905F11003C4F89431C4F8985103A82A
:102E1000CDF80C80CDF80880E9F7B8F9D4F89431F2
:102E2000009304F5CC7101A8FEF797FAD4F88C3121
:102E30000293494603A8FEF790FA02AA6946204683
:102E4000FEF7E6FF03A8E9F7A1F901A8E9F79EF963
:102E5000204605B0BDE8F0835CB60408DCB1040888
:102E600028B60408034A034692E8030083E80300F7
:102E70001846704774010010A1F10801FFF7F2BF76
:102E8000002070477047C06AEEF72EB873B504464D
:102E9000C06A0A4E0D46EEF734F840280246314625
:102EA00028BF40222846E3F7C7FF236801909B69AB
:102EB00001AA31462046984702B070BDD82F0120A4
:102EC00000F1080370B5044603605C2012F032F98B
:102ED0005B26054605492060A6603246D9F700FB0F
:102EE000002385F85B306660204670BDD3810408FE
:102EF000A1F10801FFF7E4BF0020704770B5054657
:102F0000164B45F8083B0446012215490023284684
:102F1000EDF72CFE134B23603833A3606C2012F0C6
:102F200009F921460646F2F753F8A662A42012F0EA
:102F300001F90646EEF73AFCE66204F13000F1F7DB
:102F4000E5FB04F17000F6F7EFFD00232846C4F816
:102F50009030EDF7A3FE204670BD00BFFC8A040848
:102F60001F790408D0B7040810B50446006810B1F2
:102F700003685B689847204610BD000030B50446E2
:102F800085B0482012F0D6F8042300930D4A0E4B6A
:102F90000E490546F8F70AFAD4F89000C4F89050A4
:102FA0000023039310B103685B68984703A8FFF7F9
:102FB000DBFFD4F8900003681B6905B0BDE8304022
:102FC000184700BFDECD0408E401001029CE040834
:102FD000104B10B503603833044683609030FFF720
:102FE000C3FF04F17000F6F721FC04F13000F1F7A3
:102FF000B7FAE06A10B103685B689847A06A10B13D
:1030000003685B68984704F10800EDF7FDFA204675
:1030100010BD00BFD0B70408A0F10800FFF7D8BF6B
:1030200010B50446FFF7D4FF2046942112F068F84B
:10303000204610BDA0F10800FFF7F2BF0520704741
:1030400005207047034A034692E8030083E8030023
:10305000184670477C010010A1F11C01FFF7F2BF78
:103060000B4B10B503F12C020360826003F14402A4
:103070009C330446C26140F83C3FE6F767FF04F129
:103080001C00EDF7C1FA2046E7F7D6FB204610BD3D
:1030900098B80408A0F11C00FFF7E2BFA0F10800F7
:1030A000FFF7DEBFA0F13C00FFF7DABF10B5044622
:1030B000FFF7D6FF20468C2112F022F8204610BDE3
:1030C000A0F13C00FFF7F2BFA0F11C00FFF7EEBF3C
:1030D000A0F10800FFF7EABF7FB5044601220DF119
:1030E00006014FF40C70F8F74BFEB8B1BDF80600BE
:1030F000000AE6F773FFC0F307238DF80C00C0F356
:1031000007408DF80D308DF80E00039904F13C0056
:10311000E6F75EFFBDF8063084F88A3094F8843014
:103120001B0707D5114E0025636C082B28BF082309
:103130009D4201D304B070BD3088012202A9F8F786
:103140001FFE80B1708801220DF10A01F8F718FE08
:1031500048B1A36DBDF9081043F8351003EBC50263
:10316000BDF90A30536001350436DDE73CB9040887
:10317000A0F10800FFF7B0BFF8B504463C30E6F711
:1031800025FFE6F739FF94F88A1041EA002189B259
:103190004FF40C70F8F7C6FD94F8405065B994F8F8
:1031A00084301B0708D50D4E636C082B28BF0823FD
:1031B0009D4206F1040600D3F8BDA36D36F8040C59
:1031C00033F83510F8F7AEFDA36D36F8020CEF00BA
:1031D0003B4401359988F8F7A5FDE5E73CB90408BB
:1031E000A0F10800FFF7C8BF08B5034678B1084A48
:1031F000904206D9074A904201D912F0A8FA12F07B
:10320000A3FA30205843BDE8084011F093BF08BD31
:10321000AAAAAA025555550538B500F10803044677
:103220000360142011F086FF1323A3600A4B206073
:10323000024603F1100153F8045B42F8045B8B4231
:10324000F9D119889B789370132311806360002350
:10325000C374204638BD00BF40820408A1F11C01A0
:10326000DAE700BFF8B506460F46154602F1080337
:103270000446BC4209D1174BA41B24095C4324F02B
:103280007044302000FB0450F8BD224643F8083C4F
:1032900052F8081B914217D1626818460132D9F7DB
:1032A0001FF90346D4E90601626843F8042CC3E918
:1032B0000401D4E9080194F8282083F82020C3E908
:1032C000060130343033D4E7A26843F8081C1A6092
:1032D000E8E700BFABAAAA0A2DE9FF41044604F1C2
:1032E0001C06E7F793FA01252649002341223046C0
:1032F000EDF73CFC0321CDE90255CDE900553346FD
:10330000224604F13C00E6F7E3FE1F4B236003F185
:103310002C02A26003F144029C330327E3634FF0C5
:1033200000084FF6FF73E261A4F8883084F88A3011
:1033300084F8857084F886801448E6F783FD85401C
:10334000C0F11000013D20EAE07084F88600A4F886
:1033500088502046FFF7C0FE3046EDF79FFC4246FE
:1033600030460B4B0B490097EDF730FC30460A4BCB
:103370000A4900970222EDF729FC204604B0BDE877
:10338000F08100BF5482040898B80408C40C0120DE
:1033900059820408CA82040866820408618204080B
:1033A0002DE9F84FD0E9008A93466FF06043AAEB0D
:1033B0000802B3EBA20F074689464FEAA20402D1E6
:1033C0001E4812F0CAF9C24514BF22460122A418B1
:1033D000A1EB08052ED27CB39C4228BF1C46A0005E
:1033E00011F0A8FE0646DBF800307351002D04DD15
:1033F0002A464146304608F059F8AAEB090A043536
:10340000BAF1000F354404DD524649462846D9F743
:1034100067F85544B8F1000F05D0B9684046A1EBF4
:10342000080111F06DFEC7E9006506EB8406BE6079
:10343000BDE8F88F1C46D2E72646D4E7026A0408A6
:103440002DE9F34100238DF80330D0E9043204461E
:10345000934218BF436100F110060DF103011C48AF
:10346000F9F77CF89DF8037094F885309F42804608
:1034700028BF1F460025EBB29F4208D804F13C004C
:103480003146E7F7D1F8304602B0BDE8F08158F890
:103490002520B4F88830134094F88620934094F89F
:1034A0008A20A3F5FF432A417F3BD207019301D431
:1034B0000135E0E7D4E90512914203D041F8043B1D
:1034C0006161F5E701AA3046FFF76AFFF0E700BF48
:1034D000C40C01202DE9F84F0E6880460B461446B7
:1034E00036B1022E66D0BDE8F84F3C30E6F7D4BFC7
:1034F0000A6A022A01D0202A05D11B6988F88A307D
:103500000120BDE8F88F012A02D0102A40F0A580E2
:10351000D4E901539D4214D098F88A20002305F184
:103520000801C5E90623C5E900132B720022002318
:10353000C5E90823022385F82830636830336360C7
:10354000DEE7484A01212046E6F7BEFE27688146AD
:10355000FFF74AFEA5EB070A00EB0A0398F88A106A
:103560000646002203F1080046F80A00C3E90612E5
:103570005A601A72002000210222C3E9080183F870
:103580002820294632463846FFF76CFE294600F1CE
:1035900030022846FFF766FE054627B1A168384687
:1035A000C91B11F0ADFD3023C4E9006503FB0966BA
:1035B000A660A5E7096A012951D1D2E901539D42CC
:1035C00010D090F8852085F82860002305F10801C7
:1035D000C5E90623C5E900132B7200220023C5E9C3
:1035E0000823AAE71F4A2046E6F76EFED4F80090AB
:1035F0008246FFF7F9FDA5EB090B00EB0B0398F8EA
:1036000085100746002203F1080047F80B00C3E9C4
:10361000061200200021C3E908015A601A722946E7
:1036200083F828603A464846FFF71CFE294600F119
:1036300030022846FFF716FE0546B9F1000F05D007
:10364000A1684846A1EB090111F05AFD3023C4E9F5
:10365000007503FB0A77A76052E7022051E7304666
:103660004FE700BF026A0408A0F11C00FFF732BF59
:103670000420704704207047034A034692E8030081
:1036800083E803001846704784010010A1F110017F
:10369000FFF7F2BF10B5084B036003F13002483367
:1036A0000446826040F8103FECF7AEFF2046EAF790
:1036B0006BFB204610BD00BF94B90408A0F10800C0
:1036C000FFF7E8BFA0F11000FFF7E4BF10B5044614
:1036D000FFF7E0FF2046502111F012FD204610BDFB
:1036E000A0F11000FFF7F2BFA0F10800FFF7EEBF56
:1036F00010B50446018E40F20320F8F713FB94F84E
:103700003C104FF40170F8F70DFBA18E4FF40270DE
:10371000BDE81040F8F706BBA0F10800FFF7E8BFCE
:1037200008B5034678B1084A904206D9074A904244
:1037300001D912F00CF812F007F830205843BDE818
:10374000084011F0F7BC08BDAAAAAA0255555505B4
:1037500038B500F10803044603601A2011F0EAFCB2
:103760001923A360094B2060024603F1180153F8A6
:10377000045B42F8045B8B42F9D11B781370192368
:10378000636000234376204638BD00BF7E82040874
:10379000A1F11001DCE700BFF8B506460F4615465B
:1037A00002F108030446BC4209D1174BA41B2409AB
:1037B0005C4324F07044302000FB0450F8BD2246E6
:1037C00043F8083C52F8081B914217D1626818462A
:1037D0000132D8F785FE0346D4E90601626843F852
:1037E000042CC3E90401D4E9080194F8282083F8E3
:1037F0002020C3E9060130343033D4E7A26843F80F
:10380000081C1A60E8E700BFABAAAA0A002310B59B
:103810000163C381012404FA03F20A4218BFC2897A
:1038200003F101031CBF0132C281082BF3D110BD8B
:1038300013B50023044601220DF1060140F20320D6
:10384000ADF80630F8F79CFA20B1BDF80610204616
:10385000FFF7DCFF01220DF106014FF40170F8F7CC
:103860008FFA28B19DF8063003F0010384F83C304C
:1038700001220DF106014FF40270F8F781FA10B140
:10388000BDF80630636302B010BDA0F10800FFF779
:10389000CFBF0000F7B5044604F11005EAF760FA5F
:1038A0002449002321222846EDF760F9224B2360AA
:1038B00003F1300248330027A26023610022002375
:1038C000C4E91023C4E91223FF212046C4E90D777F
:1038D00084F83C70FFF79AFF0326FFF7A9FF2846FC
:1038E000EDF7DCF93A462846144B15490096EDF7FA
:1038F0006DF92846134B144900960122EDF766F93D
:103900002846124B124900960222EDF75FF9012377
:103910000093324628460F4B0F49EDF757F92846DA
:103920000E4B0F4900960422EDF750F9204603B0E4
:10393000F0BD00BF9882040894B9040859820408B5
:10394000CA8204089D820408A182040866820408D1
:1039500061820408AA8204088F7A0408B5820408E8
:10396000CF8204082DE9F0470026DFF85C80074687
:103970000D46914634464FF0010A3A6B0AFA06F3B7
:10398000134215D0B8F80410D8F80000DCF76AFF2D
:10399000D5E90012B9F1000F12D0031E18BF0123A0
:1039A000A340194342EAE373C5E900130134E4B2CA
:1039B0000136082E08F10808DFD1B87BBDE8F08792
:1039C000B0FA80F35B09EBE718300120F7B500236C
:1039D00004460022CDE900230E4690F83C206946BB
:1039E000FFF7C0FF636B009F13B3A56C7D401D40C4
:1039F000DBF792FAA36BC01A322815D8A5B9656B0C
:103A0000236C1D40336872681D43636B27EA030310
:103A10002B43C6E90032C4E91032DDE90023A07B64
:103A2000C4E9122303B0F0BDDBF776FAA063E9E73F
:103A3000D6E9002301993A430B43C6E90023ECE79A
:103A40002DE9F047D0E901439C420546884614D051
:103A50000A68002304F10801C4E906232372C4E9BB
:103A6000001300220023C4E90823022384F828302D
:103A7000436830334360BDE8F0871C4A0121E6F714
:103A800023FC2F688146FFF74BFEA4EB070A00EBEF
:103A90000A03D8F800100646002203F1080046F891
:103AA0000A00C3E906125A601A720020002102229D
:103AB000C3E9080183F82820214632463846FFF73B
:103AC0006BFE214600F130022046FFF765FE0446FA
:103AD00027B1A9683846C91B11F012FB3023C5E98C
:103AE000006403FB0966AE60C5E700BF026A040814
:103AF0002DE9F74F14460A680B46042A00F20C81A0
:103B0000DFE812F0050018007A00C400FF001A6A0E
:103B1000022A06D11969FFF779FE012003B0BDE83A
:103B2000F08F012A40F0FA8000F130012046FFF7C3
:103B300087FFF2E7196A022908D1D3E904231A435F
:103B400014BF0123002380F83C30E6E7012940F050
:103B5000E5806568A36890F83CA09D424FF000079F
:103B600011D005F10803C5E90037C5E906A72F7292
:103B700000220023C5E90823022385F82830636862
:103B800030336360C9E7664A2046E6F79DFBD4F808
:103B900000808146FFF7C4FDA5EB080B00EB0B038B
:103BA00003F1080240F80B20064600210020022203
:103BB000C3E9080183F828202946C3E906A75F6006
:103BC0001F7232464046FFF7E7FD294600F13002FA
:103BD0002846FFF7E1FD0546B8F1000F05D0A168C2
:103BE0004046A1EB080111F08BFA3023C4E90065CF
:103BF00003FB0966A66090E7196A012940F08E80F0
:103C0000D4E901539D420AD005F108032B6000233B
:103C10006B602B7208220023C5E90623A8E7404AFF
:103C20002046E6F751FB27688046FFF779FDA5EBB4
:103C3000070900EB090303F1080240F809200021FD
:103C400006460820C3E9060100200021C3E9080157
:103C500000225A601A72022283F82820294632462E
:103C60003846FFF799FD294600F130022846FFF754
:103C700093FD054627B1A1683846C91B11F040FAEB
:103C80003023C4E9006503FB0866B3E71E6A012E12
:103C900044D190F83C204FF0000A4FF0000B6946E9
:103CA000CDE900ABFFF75EFED4E901539D420CD095
:103CB00005F108032B6000236B602B72DDE9002304
:103CC000C5E908ABC5E9062356E73146144A204644
:103CD000E6F7FAFA27688046FFF722FDA5EB070909
:103CE00000EB090303F1080240F809200646DDE96C
:103CF00000010022C3E90601C3E908AB5A601A7249
:103D0000A9E71A6A022A02D11B69436305E7012A5F
:103D100004D100F1340109E70020FFE60220FDE6AE
:103D2000026A0408A0F11000FFF7E2BE104B114A2E
:103D30001A604FF4004199804FF480419A60998154
:103D40001A6140214FF400529A82998302F1804215
:103D5000202102F5F832998410219A611A629A6240
:103D600099851A6308219A63042299869A87704775
:103D70001830012000080240034A034692E803007D
:103D800083E80300184670478C010010A1F1100170
:103D9000FFF7F2BF036801221B6980F8472000216A
:103DA000184710B5036804461B6900219847002393
:103DB00084F8473010BD90F8461090F8443001F078
:103DC000070141EAC33190F845301B0103F070034D
:103DD000194389B24FF40870F7F7A4BFA0F130007F
:103DE000FFF7E9BF08B5034678B1084A904206D903
:103DF000074A904201D911F0AAFC11F0A5FC30202D
:103E00005843BDE8084011F095B908BDAAAAAA0216
:103E10005555550508B50368002B02DA0C4811F01A
:103E20009CFC8B420AD9B3EB410F4FEA410205D209
:103E3000002AB6BF6FF000430260036000680130E3
:103E400001D511F081FCBDE8084011F073B900BF45
:103E50001C6A040808B5034678B1084A904206D99E
:103E6000074A904201D911F072FC11F06DFC182044
:103E70005843BDE8084011F05DB908BD55555505DA
:103E8000AAAAAA0A70B5D0E900560446AE4207D1E4
:103E9000206850B1A168BDE87040091A11F030B92E
:103EA0002846E7F758F91835F0E770BD184B70B59C
:103EB0000646184D036003F14802A033026146F83C
:103EC000303F154B296800220446A8691A70DFF7B5
:103ED0000FF86968A869DFF70BF8A968A869DFF728
:103EE00007F8E968A869DFF703F8A869DEF72CFF8F
:103EF0003046F3F7F9FB04F11000ECF785FBE068BE
:103F0000064B236008B1E7F7E7F9204670BD00BF14
:103F100068BA040870A3040860300120289D0408D2
:103F2000A0F11000FFF7C2BFA0F13000FFF7BEBF45
:103F300010B50446FFF7BAFF2046482111F0E0F81B
:103F4000204610BDA0F13000FFF7F2BFA0F1100035
:103F5000FFF7EEBF00F1080373B5044603600D469A
:103F600011B90E4811F0F6FB0846D8F789F80F286A
:103F70000646019006D9002101A8FFF74BFF019BDF
:103F80002060A360324629462068E8F7D7FD019BF0
:103F9000226863600021D15402B070BD936E0408A2
:103FA00010B503490446FFF7D5FF204610BD00BFFA
:103FB000DC820408A1F11001F2E700BF00232DE923
:103FC000F041C0E9003317468360531A0F4A934209
:103FD00004460E464FEAA30802D90D4811F0BDFB76
:103FE0004046FFF737FF182303FB08030546206010
:103FF000A360B74202D16560BDE8F081284656F85B
:10400000041BFFF7A7FF1835F3E700BF54555515FC
:1040100036690408024B187880F00100704700BF31
:10402000603001200A4B4FF6FF72DB69B3FBF0F002
:10403000B0FBF2F2531CB0FBF3F300209BB263F32E
:104040000F0092B282B062F31F4002B0704700BF0F
:1040500070A30408013A032A16D8DFE802F0020729
:104060000C110A4B9B691B6859637047074B9B698E
:104070001B6899637047054B9B691B68D963704740
:10408000024B9B691B681964704700BF70A304084A
:10409000F8B590F847300C46002B00F0878090F878
:1040A00044300BB14C4224B290F84630032B7DD8FB
:1040B000DFE803F00254345E4FF47A73D0ED0E6AF9
:1040C0009FED3B7A14FB03F347F6FF7293FBF2F389
:1040D00007EE903A26EE877AF8EEE77AA7EEE67AD0
:1040E000DFED347A66EEA77AB4EEE77AF1EE10FAF5
:1040F0000ADCDFED317A66EEA77AB4EEE77AF1EE0C
:1041000010FA58BFF0EE477A2C4BFCEEE77A1A7D96
:1041100017EE901ABDE8F840FFF79CBF274D002C22
:10412000AF7C6E7C14DA32460021FFF793FF3A46EB
:104130004FF6FF71FFF78EFF002CC36B2A7CB8BFD0
:104140006442A4B25C4347F6FF7194FBF1F1E1E7EE
:104150003A460021FFF77EFF3246E9E7C36B04F5DC
:10416000FF447F345C43154B4FF6FF71DA7CECE77C
:1041700084EAE475114BC26B9F7D5E7DA5EBE4750F
:10418000ADB2002C02FB05F547F6FF7295FBF2F588
:1041900006DA32460021FFF75DFF3A462946B9E7C5
:1041A0003A460021FFF756FF3246F7E7F8BD00BF59
:1041B0000080BB440000FA4400007A4470A3040865
:1041C00070B50D460168114ECA6288B004461822C7
:1041D0008B6202A8002107F009FA60234FF0FF313B
:1041E00030460193F7F748FB29462046DEF780FE6C
:1041F0002A4601A92046DFF71DF929462046DEF7A9
:1042000075FE3046F7F740FB08B070BD583001200E
:1042100037B50446032971D8DFE801F0024F5A652B
:10422000374B90F84620DB69002A3DD149F64042E1
:10423000E263344AB3FBF2F32364314D236CEA6941
:1042400084F845103049B2FBF1F207EE902A5A1C6F
:1042500007EE102AF8EEE77AB8EEC77AE26B296823
:10426000A869C7EE876AC4ED0E6AFFF7A9FFD4E913
:104270000F236968A869FFF7A3FFD4E90F23A96892
:10428000A869FFF79DFFD4E90F23E968A869FFF744
:1042900097FFA869DAF7CCFA23681B69002120464A
:1042A00003B0BDE83040184740F6B830FFF7BAFE1B
:1042B0000190030C80B2E063BEE7114B90F84620FA
:1042C000DB6912B947F23052B2E742F22830EDE72B
:1042D0000B4B90F84620DB6912B944F62062A7E741
:1042E00044F26820E2E7064B90F84620DB6912B9F9
:1042F00042F210729CE745F6C050D7E703B030BDDC
:1043000070A3040880841E0040420F0080F846100D
:1043100090F84510FFF77CBF13B500230446012237
:104320000DF106014FF40870ADF80630F7F728FDDF
:1043300090B1BDF80610204601F00F01FFF7E6FF2F
:10434000BDF806102046C1F30211FFF761FFBDF86A
:104350000630DB0B84F8443002B010BDA0F1300011
:10436000FFF7DABF2DE9F3412E4B03600027044627
:104370008760182010F0DEFE804601262A4BC0E937
:10438000016648F80C3B05464046EFF7C3FFC4E919
:10439000028504F1100525493B4684222846ECF7A6
:1043A000E5FB04F13000F3F707FA214B236003F13A
:1043B0004802A03323634FF07E532261A36344F687
:1043C00020625F23C4E90F234FF480336364194BE9
:1043D00020461E70FFF7A0FF94F845102046FFF717
:1043E00017FF4FF00B082846ECF758FC32462846DA
:1043F000114B1249CDF80080ECF7E8FB3A4628460D
:104400000F4B1049CDF80080ECF7E0FB032300933D
:1044100028460D4B0D490222ECF7D8FB204602B08E
:10442000BDE8F081289D04080C910408F48204087A
:1044300068BA040860300120FB820408EF730408A6
:1044400010830408BA860408198304082A83040820
:1044500070B504460E461546B44201D1284670BDDB
:1044600021462846EAF7E4F8D4E90623C5E90623FD
:10447000D4E90823C5E9082394F8283085F82830C2
:104480002046E6F768FE30343035E5E72DE9F047A1
:10449000D0E901439C420546884614D00A7800239F
:1044A00004F10801C4E906232372C4E900130022C1
:1044B0000023C4E90823022384F8283043683033FA
:1044C0004360BDE8F0871C4A0121E5F7FDFE2F6837
:1044D0008146FFF787FCA4EB070A00EB0A0398F874
:1044E00000100646002203F1080046F80A00C3E95E
:1044F00006125A601A72002000210222C3E9080144
:1045000083F82820214632463846FFF7A1FF21468E
:1045100000F130022046FFF79BFF044627B1A9684F
:104520003846C91B10F0ECFD3023C5E9006403FBDD
:104530000966AE60C5E700BF026A04082DE9F047CE
:10454000D0E901639E4204468A4610D03046E8F71F
:1045500049FB00230022C6E90623C6E908230323FA
:1045600086F82830636830336360BDE8F0871B4A03
:104570000121E5F7A9FED4F800808146FFF732FC5F
:10458000A6EB08070744054651463846E8F72AFBDC
:1045900000220023C7E90623C7E908230323314685
:1045A00087F828302A464046FFF752FF314600F18F
:1045B00030023046FFF74CFF0646B8F1000F05D039
:1045C000A1684046A1EB080110F09AFD3023C4E930
:1045D000005603FB0955A560C7E700BF026A04083F
:1045E00070B50E4605461446B54201D1204670BD51
:1045F00029462046E8F7F6FA18341835F4E70000A3
:1046000081422DE9F84F04468A4627D0D1E9008B34
:10461000D0F800908368354AABEB0807A3EB090399
:10462000FE10BB4202FB06F61FD23046FFF712FC1B
:104630005946024605464046FFF7D2FFD4E90068D6
:10464000B0450DD1206818B1A168091A10F058FDC5
:1046500025603D44A56023683B446360BDE8F88F56
:104660003046E6F778FD1836EAE74568A5EB090518
:10467000AF422DD9ED105543002D2CDCD4E9003686
:10468000DAF80050DAF80480F31A1D44A845E2D0A5
:1046900029463046E8F7A6FA18351836F6E74146B7
:1046A0005046ECF7BEFE08F118080AF1180A013D61
:1046B000002DF4DC26EAE6751823D4F8048003FB09
:1046C0000595A845C7D02846E6F745FD1835F8E713
:1046D0003546CA46ECE741464846ECF7A2FE08F1EB
:1046E000180809F11809013DC6E700BFABAAAAAA3C
:1046F0002DE9F0470D68012D9CB00746144608D0FF
:10470000022D00F0BC80002D71D000201CB0BDE84F
:10471000F0870B6A022B04D1097CFFF779FD012099
:10472000F4E7012B08D190F845308DF8583016A9E0
:104730002046FFF7ABFEF2E7082BF0D1854E864806
:10474000D6E90035ED1AEB105843FFF783FB02461C
:1047500001900544D6E900010395FFF741FF97F862
:1047600046300290C3B97D49DFF8EC917C4FDFF809
:10477000F88101A8FFF744FF00260199029B5B1A0C
:10478000DB10F5B209FB03F3AB4206F1010605D8D5
:1047900001A8FFF777FBC2E73146E5E7182303FBE3
:1047A00005113A4604A8F5F789FE29460AA8E6F756
:1047B00019FD0AAA04A910A8EFF750FA414610A85B
:1047C000EBF78AFC014616A8E9F732FF16A9204646
:1047D000FFF7B4FE16A8E6F7BEFC10A8E6F7BBFC90
:1047E0000AA8E6F7B8FC04A8E6F7B5FCC5E70B6A2B
:1047F000022B03D1097CFFF789FD90E7012B02D141
:1048000090F8463091E7082B89D1564FDFF8489150
:10481000DFF84C8139687B685B1ADB10EEB209FB6C
:1048200003F39E4205F10105BFF479AF182303FBA2
:104830000611424604A8F5F741FE31460AA8E6F7FC
:10484000D1FC0AAA04A910A8EFF708FA464910A853
:10485000EBF742FC014616A8E9F7EAFE16A9204646
:10486000FFF76CFE16A8E6F776FC10A8E6F773FCD7
:104870000AA8E6F770FC04A8E6F76DFCCAE70B6A25
:10488000022B01D0202B08D1D1E90432134314BFED
:104890000123002387F8443041E7012B01D0102B7E
:1048A00055D1D4E901539D4214D097F844200023F8
:1048B00005F10801C5E906232B72C5E900130022A2
:1048C0000023C5E90823022385F8283063683033C4
:1048D000636024E7254A01212046E5F7F5FCD4F87A
:1048E00000808146FFF77EFAA5EB080A00EB0A0379
:1048F00097F844100646002203F1080046F80A0023
:10490000C3E906125A601A72002000210222C3E98C
:10491000080183F82820294632464046FFF798FDD3
:10492000294600F130022846FFF792FD0546B8F10E
:10493000000F05D0A1684046A1EB080110F0E0FB94
:104940003023C4E9006503FB0966A660E7E6284654
:10495000DCE600BF70300120ABAAAAAA7C3001209F
:10496000C2740408643001209A700408026A0408C2
:10497000A0F11000FFF7BCBE30B5134D95E80F0055
:1049800085B06C4684E80F0004AA21460F48FFF763
:1049900015FB05F110030FCB203584E80F0004AAA6
:1049A00021460B48FFF70AFB95E80F0084E80F004B
:1049B000084804AA2146FFF701FB074805B0BDE8F7
:1049C0003040F6F795BF00BF785D04087C300120C9
:1049D00070300120643001205830012008B50848AB
:1049E000084B0360F6F764FF0748FFF74BFA0748E8
:1049F000FFF748FABDE808400548FFF743BA00BF93
:104A0000583001209CA2040864300120703001203D
:104A10007C30012010307047D0F824315B1AC0F888
:104A200028317047A0F11000FFF7F6BF034690F859
:104A3000490118B193F84A0180F001007047032042
:104A4000704710B50446DAF767FAD4F81431C01A83
:104A5000642805D92368B4F910111B6920469847CA
:104A6000D4E94903C01A10BDA0F11000FFF7E9BF57
:104A700008B5034678B1084A904206D9074A9042E1
:104A800001D910F064FE10F05FFE30205843BDE8FD
:104A9000084010F04FBB08BDAAAAAA0255555505FB
:104AA000032070470346084611462AB15B6C00227A
:104AB00099881868DBF7DCBEF6F7D7BBA0F13C009D
:104AC000FFF7F0BF0346084611462AB15B6C01228E
:104AD00099881868DBF7CCBE4FF0FF32F6F799BB28
:104AE000A0F13C00FFF7EEBF2DE9F04104460F4670
:104AF00002F108054FF00008BC42A5F1080001D101
:104B0000BDE8F081264645F8085C56F8083BB342FC
:104B10001ED16268314601322846D7F7E1FC63684E
:104B200045F8043CD4E90623C4E9006884F8088009
:104B3000C5E90423D4E90823C5E9062394F82830FD
:104B400085F820302046E6F706FB30343035D3E7D1
:104B500045F8083CA3682B60E1E70000114B03F126
:104B60005C0210B50360026103F19002E833044671
:104B7000C363C26100F5AA70E6F7EDFA04F13C00E8
:104B8000F6F771FA04F11C00EBF73EFD04F110009A
:104B9000EFF76AFBE068044B236008B1E6F79CFB83
:104BA000204610BD64BB0408289D040801F5FF41A0
:104BB000B0F82C217F3189B28A1A82EAE273A3EB22
:104BC000E273B3F5004F10B5044608DBD0F830317E
:104BD000002AB4BF013303F1FF33C0F83031D4F8F9
:104BE0003031A4F82C11C3EB03430B44A3F5FF436E
:104BF0007F3BC4F82431DAF78FF9C4F8140110BDF3
:104C000038B5A0F81E1105460C46DAF785F9C4F34D
:104C1000401314F48054C5F8400185F84A3108BFA8
:104C200085F8494138BD02F0030030B5C0F10400F9
:104C30009201C0B201F80129421E23F04043D20084
:104C400011F8014F23FA02F5083A2C4312F1080F2C
:104C50000C70F5D130BD10B500210446202248303B
:104C600006F0C4FC002384F86830206C84F82F31EF
:104C7000012184F82E3184F84831BDE81040F6F760
:104C8000F4BA10B50446DAF747F9D4F84431C01A3B
:104C90000A2805D994F8483113B12046FFF7DBFF05
:104CA000206C0A22BDE810400121F6F7B2BA0000DC
:104CB000F8B504460F4615461E46FFF7E2FF0028EA
:104CC00038D024232A46394684F8693084F86A505B
:104CD00004F1690784F86B6004F16C00D7F700FCFD
:104CE000EA1C002339461448EAF750F96319020A0E
:104CF00083F86C2083F86D006A1D206C3946F6F746
:104D00006BFA054660B15EB1DAF706F90123C4F823
:104D10003C01206C84F82F31F6F751FA2846F8BD93
:104D20002368216C1B6D204601229847206C0121CD
:104D3000F6F79BFA0025F1E7E00800102DE9F341B2
:104D4000002790461E4602220B46694604468DF80F
:104D50000070CDF801708DF80570FFF764FF4346D1
:104D600005460DEB00013A462046FFF75CFF2A1886
:104D700094F81C31D2B269462046FFF799FF0546E8
:104D8000D8B1DAF7C9F80746DAF7C6F8C01B092820
:104D900005D894F82F3113B1F6F7EEFDF4E794F847
:104DA0002F317BB1012384F84831D4F81831013315
:104DB000C4F81831002384F82F310025284602B0AA
:104DC000BDE8F081002EF9D0D4F890303360F5E7DB
:104DD000002380F84A31022240F22A21FFF7AEBFB9
:104DE0000023012240F6E511FFF7A8BF10B50368C4
:104DF00000211B6904469847002320461A46BDE857
:104E0000104040F6E511FFF799BF0000F8B50446E1
:104E1000006C0E46F6F754FA0546DAF77DF8C4F84A
:104E2000440194F868301F2B00F2A480002D40F05C
:104E3000A18094F8683031785A1C2344D2B284F8A7
:104E4000682083F8481094F8483094F82E21DBB29B
:104E500032B1112B04D194F868100629CAB207D0D8
:104E600094F82F215ABB206CBDE8F840F6F7A7B99B
:104E7000454884F82E51522304F14801EAF768F8B6
:104E800060B1012384F84831D4F80C310133C4F8FF
:104E90000C312046BDE8F840FFF7DDBEB4F84960AC
:104EA000B4F84B502046FFF7D6FE31462046FFF7B8
:104EB0007DFE29462046BDE8F840FFF7A1BE252B20
:104EC000D1D194F86830052BCDD994F8493094F8B5
:104ED0004A2094F86810DDB204338B42D2B2C2DAB1
:104EE00094F81C319342D4D194F8682027480023C9
:104EF00004F14801EAF74AF840B1D4F80C31013323
:104F0000C4F80C31012384F84831C2E784F88900E1
:104F100085421AD8002384F82F31BAE716F8017FAA
:104F2000103907FA01F10A436146B1F1080CF5D1D5
:104F300094F889104E1C223104EB8101F6B203442F
:104F400084F88960D8B24A60E2E794F889301F2B70
:104F5000E0D8231800F14B0693F84B209309C3F1D6
:104F60000403DBB2591EC90002F03F028A40264406
:104F7000D900DAE7D4F818310133C4F81831012325
:104F800084F84831F8BD00BFE00A0010E0080010C6
:104F9000A0F13C00FFF73ABF37B500F11C04012532
:104FA0002046EBF77BFE20461C4B1D490095002256
:104FB000EBF70CFE2A4620461A4B1B490095EBF7EF
:104FC00005FE2046194B1A4900950222EBF7FEFD1B
:104FD0002046184B184900950322EBF7F7FD2046B1
:104FE000164B174900950422EBF7F0FD2046154BB0
:104FF000154900950522EBF7E9FDB0230093204603
:10500000124B13490622EBF7E1FD124B12490095B2
:1050100007222046EBF7DAFD03B030BD8E8304088B
:105020009E830408A5830408B6830408BE8304088D
:10503000CC830408D4830408A6890408E183040807
:1050400046890408EE830408FD83040805840408E7
:105050001D840408218404082D8404082DE9F84FD8
:10506000FF2B92461ABF03F00302C2F10B02052286
:105070009846D31D23F0070300AFADEB030D0446A4
:1050800068460025894600F8015B013A2946BE6A58
:1050900006F0ACFAB8F1FF0FEB461FFA89F90FD012
:1050A0000A23022269462046FFF7BDFD4346054616
:1050B0000DEB000101222046FFF7B5FD0544EDB2DE
:1050C0000BEB0501092302222046FFF7ACFD29184E
:1050D000CDB24B4601225BFA81F12046FFF7A3FDDA
:1050E0002A1894F81C31D2B259462046FFF7E0FD49
:1050F000054620B9012384F84831002521E0D9F77D
:105100000BFF8146D9F708FFA0EB0900B04205D29A
:1051100094F82F3113B1F6F72FFCF3E794F82F3101
:105120009BB1012384F84831D4F818310133C4F815
:105130001831002384F82F31DFE7D4F89830CAF80B
:1051400000302846BD46BDE8F88FB8F1FF0FF4D116
:10515000D4F89030F3E713B50A240094FFF77EFFEC
:1051600002B010BD07B5FF2301AA4FF46171FFF72C
:10517000F2FF20B1019800EB8000400000B203B0C4
:105180005DF804FB07B5FF2301AA40F28531FFF764
:10519000E2FF48B101984FF47A7310FB03F04FF42B
:1051A0000C7390FBF3F000B203B05DF804FB70B534
:1051B000044686B0D9F7B0FED4F83C31C01A952821
:1051C00003D80025284606B070BD002301AA41F28D
:1051D00084712046FFF7BFFF054610B1019BA4F87C
:1051E000203100231A464FF40A712046FFF7A6FD2E
:1051F000012302AA40F229212046FFF7ACFF029BBF
:10520000064610B1A4F81E312E46002BD9D000233B
:10521000039303AA012340F235212046FFF79BFFA9
:105220000123051E04AA40F2ED11204618BF3546A1
:10523000FFF791FF70B39DF8103084F86C31013B9B
:10524000072B20D8DFE803F0040404040416191C1B
:10525000039B9B00A361012305AA40F22F21204656
:10526000FFF779FFC0B1059B032B18BF002584F819
:105270004951A7E7039B1B01ECE7039B9B01E9E76F
:10528000039B1B02E6E704F5A670EFF765FA01231E
:1052900084F84A310025DEE70546E8E790F82F312B
:1052A00070B504460E461546CBB990F8493193B116
:1052B000D9F732FED4F83C31C01A0A2810D8D9F7F1
:1052C0002BFED4F84431C01A0A2813D9206CF5F704
:1052D000F5FF48B90EE0FFF76AFF0028E8D170BD7E
:1052E00094F82E31002BEAD0012384F848310023B2
:1052F00084F82E312046FFF7C4FC18B9012384F846
:105300004831ECE7102384F83431A4F8385194F88C
:105310001C3184F8353104F59A7506222946124865
:10532000A4F836615223E9F713FE072284F83A0104
:105330002946206CF5F750FF58B92368216C1B6D86
:10534000204601229847206C0121BDE87040F5F706
:105350008CBF206CF5F733FFD9F7DEFD0123C4F8CD
:105360003C0184F82E31BAE7E00A0010A0F81011D1
:10537000002289B2FFF792BF836910B5044613B1CA
:1053800090F8493113B92046FFF711FFA06910BD0D
:10539000A0F11000FFF7F0BF0E4B0F4945F2555238
:1053A00002EA500203EA400080B2024343F2333380
:1053B00003EA920301EA820292B21343074A40F6DB
:1053C0000F7000EA131002EA03139BB2184340BAAD
:1053D00080B27047AAAAFFFFCCCCFFFFF0F0FFFF1E
:1053E0002DE9F047D0E901439C420546884614D098
:1053F0000A6804F1080323600023C4E9062323722A
:10540000636000220023C4E90823022384F82830C3
:10541000436830334360BDE8F0871C4A0121E4F75C
:1054200053FF2F688146FFF723FBA4EB070A00EB2D
:105430000A0303F10802D8F8001040F80A200022FD
:10544000C3E906125A601A720646002100200222A1
:10545000C3E9080183F82820214632463846FFF781
:1054600043FB214600F130022046FFF73DFB044696
:1054700027B1A9683846C91B0FF042FE3023C5E9A1
:10548000006403FB0966AE60C5E700BF026A04085A
:105490002DE9F047D0E901439C420546884616D0E5
:1054A000B1F9003004F10802D917226000222272FB
:1054B000C4E90631626000230022C4E90823022304
:1054C00084F82830436830334360BDE8F0871C4AD5
:1054D0000121E4F7F9FE2F688146FFF7C9FAA4EB32
:1054E000070A00EB0A03B8F90020064603F1080199
:1054F00046F80A10D0170021C3E906205960197236
:10550000002000210222C3E9080183F82820214657
:1055100032463846FFF7E8FA214600F130022046CD
:10552000FFF7E2FA044627B1A9683846C91B0FF015
:10553000E7FD3023C5E9006403FB0966AE60C4E7FC
:10554000026A04082DE9F047D0E901439C42054670
:10555000884614D00A88002304F10801C4E9062310
:105560002372C4E9001300220023C4E908230223A4
:1055700084F82830436830334360BDE8F0871C4A24
:105580000121E4F7A1FE2F688146FFF771FAA4EB31
:10559000070A00EB0A03B8F800100646002203F1E0
:1055A000080046F80A00C3E906125A601A72002081
:1055B00000210222C3E9080183F82820214632464F
:1055C0003846FFF791FA214600F130022046FFF7F6
:1055D0008BFA044627B1A9683846C91B0FF090FD25
:1055E0003023C5E9006403FB0966AE60C5E700BF70
:1055F000026A04082DE9F047D0E901439C420546C0
:10560000884615D00B6804F10802D91722600022E1
:105610002272C4E90631626000230022C4E9082333
:10562000022384F82830436830334360BDE8F087B4
:105630001C4A0121E4F748FE2F688146FFF718FA5B
:10564000A4EB070A00EB0A03D8F80020064603F192
:10565000080146F80A10D0170021C3E90620596056
:105660001972002000210222C3E9080183F82820D2
:10567000214632463846FFF737FA214600F130021C
:105680002046FFF731FA044627B1A9683846C91BFE
:105690000FF036FD3023C5E9006403FB0966AE60F8
:1056A000C4E700BF026A04080B7813B51446072B41
:1056B00043D8DFE803F0040C0F181B24272100F562
:1056C00086712046FFF78CFE012002B010BD00F568
:1056D0008C71F6E7FFF746FDADF8040001A92046FE
:1056E000FFF7D6FEF0E7FFF74DFDF5E700F58F7108
:1056F0002046FFF727FFE7E700F59071F8E7FFF78F
:1057000067FBE1E70B6A102B0DD100230093098999
:10571000FF236A46FFF71FFD009B019301A9204666
:10572000FFF768FFD0E7202BCED100230A69009352
:1057300009896B46FFF702FBEEE70020C5E7A0F101
:105740001C00FFF7B1BF00002DE9F041774B03606B
:105750000025044688B08560182088460FF0EAFCD2
:1057600001230746C0E90133714B47F80C3B06465D
:105770003846EEF7CFFDC4E9027604F11000EEF7EB
:10578000C9FD434689226B4904F11C00EBF7EEF991
:10579000694904F13C00F5F797FD684B236003F17C
:1057A0005C02226103F19002E833E363644B6364BB
:1057B00094F81C3184F86850013384F81C3147F6A2
:1057C000FF73A4F82C314FF4887384F88950C4E92E
:1057D0004955C4F80C51E261C4F81451A4F81051B1
:1057E000C4F81851A4F8205184F82E51C4F830514F
:1057F00084F82F51C4F83431C4F83C5184F838513E
:10580000C4F8405184F83951C4F8445184F83A51ED
:1058100084F8485184F8495184F84A5149496A4604
:1058200001A8E7F797F9DDE901652023C4F84C31B9
:10583000022384F850310F2D04F5AE73C4F85431AF
:105840000ED9002D02DA40480FF087FF681C01D501
:105850000FF07AFF0FF06EFCC4F85C51C4F85401ED
:105860003146D4F85401394E2A46E7F767F9D4F89F
:105870005431C4F8585100225A5501A8E5F76BFC81
:105880003378A3BB3249DAB2082550B2520000285F
:10589000D2B205F1FF35B8BF82F0070215F0FF055F
:1058A000F3D101339BB2B3F5807F01F8012BEAD12C
:1058B000284F48F20508A8B2FFF76EFD1023C0F389
:1058C0000F2002B24000002A80B203F1FF33B8BFBC
:1058D00080EA080013F0FF03F3D1FFF75DFD013507
:1058E000B5F5807F27F8020BE5D101233370002541
:1058F0004FF4E123CDE901350C23CDE9053501A9AC
:105900004FF40043206C0793CDE90355F5F728FCCD
:10591000636C2A4618689988DAF7AAFF2046FFF7D1
:105920003BFB204608B0BDE8F08100BF289D04087D
:105930000C91040835840408082F012064BB040876
:10594000702E0120398404081C6A04088A30012062
:10595000E00A0010E008001003207047034A0346E5
:1059600092E8030083E8030018467047A401001082
:10597000A1F15401FFF7F2BFD0F8C4305B1AC0F8B0
:10598000CC307047036810B5DB6904469847D4F8FB
:10599000CC30C01A10BD90F8FC0020B1431E584214
:1059A0005841400570474FF480207047194B03F170
:1059B000480210B5C26003F17C020360C26403F1C7
:1059C0009402EC334367144B4265002204461A707C
:1059D000D0E905120069F2F797FA04F1F400E8F74C
:1059E000EBF904F1EC00E8F7E7F904F17400F6F7DD
:1059F0000DF904F15400EAF707FE04F14C00F1F749
:105A000073FE04F10C00F2F7ABFA2046EEF72CFC23
:105A1000204610BDB0BC04088B300120A0F154001A
:105A2000FFF7C4BFA0F14C00FFF7C0BFA0F10C000E
:105A3000FFF7BCBFA0F17400FFF7B8BF10B5044674
:105A4000FFF7B4FF20464FF482710FF059FB204658
:105A500010BDA0F17400FFF7F1BFA0F15400FFF7F3
:105A6000EDBFA0F14C00FFF7E9BFA0F10C00FFF77C
:105A7000E5BF38B590F8FC2090F8FE3090F8D010D3
:105A8000012A4FEA83034FEA022202F4706203F014
:105A90000C03044643EA020301F0030141EA030157
:105AA00040F201400CBF05250225F6F73BF9D4F87A
:105AB000CC10294189B2BDE838404FF48060F6F738
:105AC00031B9A0F14C00FFF7D4BF90F8D13010B538
:105AD000044613B1D4F8C40010BD012380F8D130BE
:105AE000EC30F6F71BF8D9F717FAD4F80031C01AE2
:105AF0000228EFD9022104F1F400F5F7FDFFE9E7F0
:105B000018B1302359430FF0FBBA704708B503466C
:105B100078B1084A904206D9074A904201D90FF05D
:105B200016FE0FF011FE30205843BDE808400FF07C
:105B300001BB08BDAAAAAA025555550590F8D13057
:105B400013B50446BBB1806F01A9E0F7D1F8019B02
:105B50004BB14FF0E0234FF08052C3F8042DBFF358
:105B60004F8FBFF36F8FD4F8E430C4F8DE30B4F851
:105B7000E830A4F8E23002B010BDA0F10C00FFF74D
:105B8000DDBF10B504460069F2F711F8206904F191
:105B90002001F1F759FF2069BDE81040F2F72CB859
:105BA00070B5044600F114050E46006995E806003C
:105BB000F2F7AAF92069F1F73BFFD0E90031C91AE1
:105BC000C1F3C701B14228BF314684F8D010206923
:105BD000F1F730FF036863618388AB802046FFF7ED
:105BE000D0FF95E806002069BDE87040F2F7DAB80A
:105BF0001FB590F8FC3000F10C02A3B98DF8093004
:105C0000ADF80C306423CDE9002361F07F01006919
:105C10008DF80810022303AA02A9F1F79BFF9DF853
:105C20000D0004B010BD00238DF80A30ADF80C3023
:105C30008DF80E306423CDE900238DF8091000693A
:105C40003024032303AA02A98DF80840F1F782FF4C
:105C50009DF80E00E5E71FB590F8FC307BB9642392
:105C60008DF80D2000938DF80C1000F10C0302222A
:105C7000006903A9F1F745FF05B05DF804FB012BAE
:105C8000FAD160238DF80C3064238DF80E20009338
:105C90008DF80D1000F10C030322E9E71FB590F811
:105CA000FC30012B1FD1114B1A889B788DF80A30DC
:105CB0000023ADF80C308DF80E306423019300F111
:105CC0000C0300930069ADF80820032303AA02A97E
:105CD000F1F740FF9DF80E00A0F1550358425841DE
:105CE00005B05DF804FB0020FAE700BFA85D0408DA
:105CF0001FB590F8FC30A3B900F1D8018322C0F899
:105D0000D8208DF80C300B7100F10C030292009337
:105D100000F1E40204230069F1F7AEFE05B05DF87E
:105D200004FB012BFAD100224FF46873ADF80C206C
:105D3000C0F8D8300293BDF80C30A0F8DC3000F188
:105D40000C03009300F1E402062300F1D801E2E71E
:105D5000F8B5054690F8FC00B8BB95F8E16095F8F9
:105D6000E03095F8DF40F20882EA960282EA920279
:105D7000C3F3400182EA121285F8B810D2074FEA45
:105D80001611C6F3001685F8B9604FEA53074FEABB
:105D9000930610D483EA070284EA540080EA900054
:105DA00082EA920280EA020383EA101383EA121362
:105DB000DB4303F0010041EA842141EA0611C5F802
:105DC000C010002385F8D130F8BD012821D195F805
:105DD000E23095F8E01095F8E12095F8E340C3F340
:105DE000400085F8B80003F00100DB0843EA4133C6
:105DF00043EA421385F8B900C5F8C03006480023CD
:105E0000032205F1E001E9F7A3F8231A58425841AB
:105E1000D7E70020D5E700BFE00B001070B50446BF
:105E200000F1EC054FF0FF312846F5F765FE2046FE
:105E3000FFF75EFF4FF0FF310120DFF7A5FE2046A0
:105E4000FFF786FF78B3236820469B6A9847D4E91A
:105E50002F218B1AB3EB500F4FEA5006D4F8C830FD
:105E60001CDD013BC4F8C8302368C4F8BC109B6A31
:105E7000D4F8C86020469847D4F8C03000FB0633F9
:105E8000C4F8C430D9F748F8C4F8000104F1F400AC
:105E9000F5F744FE002384F8D130C3E7521AB2422A
:105EA000E2DD0133DEE7D4F8D4300133C4F8D43076
:105EB000E8E7A0F17400FFF7B1BF0023C0E9303379
:105EC00080F8FC10C0F8BC30C0F8C830C0F8D4303E
:105ED000A0F8B8307047000013B590F8FE308B4240
:105EE000044618D0032928BF032180F8FE1000EBD8
:105EF000810191ED2B0A9FED091A0169DFED080A76
:105F00006846F2F7E3F8009BA363204602B0BDE8C1
:105F10001040FFF736BE02B010BD00BF0000807F0A
:105F2000000000002DE9F34101220DF106010546B4
:105F300040F20140F5F724FF014608B1BDF8061014
:105F40000B0A012B8EB201F003074FF001020DF195
:105F500006014FF480601C460CBF4FF005084FF05F
:105F60000208F5F70DFF034608B1BDF8063003FA45
:105F700008F32846C5F8CC302146FFF79EFF394686
:105F8000FFF70EFEC6F38101284602B0BDE8F041DE
:105F9000FFF7A2BFA0F14C00FFF7C4BF70B50446E5
:105FA0000E461546B44201D1284670BD214628460A
:105FB000E8F73EFBD4E90623C5E90623D4E9082324
:105FC000C5E9082394F8283085F828302046E5F7FD
:105FD000C2F830343035E5E72DE9F047D0E9014328
:105FE0009C420546894614D00A78002304F1080132
:105FF000C4E906232372C4E9001300220023C4E984
:106000000823022384F82830436830334360BDE816
:10601000F0871D4A0121E4F757F92F688046FFF702
:1060200075FDA4EB070A00EB0A03064699F8001079
:1060300003F10800002246F80A00C3E906125A607C
:106040001A72002000210222C3E9080183F82820E7
:10605000214632463846FFF7A1FF214600F13002C3
:106060002046FFF79BFFA968084BC91B091104468E
:1060700059433846FFF744FD3023C5E9006403FB6C
:106080000866AE60C3E700BF026A0408ABAAAAAA0A
:106090002DE9F047D0E901439C420546894615D0D9
:1060A0000B6804F10802D917226000222272C4E9A9
:1060B0000631626000230022C4E90823022384F829
:1060C0002830436830334360BDE8F0871D4A012122
:1060D000E4F7FAF82F688046FFF718FDA4EB070AEB
:1060E00000EB0A030646D9F8002003F1080146F840
:1060F0000A10D0170021C3E9062059601972002048
:1061000000210222C3E9080183F8282021463246F3
:106110003846FFF743FF214600F130022046FFF7E3
:106120003DFFA968084BC91B09110446594338466D
:10613000FFF7E6FC3023C5E9006403FB0866AE60A8
:10614000C2E700BF026A0408ABAAAAAA2DE9F0417F
:106150008AB00446EEF7DEF86F48F1F767FC036893
:106160006D490CCB04F10C00F1F740FE04F154062C
:1061700004F14C00F1F720FB00236849622230460D
:10618000EAF7F4FC04F17407654903AA04A8E6F7EA
:10619000E1FC2A234FF4807204A93846F5F752FD3A
:1061A00004A8E4F7D8FF5F4B236003F14802E260E4
:1061B00003F17C02E26403F1940262655A4A07CA61
:1061C000EC330025636704F1AC0383E8070029463C
:1061D000C4E92F55C4E93155A4F8B850C4F8CC50DF
:1061E000A4F8D050C4F8D450C4F8D850A4F8DC5067
:1061F000C4F8DE50A4F8E250C4F8E450A4F8E85023
:1062000004F1EC00F5F79EFC294604F1F400F5F7E3
:1062100099FC4FF4E063A4F8FC30444B21699FEDF6
:10622000441ADFED440A9FED440A84F8FE504FF013
:106230000108C4F8005104A883F80080F1F746FF74
:10624000049B94F8FD103D4AC4F83080C4E90E3533
:106250000223E36284F81C80EBB24FF0080858B2C6
:106260005B000028DBB208F1FF38B8BF4B4018F0E4
:10627000FF08F4D10135ADB2B5F5807F02F8013BDE
:10628000EAD12046FFF74EFED4E905122069F1F766
:1062900089FD03253046EAF701FD42463046284B8A
:1062A00028490095EAF792FC3046274B274900958C
:1062B0000122EAF78BFC0123009330464FF00B08D4
:1062C000234B24490222EAF781FC2A463046224B1E
:1062D0002249CDF80080EAF779FC3046204B21496D
:1062E000CDF800800422EAF771FCB0230093304619
:1062F0001D4B1E490522EAF769FC81231C490093C6
:1063000006221C4B3046EAF761FC3846F5F74AFC9A
:1063100020460AB0BDE8F081302F012081840408B6
:1063200087840408B0BC0408AC5D04088B300120ED
:106330000000807F000000008096184BE00B0010EA
:10634000FC8604088D840408908404080D860408E3
:1063500099840408487A0408AC840408BA860408BE
:10636000CD84040837810408DE8404081D840408F1
:10637000CC780408F28404082DE9F04F2DED028B4F
:1063800014460A68A5B005460B46062A00F22D827F
:10639000DFE812F0070021008200D5002F01130270
:1063A00023021A6A012A08D190F8D03001331E93D3
:1063B0001EA92046FFF76CFE07E0022A40F0178274
:1063C000197C0139C9B2FFF7EBFB012025B0BDEC08
:1063D000028BBDE8F08F1E6A012E55D103685B6900
:1063E0009847D4E901539D4281464FEAE07A12D0A2
:1063F00005F108032B6000236B602B720022002341
:10640000C5E9060AC5E90823022385F82830636830
:1064100030336360D9E73146C64A2046E3F754FF7C
:1064200027688046FFF772FBA5EB070B00EB0B0319
:1064300003F1080240F80B20002206465A601A7247
:10644000002000210222C3E9080183F82820C3E9C3
:10645000069A324629463846FFF7A0FD294600F144
:1064600030022846FFF79AFDA168B34BC91B0911FA
:10647000054659433846FFF743FB3023C4E900651E
:1064800003FB0866A660A0E7022E40F0B081026818
:106490001969526A904798E7D4E901639E4211D086
:1064A000D0F8D420002306F10801C6E90623C6E986
:1064B0000013337200220023C6E90823022386F862
:1064C0002830A4E701219B4A2046E3F7FDFED4F8DB
:1064D00000808146FFF71AFBA6EB080AD5F8D41016
:1064E000074600EB0A0303F10800002247F80A0000
:1064F000C3E906125A601A72002000210222C3E981
:10650000080183F8282031463A464046FFF746FD09
:10651000314600F130023046FFF740FDA168864B5E
:10652000A1EB08010911054659434046FFF7E8FA77
:106530003023C4E9007503FB0977A76045E71A6AB1
:10654000012A08D190F8FC308DF878301EA9204639
:10655000FFF742FD39E7022A03D1197CFFF7ADFCB2
:1065600033E7082A40F04381D4E901639E420CD00E
:1065700018AA72491EA8E6F7EDFA1EA93046E8F7F8
:10658000C1F91EA8E4F7E7FD41E76A4A0121204668
:10659000E3F79AFE27688046FFF7B8FAA6EB0709EB
:1065A000054618AA654981441EA8E6F7D3FA1EA934
:1065B0004846E8F7A7F91EA8E4F7CDFD2A4631467C
:1065C0003846FFF7EBFC314600F130023046FFF76A
:1065D000E5FCA168584BC91B0911064659433846CA
:1065E000FFF78EFA3023C4E9005603FB0855A56077
:1065F000EBE6196A012917D1D4E901639E4202D062
:1066000090F8FE204EE74B4A2046E3F75DFED4F8B3
:1066100000808146FFF77AFAA6EB080A95F8FE108B
:10662000074600EB0A035EE7022903D1197CFFF756
:1066300053FCCAE6082940F0DA809FED418ADFED7D
:10664000418A00F1AC094FF00008B9EC010A296950
:10665000B0EE481AF0EE680A04A8F1F737FD059885
:10666000D6F73CF9384B3A22CDE90001374906A864
:10667000ECF705FE364906A8E9F72EFD01460CA801
:10668000E7F7D6FF414612A8E4F7ACFD0CA8E8F7FF
:1066900008F80D9E139F06EB070B834537D912A808
:1066A000E7F7FFFF834532D800220C9B0096114686
:1066B00012A8E8F7A9F9014618A8E7F7B9FF254994
:1066C00018A8E9F709FD01461EA8E7F7B1FFD4E9CC
:1066D00001739F4242D01EA93846E8F713F9636858
:1066E000303363601EA8E4F736FD18A8E4F733FDE5
:1066F00012A8E4F730FD0CA8E4F72DFD08F101081D
:1067000006A8E4F728FDB8F1030F9ED15DE6C6F1B7
:10671000FF4606F5FF0606F5FF467F36B74212999B
:1067200002D90D480FF019F83A460CA8E8F748F9D5
:10673000C1E700BF026A0408ABAAAAAA018504083F
:106740000000807F000000008E740408BDB30308C1
:10675000C27404089A700408FE6E04080121254AD8
:106760002046E3F7B1FDD4F800B0A7EB0B02824658
:106770000392FFF7CBF9039A06461EA91044E8F7E7
:10678000C1F8324639465846FFF708FC394600F151
:1067900030023846FFF702FCA168174AA1EB0B0153
:1067A0000911074651435846FFF7AAF93022C4E9B8
:1067B000006702FB0A66A66094E71A6A102A05D1F0
:1067C0001989FFF715FA8DF87800BFE6202A0ED157
:1067D0001A7C1989FFF73FFAF7E51B6A012B7FF452
:1067E000F4ADFFF75BFA1E90E2E50020EEE5022033
:1067F000ECE500BF026A0408ABAAAAAAA0F1540003
:10680000FFF7BABD01207047034A034692E8030030
:1068100083E8030018467047B4010010A1F1280175
:10682000FFF7F2BFA1F11801FFF7EEBF034A0346DD
:1068300092E8030083E8030018467047AC0100109B
:10684000A1F12801FFF7F2BFA1F11801FFF7EEBF98
:106850001830704710B503682DED028B1B6C90ED5E
:10686000218A08EE901A0446984707EE900AF8EE3F
:10687000E88AF8EE677A88EEA77A78EE477ABDEC78
:10688000028BC4ED237A10BDA0F11800FFF7E2BF20
:10689000D0F8C430042B06D1D0F8A400A0F108032E
:1068A0005842584170470020704710B503682DEDDD
:1068B000028B04461B6C9847236808EE100ADB6BBA
:1068C00020469847B8EE488A28EE008AFDEEC87A3E
:1068D000BDEC028B17EE900A10BDA0F11800FFF777
:1068E000E4BF4FF6FF707047032070477047000009
:1068F00010B52DED028B82B004464FF441530122B6
:106900000DF102014FF47470ADF80230F5F738FA6A
:1069100048B194F9A330002B4CD1BDF8023003F0FC
:106920003F0384F8A23040F2D1300023012201A9B4
:10693000ADF80430F5F724FA88B1BDF80430DFED86
:10694000236AC3F30B0207EE902AF8EEE77AC3F34B
:10695000003387EEA67A84F8A13084ED2E7A94F87D
:10696000A1301BB30023ADF8063094F9A330002BFF
:1069700040F2D3304FF0010218BF4FF475700DF1A3
:106980000601F5F7FDF988B1BDF9063008EE103AB9
:10699000236820461B6C984707EE900AB8EEC88A19
:1069A000F8EE677A88EE277A84ED237A02B0BDECA0
:1069B000028B10BD012BB6D1BDF80230C3F3851395
:1069C00084F8A23040F2D230AFE700BF0000C842E6
:1069D000A0F11000FFF78CBF30B52DED028B0446FF
:1069E00083B04FF4415301220DF106014FF474704E
:1069F000ADF80630F5F7C4F994F9A320BDF80630D8
:106A0000002A48D194F8A22062F30503ADF80630BD
:106A100040F2D135BDF8061021F4E04189B24FF4BF
:106A20007470ADF80610F5F77DF9D4ED2E7A9FED70
:106A30001F7A94F8A13067EE877A2846FDEEE77A50
:106A400017EE901AC1F30B0141EA033189B2F5F751
:106A500069F994F8A130D3B1236894ED238A1B6CB3
:106A60002046984707EE900AF8EE677A94F9A3302B
:106A700067EE887A002BFDEEE77A40F2D33017EE0E
:106A8000903A18BF4FF4757099B2F5F74BF903B00F
:106A9000BDEC028B30BD012ABAD194F8A22062F37A
:106AA0008B13ADF8063040F2D235B3E70000C84290
:106AB000A0F11000FFF790BFF8B5D66890F9A230AA
:106AC000C6F345119942044625D1D2E90075D8F79D
:106AD00023FA06F01F06092EC4F898001CD0172EC2
:106AE00026D0012E17D1EBB2C4F8A870C4F8A43098
:106AF000C5F30723C4F8AC30C5F307432D0EC4F823
:106B0000B030C4F8B45094F8BC3023B1002384F8FA
:106B1000BC30C4F8C460F8BDC4F88470C4F88850B0
:106B2000D8F7FAF90023C4F89C0084F8A030F2E703
:106B3000D8F7F2F9C4F89070C4F89400EBE7A0F12C
:106B40002400FFF7B9BF18B1302359430EF0D8BA6B
:106B50007047000008B5034678B1084A904206D94C
:106B6000074A904201D90EF0F2FD0EF0EDFD302003
:106B70005843BDE808400EF0DDBA08BDAAAAAA0233
:106B80005555550570474FF6FF7070470320704705
:106B90002DE9F04104460F4602F108054FF00008C8
:106BA000BC42A5F1080001D1BDE8F081264645F8B8
:106BB000085C56F8083BB3421ED162683146013288
:106BC0002846D5F78DFC636845F8043CD4E90623D4
:106BD000C4E9006884F80880C5E90423D4E90823DF
:106BE000C5E9062394F8283085F820302046E4F7DC
:106BF000B2FA30343035D3E745F8083CA3682B604F
:106C0000E1E70000024B187880F00100704700BFF8
:106C10008D300120024B187880F00100704700BFD2
:106C20008C30012030B590F8A23087B001225B0192
:106C3000ADF81420044690F8A320D0F8800003F4A7
:106C4000FC6302934FF4FC6303930568059B009378
:106C500002F00102049202AB0ECB6D6AA847C4F8A1
:106C6000C00007B030BD000073B500F12804032553
:106C70002046EAF713F82046204B214900950022D0
:106C8000E9F7A4FF012620461E4B1F49009501226B
:106C9000E9F79CFF20461D4B1D4900960222E9F7AB
:106CA00095FF2A4620461B4B1B490096E9F78EFFAD
:106CB00020461A4B1A4900950422E9F787FF20461F
:106CC000184B194900960522E9F780FF022300932B
:106CD0002046164B16490622E9F778FF2046154B49
:106CE000154900960722E9F771FF144B14490095E6
:106CF00008222046E9F76AFF02B070BD1F8504082C
:106D0000F2880408308504083D8504084485040899
:106D1000487A0408578504084689040864850408ED
:106D2000838504088D850408998504089E850408D8
:106D3000C5850408D1850408E9850408F38504089D
:106D400008860408F0B50C4D06460F460FCD87B0F7
:106D500001AC0FC42B6823600123D6F880008DF8A6
:106D6000153096F9A23047EA4317036803979B69E9
:106D700001A9984707B0F0BDB85D040890F8C83085
:106D800010B504464BB190F8A0306BB9012384F8DC
:106D9000A03009212046FFF7D5FF94ED210AD4ED5C
:106DA000237A30EE670A10BDD8F7B6F8D4F89C30D5
:106DB000C01A0528EAD8F0E7A0F11800FFF7DEBFF7
:106DC00070B50E4D06460FCD88B003AC0FC48DEDE7
:106DD000010A2B682360019B03930423069396F911
:106DE000A230D6F880005B0143F00E0305930368E0
:106DF00003A99B69984708B070BD00BFB85D04083F
:106E00001F4B9FED200A03F1680210B5026103F1E8
:106E10008002826103F1B40204460360426203F11E
:106E2000D80203F5987382628364FFF7C9FFD4F830
:106E3000800094F8C01003689B6A9847D4F88000DB
:106E400003689B6C984704F14800F4F7DFFE04F1F7
:106E50002800E9F7D9FB04F12400E8F7F5F804F17C
:106E60001800EDF701FA04F11000F0F73DFCE068BE
:106E7000054B236008B1E4F72FFA204610BD00BF90
:106E800038BE040800000000289D04080C4B03F1E4
:106E9000680210B5026103F18002826103F1B4025D
:106EA0000360426203F1D80203F598738364054BD3
:106EB0008262044600221A70FFF7A2FF204610BD2E
:106EC000C8C004088C300120A0F12800DEE7A0F142
:106ED0002400DBE7A0F11800D8E7A0F11000D5E707
:106EE000A0F14800D2E700BF10B50446FFF7CEFF7F
:106EF0002046CC210EF004F9204610BDA0F1480038
:106F0000F2E7A0F12800EFE7A0F12400ECE7A0F100
:106F10001800E9E7A0F11000E6E700000C4B03F1D0
:106F2000680210B5026103F18002826103F1B402CC
:106F30000360426203F1D80203F598738364054B42
:106F40008262044600221A70FFF75AFF204610BDE5
:106F500080BF04088D300120A0F12800DEE7A0F1F9
:106F60002400DBE7A0F11800D8E7A0F11000D5E776
:106F7000A0F14800D2E700BF10B50446FFF7CEFFEE
:106F80002046CC210EF0BCF8204610BDA0F14800F0
:106F9000F2E7A0F12800EFE7A0F12400ECE7A0F170
:106FA0001800E9E7A0F11000E6E7000007EE901AEC
:106FB0009FED057AF8EEE77A87EE870AD0ED2E7A14
:106FC00020EE270AFFF7FCBE00FEFF46F0B5104D8D
:106FD0008C46064617460FCD89B003AC0FC42B680C
:106FE0002360CDE900C7082303AA6046394606930B
:106FF00096F9A23082E803005B01D6F8800043F0E6
:107000000B030593036811469B69984709B0F0BDCF
:10701000B85D0408F0B50D4D06460F460FCD87B09C
:1070200001AC0FC42B6823600423049396F9A230AB
:10703000D6F8800001975B0143F0070303930368D0
:1070400001A99B69984707B0F0BD00BFB85D04086F
:1070500008B50446012600254FF4FA70DEF7D4FA8D
:10706000D4F8C430022B33D0052B42D0012B09D1E8
:10707000D4F8A430012B05D10321C4F8C410204654
:10708000FFF7C8FFD4F8A430032B46D0D4F8A430BF
:10709000042B42D0D4F8A430072B3ED0D4F8A4302F
:1070A0000D2B3AD0D4F8A430062B36D0D4F8A43027
:1070B000082B39D1D4F8C430052B35D0D4F8C430DE
:1070C000042B31D004232DE0012384F8C830C3E71A
:1070D000D4F8A430012B07D108212046FFF79AFFEE
:1070E0000523C4F8C430CDE7D4F8A430082BC9D1A7
:1070F000F6E70423C4F8C430D4F8A430082BC1D177
:1071000094F8A11019B9236820469B6C9847012276
:1071100011462046FFF75AFFB4E7D4F8C430022BDB
:1071200002D00223C4F8C430D7F7F6FED4F8943066
:10713000C01AB0F57A7F03D917212046FFF702FE67
:10714000D7F7EAFED4F89830C01AB0F5FA6FBBD979
:10715000C4F8A4500023C4F8C45084F8BC60B4E759
:10716000A0F14800FFF774BF10B50023044680F873
:10717000BD309FED070AFFF723FED4F8A430082B9B
:1071800005D120460121BDE81040FFF743BF10BDE7
:1071900000000000D0F8A4300122934280F8BD2006
:1071A00002D10821FFF736BF7047000070B50C4DC3
:1071B00006460FCD86B001AC0FC42B6823600123B7
:1071C000049396F9A230D6F880005B0143F01003D7
:1071D0000393036801A99B69984706B070BD00BF7F
:1071E000B85D040813B5044901AA0446E5F7B2FCEA
:1071F000204602B010BD00BF11860408A1F128018D
:10720000F0E700BF2DE9F043544B0360002504462E
:1072100089B0856018200E460DF08CFF8146504BDA
:107220004FF00108C0E9018849F80C3B0746484681
:10723000EDF770F8C4E9029704F11000F0F7BCFA1A
:1072400004F11800EDF766F804F12400E7F764FF95
:1072500033464449852204F12800E9F787FC04F10C
:107260004807414901AA02A8E5F774FC19234FF425
:10727000807202A93846F4F7E5FC02A8E3F76BFF39
:107280003A4A226002F16803236102F18003A3619C
:1072900002F1B403636202F1D803A362344BC4F871
:1072A000A4501B68C4F8803071B20023414502F538
:1072B0009872C4F88430C4F88830C4F88C30C4F8AC
:1072C00090304FF07E53C4F8A850A264C4F8AC507C
:1072D00084F8A310C4F8B050C4F8B830C4F8B4505F
:1072E00084F8A25084F8BC8008BF84F8A21020461D
:1072F000C4E92555C4F89C50A4F8A05084F8BD50AA
:10730000C4F8C050C4F8C45084F8C850FFF7F0FA6D
:107310002046FFF787FCD4F8800003689B6B9847F2
:10732000022805D8D4F88000036803211B6B984716
:10733000D4F8800003680021DB6B98472046FFF7F4
:1073400093FCD4F8800003685B6C98473846F4F7E8
:1073500029FC204609B0BDE8F08300BF289D040841
:107360000C9104082E8604083386040838BE0408ED
:1073700090A304082DE9F047D0E901439C4205465B
:10738000894614D00A68002304F10801C4E90623E1
:107390002372C4E9001300220023C4E90823022356
:1073A00084F82830436830334360BDE8F0871D4AD5
:1073B0000121E2F789FF2F688046FFF7CBFBA4EBA2
:1073C000070A00EB0A030646D9F8001003F108008B
:1073D000002246F80A00C3E906125A601A72002019
:1073E00000210222C3E9080183F828202146324601
:1073F0003846FFF7CDFB214600F130022046FFF76B
:10740000C7FBA968084BC91B0911044659433846F4
:10741000FFF799FB3023C5E9006403FB0866AE6003
:10742000C3E700BF026A0408ABAAAAAA2DE9F04785
:10743000D0E901439C420546894615D00B6804F10A
:107440000802D917226000222272C4E90631626064
:1074500000230022C4E90823022384F8283043686B
:1074600030334360BDE8F0871D4A0121E2F72CFF6D
:107470002F688046FFF76EFBA4EB070A00EB0A03B8
:107480000646D9F8002003F1080146F80A10D01783
:107490000021C3E906205960197200200021022250
:1074A000C3E9080183F82820214632463846FFF711
:1074B0006FFB214600F130022046FFF769FBA96807
:1074C000084BC91B0911044659433846FFF73BFBDB
:1074D0003023C5E9006403FB0866AE60C2E700BF65
:1074E000026A0408ABAAAAAA2DE9F74F14460A6853
:1074F00005460B46082A00F2F681DFE812F0780014
:10750000EE006C00E7005F0109005101D601E201C5
:107510001F6A012F40F0E98190ED247ADFEDB57A02
:10752000666867EE277A17EE900A0EF001FAA368F4
:107530009E428246894615D006F10803C6E9060137
:10754000336000237360337200230022C6E90823EE
:10755000022386F82830636830336360012003B06B
:10756000BDE8F08F3946A44A2046E2F7ADFE276811
:107570008046FFF7EFFAA6EB070B00EB0B0303F1D6
:10758000080240F80B20002205465A601A720020BB
:1075900000210222C3E9080183F82820C3E906A9D3
:1075A0002A4631463846FFF7F3FA314600F13002F9
:1075B0003046FFF7EDFAA168904BC91B091106464A
:1075C00059433846FFF7BFFA3023C4E9005603FB9E
:1075D0000855A560C2E71B6A012B40F08681D0F8F0
:1075E000A830019301A92046FFF7C4FEB6E71A6A46
:1075F000022A01D0202A0DD11B6985F8A230D5F8C6
:10760000800095F8C01003689B6A98472846FFF7EA
:1076100009FBA3E7012A01D0102AF0D1D4E90163C4
:107620009E4215D095F9A23006F10802D9173260B2
:1076300000223272C6E90631726000230022C6E9D8
:107640000823022386F82830636830336360D6E766
:10765000694A01212046E2F737FED4F800808146CE
:10766000FFF778FAA6EB080A00EB0A03074695F93C
:10767000A22003F1080147F80A10D0170021C3E93E
:10768000062059601972002000210222C3E9080176
:1076900083F8282031463A464046FFF779FA3146CA
:1076A00000F130023046FFF773FAA168534BA1EBAB
:1076B00008010911064659434046FFF744FA3023B2
:1076C000C4E9007603FB0977A76098E71B6A012BE2
:1076D00040F00B81D0F8A43083E71E6A012E52D10E
:1076E000D0F8800003689B6B9847D4E901539D4212
:1076F00081460FD005F108032B600023C5E906037E
:107700006B602B7200220023C5E90823022385F851
:10771000283020E73146384A2046E2F7D5FD276871
:107720008046FFF717FAA5EB070A00EB0A0303F1FF
:10773000080240F80A200022C3E9069206465A6071
:107740001A72002000210222C3E9080183F82820D0
:10775000294632463846FFF71BFA294600F1300227
:107760002846FFF715FAA168244BC91B09110546E5
:1077700059433846FFF7E7F93023C4E9006503FBB6
:107780000866A660EAE6022E40F0AF80D0F88000DE
:10779000197C036803291B6B38BF03219847DDE67A
:1077A000186A022840F0A180D3E90421531E0B433C
:1077B0007FF4D5AE2846FFF7F9FCCFE6196A012918
:1077C00059D1D0ED2E7A9FED0E7A6668A36867EEE8
:1077D000877A9E42FDEEE77A17EE907A4FEAE77AD3
:1077E00010D006F1080333600023C6E9067A7360FF
:1077F0003372A9E600007A44026A0408ABAAAAAA76
:107800000000C8423A4A2046E2F75EFDD4F8008004
:107810008146FFF79FF9A6EB080B00EB0B0303F182
:10782000080240F80B20002205465A601A72002018
:1078300000210222C3E9080183F82820C3E9067A5F
:107840002A4631464046FFF7A3F9314600F130029F
:107850003046FFF79DF9A168264BA1EB08010911FD
:10786000064659434046FFF76EF93023C4E90056F7
:1078700003FB0955ADE6022937D1D3E90423002BD8
:10788000BCBF00221346B2F5805F73F10003A8BFAE
:1078900040F6FF7207EE902ADFED176AF8EEE77AFE
:1078A00087EEA67A80ED2E7A58E61B6A012B7FF4CC
:1078B00055AE90F8C830019301A92046FFF7B6FDF8
:1078C0004CE61A6A012A02D190F8A130F3E7022AA5
:1078D0007FF444AED3E904231A4314BF01230023E9
:1078E00080F8A1303AE6002039E6022037E600BFF2
:1078F000026A0408ABAAAAAA0000C842A0F12800A4
:10790000FFF7F2BD04207047042070470420704741
:10791000034A034692E8030083E8030018467047D1
:10792000BC010010A1F12C01FFF7F2BFA1F10C0185
:10793000FFF7EEBF408F704710B5064B036004465B
:1079400001464068EFF72DFA2046EFF715F820467C
:1079500010BD00BF6CC2040810B50446FFF7ECFF71
:1079600020460C210DF0CCFB204610BD0F4B03F13F
:10797000480210B5C26003F1A0020360C26203F1C5
:10798000C002D8330446426340F83C3FF4F73EF966
:1079900004F12C00E6F7F8F904F10C00E8F734FEE6
:1079A0002046FFF7C9FF204610BD00BF90C2040863
:1079B000A0F13400FFF7DABFA0F12C00FFF7D6BF2B
:1079C000A0F10C00FFF7D2BFA0F13C00FFF7CEBF43
:1079D00010B50446FFF7CAFF2046A0210DF090FB2A
:1079E000204610BDA0F13C00FFF7F2BFA0F134002B
:1079F000FFF7EEBFA0F12C00FFF7EABFA0F10C00EB
:107A0000FFF7E6BF438F90F87410013B03F03F038C
:107A100043EA81114FF41470F4F784B9A0F13400F3
:107A2000FFF7F0BF10B5002380F89C3004460846ED
:107A3000EFF7A0F9D7F770FAC4F8940010BD000072
:107A400008B5034678B1084A904206D9074A9042E1
:107A500001D90DF07CFE0DF077FE30205843BDE8D3
:107A600008400DF067BB08BDAAAAAA0255555505E6
:107A700043688B4213B504462BD190F89C3043B336
:107A8000D7F74AFA94F8901094F89120C4F894002B
:107A9000C900A1F12003C1F1200022FA00F002FA8E
:107AA00003F303438A40D4E9220119431043C4E994
:107AB0002201206C01A9DEF71BF9019B4BB14FF0AD
:107AC000E0234FF08052C3F8042DBFF34F8FBFF374
:107AD0006F8F02B010BDC08970472DE9F041044698
:107AE0000F4602F108054FF00008BC42A5F108005E
:107AF00001D1BDE8F081264645F8085C56F8083B00
:107B0000B3421ED16268314601322846D4F7E8FC00
:107B1000636845F8043CD4E90623C4E9006884F8A6
:107B20000880C5E90423D4E90823C5E9062394F8AD
:107B3000283085F820302046E3F70DFB303430350F
:107B4000D3E745F8083CA3682B60E1E738B5044665
:107B50000D46EFF741F9054BC4E9003500232846EF
:107B600023722146EFF746F8204638BD6CC2040860
:107B700013B50124CDE9004413460A460146406886
:107B8000EFF750F802B010BD08B5044600254FF0DD
:107B9000FF310120DDF7F8FF94F8901094F875207C
:107BA0004B1C93420BDA213184F8915084F89030C9
:107BB00004F19102C9B22046FFF7DAFFE7E7D4E902
:107BC000222384F89050C4E9202384F89C50DEE7F7
:107BD000A0F13C00FFF7D8BF38B5D0E92023044618
:107BE00090F8740008B1D243DB43C1E90023D4E923
:107BF0001E5018401540C1E90050D7F78DF9D4F850
:107C00009430C01AD4F8983098420CD994F89C302B
:107C10004BB10023606884F89C30EFF7ABF8D7F7DE
:107C20007BF9C4F894006068EFF756F898B994F8B7
:107C30009C3003F0FF0273B9002000210123C4E946
:107C4000220184F8902084F89C3004F191022021D4
:107C50002046FFF78DFF94F83A0038BDA0F12C00C4
:107C6000FFF7BABF00000000012910B5044608461E
:107C700038BF0120402828BF4020431EDB100133BD
:107C80003F29608784F8753015D8D4F705FE9FED3D
:107C90000C0B41EC110B0AF02FF951EC100B0DF00D
:107CA0007BFE013861F10001C4E91E016068BDE896
:107CB0001040EFF75FB84FF0FF300146F4E700BF28
:107CC000000000000000004013B5012204460DF141
:107CD00006014FF41470F4F753F868B1BDF80610BC
:107CE00001F03F0101312046FFF7BEFFBDF806302D
:107CF000C3F3801384F8743002B010BDA0F13400D7
:107D0000FFF7E2BF2DE9F0410446354E35498AB010
:107D100004F10C05FFF71AFF002331462422284600
:107D2000E8F724FF04F12C00E6F71AF804F13C0808
:107D300003AA314604A8E4F70DFF04A91423402246
:107D40004046F3F77FFF04A8E3F705FA264B2360CC
:107D500003F14802E26003F1A002E26203F1C00213
:107D6000D833E36340F201136263A4F87430FF2256
:107D70000023C4E91E23002200230026C4E9202397
:107D8000C4E92223FA23C4F898302846A4F8906066
:107D9000C4F8946084F89C60E8F780FF0327082308
:107DA000638732462846114B11490097E8F70EFFCA
:107DB0002846104B104900970122E8F707FF0F4BA8
:107DC0000F49009702222846E8F700FF2046FFF7F8
:107DD0007BFF4046F3F7E6FE20460AB0BDE8F0819F
:107DE00052860408782E012090C20408857E04087B
:107DF000977E04089E7E04086F6B04085986040869
:107E00003781040813B5044901AA0446E4F7A2FE29
:107E1000204602B010BD00BF66860408A1F10C0127
:107E2000F0E700BF2DE9F84F0E68012E07460B461C
:107E3000144661D0022E00F0BE80002E40F01A8160
:107E4000096A012952D1D2E901539D4212D0438FD0
:107E50002E7205F10802C5E90026C5E906360023A1
:107E60000022C5E90823022385F8283063683033EF
:107E7000636038E0814A2046E2F726FAD4F80090A1
:107E80008246FFF7DDFDA5EB090B00EB0B037A8FB4
:107E900003F1080140F80B108046C3E906260020D4
:107EA00000210222C3E9080183F8282029465E60E8
:107EB0001E7242464846FFF710FE294600F1300286
:107EC0002846FFF70AFE0546B9F1000F05D0A16864
:107ED0004846A1EB09010DF013F93023C4E90085F0
:107EE00003FB0A83A3600120BDE8F88F0229FAD1C1
:107EF000197CFFF7B9FEF6E70A6A022A01D0202AA8
:107F000008D1D3E904231A4314BF0123002387F8BF
:107F10007430E8E7012A02D0102A40F0AD80D4E99D
:107F200001539D420AD097F87420002305F10801FF
:107F3000C5E90013C5E906232B7290E74F4A0121DA
:107F40002046E2F7C1F9D4F800808146FFF778FDBA
:107F5000A5EB080A00EB0A0397F874100646002206
:107F600003F1080046F80A00C3E906125A601A72C3
:107F7000002000210222C3E9080183F828202946B5
:107F800032464046FFF7A9FD294600F13002284657
:107F9000FFF7A3FD0546B8F1000F05D0A1684046E4
:107FA000A1EB08010DF0ACF83023C4E9006503FB38
:107FB0000966A66097E7D1F82080B8F1010F50D18B
:107FC0004068EEF765FDD4E901539D4281460ED02D
:107FD00005F108032B600023C5E906036B602B72D3
:107FE00000220023C5E9082385F828603EE74146C2
:107FF000224A2046E2F768F9D4F800808246FFF76B
:108000001FFDA5EB080B00EB0B0303F1080240F882
:108010000B200746002200200021C3E90801C3E924
:1080200006925A601A72294683F828603A464046FA
:10803000FFF753FD294600F130022846FFF74DFDBA
:108040000546B8F1000F05D0A1684046A1EB080134
:108050000DF056F83023C4E9007503FB0A77A760DA
:1080600041E7B8F1020F7FF43EAF097C4068EEF7BC
:1080700077FD38E7002037E7022035E7026A040879
:10808000A0F10C00FFF7CEBE04207047042070471B
:10809000034A034692E8030083E80300184670474A
:1080A000C4010010A1F11001FFF7F2BF8130704749
:1080B00038B503689B6A0446984743790579827806
:1080C0000178DB0003F0180305F003051D43437836
:1080D000DB0143EA8213C278B4F87200013943EA43
:1080E000022301F03F011943F3F71CFEB4F87400BA
:1080F0002946BDE83840F3F715BEA0F10800FFF7A8
:10810000D7BF18B1302359430CF0FABF70470000B5
:1081100008B5034678B1084A904206D9074A90420A
:1081200001D90DF014FB0DF00FFB30205843BDE8D2
:1081300008400CF0FFBF08BDAAAAAA025555550574
:1081400008B50368002B02DA0C480DF006FB8B42E1
:108150000AD9B3EB410F4FEA410205D2002AB6BF5C
:108160006FF00043026003600068013001D50DF03C
:10817000EBFABDE808400CF0DDBF00BF1C6A040844
:1081800070B590F877200B46082A00F18705044661
:1081900028BF082218462946D4F7A2F9034694F8C6
:1081A00080001A68B0B9596894F8830018B1D243B6
:1081B000C943C3E90021A06F1040E26F18600A4074
:1081C000606B5A60EFF73EFD10B994F8763063B9F2
:1081D000A07B70BD94F88260596886B9A06F024098
:1081E000E06F0140C3E90021DEE7606B94F877207F
:1081F00004F130032946EFF763FCA07B70BDC0F1AA
:10820000200C01FA0CFCC24042EA0C02A0F1200C46
:1082100021FA0CFC42EA0C02C140E3E700F108033A
:1082200073B5044603600D4611B90E480DF092FA7D
:108230000846D3F725FF0F280646019006D90021EE
:1082400001A8FFF77DFF019B2060A360324629460D
:108250002068E4F773FC019B226863600021D1541D
:1082600002B070BD936E040810B503490446FFF7D1
:10827000D5FF204610BD00BFA9860408A1F110015A
:10828000F2E700BF2DE9F041531A1746114A934215
:1082900080460D464FEAA30402D90F480DF05DFA5F
:1082A000182666431CB130460CF044FF04462644B1
:1082B000C8F80040C8F80860AF4203D1C8F80440CD
:1082C000BDE8F081204655F8041BFFF7A7FF1834DE
:1082D000F2E700BF54555515366904080148EFF719
:1082E000B4BC00BF702F012010B50446406BEFF7FF
:1082F0005EFC606B04F14401EFF7A6FB606BBDE828
:108300001040EFF779BC00000B4B10B503F13402BD
:108310000360826003F14C02A4330446026140F81A
:10832000303FEFF71DFE04F11000E8F76DF920462D
:10833000E5F72AFD204610BDD4C3040810B5074B4D
:10834000036003F13402826003F14C02A43304465B
:1083500002610363FFF7D8FF204610BDACC40408D8
:10836000A0F10800EAE7A0F11000E7E7A0F1300073
:10837000E4E700BF10B50446FFF7E0FF2046902178
:108380000CF0BEFE204610BDA0F10800F2E7A0F1FF
:108390001000EFE7A0F13000ECE7000073B500F14A
:1083A000100420460B26E8F779FC03252046154BE0
:1083B000154900960022E8F709FC2046134B1449A2
:1083C00000950122E8F702FC2046124B1249009565
:1083D0000222E8F7FBFB2A462046104B1049009585
:1083E000E8F7F4FB20460F4B0F4900950422E8F70D
:1083F000EDFB0E4B0E49009605222046E8F7E6FB02
:1084000002B070BDB6860408BA860408BF860408A8
:10841000D1860408D8860408DF860408E6860408A6
:10842000977E0408F88604088D840408CD84040827
:10843000038704080000000073B56B4683E806005C
:1084400090F870209DF800509B88954228BF1546F3
:1084500004468DF800500098C4F8810004F13806F5
:1084600096E80600606BA4F88530EFF74DFD9DF8A7
:108470000410606B013989B2EFF7DCFA18B10368B8
:10848000A3638388B38096E80600606BEFF78AFCED
:1084900094F88430B3BB012284F8402084F8822011
:1084A000802222666365236594F88620244B53F866
:1084B0002230E3652046FFF717FF402D2ED02846D7
:1084C000D4F7EAF99FED1C0B41EC110B09F014FDF8
:1084D00051EC100B0DF060FA013861F1000105F06C
:1084E0000703C3F1080384F880309DF80330C4E922
:1084F0001E01BBB9AB1CDB10013384F87730E5817A
:1085000002B070BD012BCFD1002284F8402084F846
:1085100082208022636522660223C4E74FF0FF3089
:108520000146DCE76B1E48BFAB1DDB100133DBB23D
:10853000E3E700BFAFF30080000000000000004050
:108540007CC5040810B490F8852090F8864080F827
:10855000841042EA0422D0F881105DF8044BFFF742
:108560006BBFF7B56E4605460122B0F87200314682
:10857000F3F706FC044608B1BDF80040B5F87400F6
:1085800001223146A7B2F3F7FBFB08B3BDF8003078
:10859000C7F380128DF8022004F03F04C7F3C01225
:1085A0008DF80120013403F003023F0AC3F3C10335
:1085B0008DF800408DF803708DF804208DF805309B
:1085C00096E80600284603B0BDE8F040FFF734BF48
:1085D0000123DDE7A0F10800FFF7C3BF2DE9F0415B
:1085E0000446DFF8A08004F110070E461546E5F7B3
:1085F000B7FB2249002322223846E8F7B7FA404663
:10860000EFF714FA036841460CCB04F13000EFF7A2
:10861000EDFB1B4B236003F13402A26003F14C021B
:10862000A4332363402384F870304FF480632261C5
:10863000A4F87630FF220023C4E91E234FF4006221
:108640004FF48033C4E920230023A4F8883084F851
:108650008A302046A4F87260A4F87450FFF781FFB6
:108660002046FFF79BFE38460121E7F7D3FA0123A6
:1086700084F876302046BDE8F08100BF0C870408FE
:10868000D4C30408702F0120032928BF0321044A02
:1086900080F8861052F82120C265FFF725BE00BF82
:1086A0007CC5040870B504460E461546B44201D197
:1086B000284670BD21462846E5F7BAFFD4E90623CF
:1086C000C5E90623D4E90823C5E9082394F828302E
:1086D00085F828302046E2F73EFD30343035E5E7B6
:1086E0002DE9F047D0E901439C420546894615D063
:1086F0000B6804F10802D917226000222272C4E933
:108700000631626000230022C4E90823022384F8B2
:108710002830436830334360BDE8F0871D4A0121AB
:10872000E1F7D2FD2F688046FFF7F2FCA4EB070AC1
:1087300000EB0A030646D9F8002003F1080146F8C9
:108740000A10D0170021C3E90620596019720020D1
:1087500000210222C3E9080183F82820214632467D
:108760003846FFF79FFF214600F130022046FFF711
:1087700099FFA968084BC91B09110446594338469B
:10878000FFF7BFFC3023C5E9006403FB0866AE6059
:10879000C2E700BF026A0408ABAAAAAA2DE9F04703
:1087A000D0E901439C420546894614D00A7800234B
:1087B00004F10801C4E906232372C4E9001300226E
:1087C0000023C4E90823022384F8283043683033A7
:1087D0004360BDE8F0871D4A0121E1F775FD2F6870
:1087E0008046FFF795FCA4EB070A00EB0A03064658
:1087F00099F8001003F10800002246F80A00C3E9C6
:1088000006125A601A72002000210222C3E90801F0
:1088100083F82820214632463846FFF743FF214699
:1088200000F130022046FFF73DFFA968084BC91B45
:108830000911044659433846FFF763FC3023C5E964
:10884000006403FB0866AE60C3E700BF026A040869
:10885000ABAAAAAA2DE9F047D0E901639E420446DB
:10886000894607D03046E6F74DF8636830336360D9
:10887000BDE8F087144A0121E1F726FD276880460C
:10888000FFF746FCA6EB070A054649465044E6F7C3
:1088900039F82A4631463846FFF704FF314600F1E1
:1088A00030023046FFF7FEFEA168084BC91B0911D4
:1088B000064659433846FFF724FC3023C4E90056E6
:1088C00003FB0855A560D3E7026A0408ABAAAAAA6D
:1088D0002DE9F04F00F108030026DFF8B89103609E
:1088E000CBB00546174646600672D7E900239B1AAF
:1088F000DB10F4B209FB03F3A34203D828464BB0C4
:10890000BDE8F08F18236343D11852F803B0D1F8B3
:10891000048007AB059308F1010A002305A806931C
:108920008DF81C30CDF85CA0E5F7BBFE8245014612
:108930000FD917A8FFF704FC069A05990390013296
:10894000E4F7FCF805A8E2F706FC039B0593179BE8
:1089500007934246594605A8E6F7C4FD4849012257
:1089600005A8E6F7BFFD0DA8092C0B902AD82D23EA
:108970008DF834304FF0010808F594736B440022F1
:10898000CDF8308003F8F42CDDF82CB03D49C92235
:1089900017A8D3F7A5FD632CD8441ED96423B4FBD4
:1089A000F3F203FB124314464AAA02EB430313F803
:1089B000CB2C08F8012C13F8CC3C08F8023C3034DE
:1089C000E4B215E0632C8CBF4FF003084FF00208AF
:1089D00042462D2102F00AFECEE7092CEFD94AAB20
:1089E00003EB440414F8CB3C8BF8013014F8CC4C66
:1089F0008BF8004005A8E5F754FEDDF818800C9CC4
:108A000008EB040B834519D90BA8E5F74AFE83450B
:108A100014D80022059BCDF8008011460BA8E5F77D
:108A2000F3FF014611A8E5F703FE129A164BD34255
:108A300006F1010608D115480CF08FFE0B9922466D
:108A400005A8E6F74FFDECE70122114911A8E5F76B
:108A5000B7FF014617A8E5F7EBFDDDE91712284639
:108A6000E6F740FD17A8E2F776FB11A8E2F773FBE3
:108A70000BA8E2F770FB05A8E2F76DFB35E700BF36
:108A8000C2740408346A040801000080FE6E040801
:108A90009A700408ABAAAAAA2DE9F0470B6886B021
:108AA00004460E461546052B00F2E380DFE813F07E
:108AB000A0008B0071000600D100C1000F6A022FD8
:108AC0000DD103689B6A9847336903700379427933
:108AD000016843EA02222046FFF7AEFC1CE0012FAA
:108AE00040F0C98003685B699847D5E901439C421F
:108AF000814615D004F10803236000232372C4E9E2
:108B00000603636000220023C4E90823022384F8DB
:108B100028306B6830336B60012006B0BDE8F08709
:108B20003946564A2846E1F7CFFB2F688046FFF7C3
:108B3000EFFAA4EB070A00EB0A0303F1080240F87E
:108B40000A200022C3E9069206465A601A720020E3
:108B500000210222C3E9080183F828202146324679
:108B60003846FFF79FFD214600F130022046FFF70F
:108B700099FDA968424BC91B09110446594338465F
:108B8000FFF7BFFA3023C5E9006403FB0866AE6057
:108B9000C2E70B6A022B0AD103689B6A9847D6E9A1
:108BA0000432134314BF0123002383708EE7012B8B
:108BB00061D103689B6A9847837800936946284689
:108BC000FFF78EFDA8E70B6A022B0AD103689B6AA8
:108BD0009847D6E90432134314BF0123002343709E
:108BE00074E7012B47D103689B6A98474378E4E711
:108BF0000B6A022B03D1097CFFF7A4FC8CE7012B45
:108C000008D190F884308DF8003069462846FFF787
:108C1000C5FD81E7082B2ED11A4A21466846FFF789
:108C200057FE28466946FFF715FE6846E2F793FAB5
:108C300072E70B6A022B03D1097CFFF725FD6BE776
:108C4000012B02D190F88630DDE7082B13D10E4AB4
:108C5000E3E700F1850229463046EAF7C5FE012820
:108C60007FF45AAF94F8853094F88620D4F88110B8
:108C70002FE7002051E702204FE700BF026A0408F7
:108C8000ABAAAAAA9C30012090300120A0F11000CC
:108C9000FFF702BF70B5D0E900560446AE4207D1D7
:108CA000206818B1A168091A0CF02AFA204670BD94
:108CB0002846E2F750FA1835F0E700007FB50F4D6F
:108CC00095E8030001AC84E803000D48002603AAE0
:108CD00021460835C0E900668660FFF7D3FA95E8BB
:108CE000070084E80700074804AA2146C0E9006697
:108CF0008660FFF7C7FA04B070BD00BFCC5D040802
:108D00009C3001209030012008B50348FFF7C2FFD6
:108D10000248FFF7BFFF08BD903001209C300120C2
:108D20000420704704207047034A034692E803007A
:108D300083E8030018467047CC010010A1F1100130
:108D4000FFF7F2BF90F89030032B9ABF014AD05C36
:108D50000020704788C5040810B5034B0360044623
:108D6000EFF7FEF8204610BDFCC5040810B5044618
:108D7000FFF7F2FF204644210CF0C2F9204610BD57
:108D800010B5044690F8901040F20220F2F7CAFFA6
:108D9000B4F8911049BA89B24FF41170F2F7C2FFDA
:108DA000B4F8931049BA89B240F24520F2F7BAFFFD
:108DB000B4F896104FF41070F2F7B4FFB4F89810AE
:108DC00040F24120F2F7AEFFB4F89A1040F2422090
:108DD000F2F7A8FFB4F89C1040F24320BDE8104021
:108DE000F2F7A0BFA0F10800FFF7CABF18B1302307
:108DF00059430CF085B9704708B5034678B1084A65
:108E0000904206D9074A904201D90CF0A0FC0CF020
:108E10009BFC30205843BDE808400CF08BB908BDDE
:108E2000AAAAAA025555550508B50368002B02DA0F
:108E30000C480CF092FC8B420AD9B3EB410F4FEA7D
:108E4000410205D2002AB6BF6FF000430260036002
:108E50000068013001D50CF077FCBDE808400CF04B
:108E600069B900BF1C6A040837B500F11004204638
:108E7000E7F714FF0B23032500932046264B2749D1
:108E80000022E7F7A3FE00952046254B2549012245
:108E9000E7F79CFE00952046234B24490222E7F782
:108EA00095FE00952A462046214B2249E7F78EFE83
:108EB00000952046204B21490422E7F787FE0095C4
:108EC00020461F4B1F490522E7F780FE00952046EC
:108ED0001D4B1E490622E7F779FE009520461C4BE4
:108EE0001C490722E7F772FE0095204601251A4B20
:108EF0001A490822E7F76AFE2046194B19490095DE
:108F00000922E7F763FE184B184900950A2220460C
:108F1000E7F75CFE03B030BD5F870408BA8604083B
:108F20006C870408868704088A870408A4870408D5
:108F3000A8870408C4870408C9870408E5870408CB
:108F4000EA870408FB8704080288040817880408D5
:108F50001D88040831880408378804084B880408F1
:108F6000518804082F8004085F8804086788040873
:108F700013B5044600230DF107010D488DF80730A5
:108F8000F3F7ECFA94F8913094F8A4206FF0404194
:108F90000B4450F823309340A4F89E3094F892305C
:108FA0000B4450F823309340A4F8A03002B010BD19
:108FB000C40C0120002380F8A33090F8903030B525
:108FC000032B36D8DFE803F012021202B0F89E300D
:108FD000B0F896209A4203D9012380F8A33028E004
:108FE000B0F898209A4224D20223F6E7B0F89E40C7
:108FF000B0F89650B0F8A020B0F89A30B0F89C10B5
:10900000A54206D99142EFD89A4294BF002301238A
:10901000E3E7B0F89850A5420CD29A428CBF0523E2
:1090200000239142D9D9062380F8A33090F8A230CA
:1090300043B930BD9A428CBF032300239142CCD95F
:109040000423CAE70723C8E7D0F8A80030B1B0F876
:1090500040301B090B6000234B600C207047000060
:1090600010B591E80C0004460749EEF7BFFE074B28
:109070002360282100238022C4E90B12C4E90833AD
:10908000A4F84030204610BD702F0120FCC5040814
:1090900010B50446034600F1400102220348EEF7F2
:1090A0000FFDB4F84000C0F3400010BD702F012048
:1090B00010B50446D0F8A80020B1FFF7E9FF84F806
:1090C000A20010BD94F89330013B072BF7D8064A55
:1090D00002EBC30152F833008988D7F7C3FB00388D
:1090E00018BF0120EBE700BF1830012038B5054656
:1090F0000C46FFF73DFF2846FFF7DAFF2846FFF74B
:1091000059FF00230022C4E900232146FFF79CFFFA
:1091100095F8A33053B1D4E90012013B1844012360
:109120008340194342EAE372C4E90012A87B38BDC8
:1091300070B504460E461546B44201D1284670BDAE
:1091400021462846E5F774FAD4E90623C5E9062343
:10915000D4E90823C5E9082394F8283085F8283095
:109160002046E1F7F8FF30343035E5E710B5044626
:10917000006810B103685B689847204610BD000086
:109180000F4B70B503F13002036048330446826030
:109190000361A830FFF7EAFF04F1900504F13006FF
:1091A000B54204D0183D2846E1F7D5FFF8E704F1B1
:1091B0001000E7F729FA2046E4F7E6FD204670BDE7
:1091C00030C60408A0F10800FFF7DABFA0F11000D4
:1091D000FFF7D6BF10B50446FFF7D2FF2046AC21FB
:1091E0000BF08EFF204610BDA0F11000FFF7F2BF7C
:1091F000A0F10800FFF7EEBF13B501220C460DF1F8
:109200000601F2F7BDFD08B1BDF80640204602B0E8
:1092100010BD03460068196010B103685B68184709
:10922000704700002DE9F341D0F8A8708B1E04466A
:109230000D46DBB2AFB1012B09D900F1A806002120
:109240003046FFF7E6FF00213046FFF7E2FF2368D4
:1092500084F890505B6920469847E08102B0BDE8F1
:10926000F081012BF3D80B48EEF7E0FBD0F800803B
:1092700044200BF05FFF41460646FFF7F1FE04F184
:10928000A80031460197FFF7C4FF01A8FFF76EFF62
:10929000DDE700BF702F012013B5B0F8911049BA77
:1092A000044689B24FF41170FFF7A6FFB4F893108B
:1092B00084F89200030A49BA84F8913089B240F2E6
:1092C0004520FFF799FF030A84F894000DF1060189
:1092D00084F89330012240F20220F2F751FD01465A
:1092E00008B19DF806102046FFF79CFFB4F89610D1
:1092F0004FF41070FFF780FFB4F89810A4F89600B0
:1093000040F24120FFF778FFB4F89A10A4F89800D3
:1093100040F24220FFF770FFB4F89C10A4F89A00C6
:1093200040F24320FFF768FFA4F89C0002B010BD94
:10933000A0F10800FFF7B0BF2DE9F047D0E90143E5
:109340009C420546894614D00A78002304F108019E
:10935000C4E906232372C4E9001300220023C4E9F0
:109360000823022384F82830436830334360BDE883
:10937000F0871D4A0121E0F7A7FF2F688046FFF71D
:109380003BFDA4EB070A00EB0A03064699F8001020
:1093900003F10800002246F80A00C3E906125A60E9
:1093A0001A72002000210222C3E9080183F8282054
:1093B000214632463846FFF7BBFE214600F1300217
:1093C0002046FFF7B5FEA968084BC91B09110446E2
:1093D00059433846FFF70AFD3023C5E9006403FB13
:1093E0000866AE60C3E700BF026A0408ABAAAAAA77
:1093F00000F1080373B5044603600D4611B90E4829
:109400000CF0A8F90846D2F73BFE0F28064601905B
:1094100006D9002101A8FFF707FD019B2060A3608A
:10942000324629462068E3F789FB019B2268636086
:109430000021D15402B070BD936E040810B50446EB
:10944000E4F78EFC27490023232204F11000E7F7FC
:109450008DFB254B236003F130024833A26023616A
:1094600004F130002149FFF7C3FF04F1480020490F
:10947000FFF7BEFF04F160001E49FFF7B9FF1E4968
:1094800004F17800FFF7B4FF062384F8913040F22E
:109490000513A4F89230012384F894304FF4C843A4
:1094A000A4F8963003F1484303F5615343F2205288
:1094B000C4F898300023C4E9272384F8A430C4F802
:1094C000A8300E48E0F7BEFCC0F1100020EAE070C2
:1094D00084F8A4002046FFF7DFFE2046FFF7C4FC17
:1094E000204610BD6C88040830C60408748804083F
:1094F0007A880408898804088F880408C40C01202D
:1095000010B503490446FFF773FF204610BD00BFA6
:109510009E880408A1F11001F2E700BF2DE9F04F89
:1095200000F108030025DFF840914C4FDFF83C8143
:109530000360BFB00446456005720E46336BD6F833
:1095400034A0009304AB02930AF1010B002302A89C
:1095500003938DF81030CDF8E0B0E5F7A2F883451D
:1095600001460FD938A8FFF75FFC039A02990190D2
:109570000132E3F7E3FA02A8E1F7EDFD019B029364
:10958000389B04930099524602A8E5F7ABFF0122ED
:10959000334902A8E5F7A6FF294608A8E1F722FE0D
:1095A00008AA02A90EA8EAF759FB41460EA8E6F759
:1095B00093FD014614A8E5F73BF819F8011B1AA81A
:1095C000E1F710FE1AAA14A920A8EAF747FB4146C2
:1095D00020A8E6F781FD014626A8E5F729F817F847
:1095E000011B2CA8E1F7FEFD2CAA26A932A8EAF758
:1095F00035FB1C4932A8E6F76FFD014638A8E5F7B0
:1096000017F8DDE938122046E5F76CFF38A8E1F7D6
:10961000A2FD32A8E1F79FFD2CA8E1F79CFD26A84A
:10962000E1F799FD20A8E1F796FD1AA8E1F793FD6F
:1096300014A8E1F790FD0EA8E1F78DFD08A8E1F769
:109640008AFD013502A8E1F786FD042D06F1180612
:109650007FF474AF20463FB0BDE8F08FC8C6040861
:10966000C27404089A700408CCC604083175040852
:109670002DE9F04F0B68054687B0084614460A2BC3
:1096800000F22781DFE813F00B00AB00B100B4005B
:10969000B700BA00C000C300C600C9001C01096AB7
:1096A000022907D1017C2846FFF7BCFD012007B045
:1096B000BDE8F08F012952D16668A36895F890A0A3
:1096C0009E424FF0000711D006F10803C6E906A735
:1096D000C6E9003700220023C6E9082337720223B7
:1096E00086F82830636830336360DFE77B4A2046C2
:1096F000E0F7EAFDD4F800808146FFF77DFBA6EB9A
:10970000080B00EB0B0303F1080240F80B200546A1
:10971000002100200222C3E9080183F82820C3E9C0
:1097200006A75F601F722A4631464046FFF700FDDC
:10973000314600F130023046FFF7FAFCA168684B71
:10974000A1EB08010911064659434046FFF74EFBBD
:109750003023C4E9005603FB0955A560A6E7082994
:10976000A4D129466846FFF7D9FED4E901639E4299
:109770000AD069463046E5F7C5F863683033636060
:109780006846E1F7E8FC91E7544A01212046E0F7FA
:109790009BFD27688046FFF72FFBA6EB07090546D0
:1097A00069464844E5F7AEF82A4631463846FFF7A1
:1097B000BFFC314600F130023046FFF7B9FCA1682A
:1097C000474BC91B0911064659433846FFF70EFBA4
:1097D0003023C4E9005603FB0855A560D0E705F126
:1097E00096022146EFF77CFB61E705F19802F8E766
:1097F00005F19A02F5E705F19C02F2E705F1930203
:109800002146EAF7F1F852E705F19402F8E705F18D
:109810009102F5E705F19202F2E7096A01295AD1AE
:10982000D4E901639E420FD0B5F89E10B5F8A02090
:10983000002306F10800C6E90003C6E90613C6E9DD
:109840000823337206234BE7244A2046E0F73CFD09
:10985000D4F800808146FFF7CFFAA6EB080A00EBA8
:109860000A030746B5F8A010B5F89E00002203F1E0
:10987000080547F80A50C3E90602C3E908125A600E
:109880001A72062283F8282031463A464046FFF7EE
:109890004FFC314600F130023046FFF749FCA16829
:1098A0000F4BA1EB08010911054659434046FFF74C
:1098B0009DFA3023C4E9007503FB0977A760F5E63C
:1098C0000B6A012B07D105F1A3012046FFF734FDF8
:1098D000ECE60020EBE60220E9E600BF026A04089D
:1098E000ABAAAAAAA0F11000FFF7C2BE034A034622
:1098F00092E8030083E8030018467047DC0100107B
:10990000A1F12801FFF7F2BFA1F11801FFF7EEBFA7
:10991000034A034692E8030083E8030018467047B1
:10992000D4010010A1F12801FFF7F2BFA1F1180145
:10993000FFF7EEBF012380F88D30704790F8980054
:109940007047D0F88800031F58425841704710B53F
:1099500003682DED028B04461B6C9847236808EEC4
:10996000100ADB6B20469847B8EE488A28EE008A3A
:10997000FDEEC87ABDEC028B17EE900A10BDA0F187
:109980001800FFF7E4BF4FF6FF70704790F898207B
:109990000AB9EDF755BC1830704700000000000010
:1099A00010B52DED028B82B004460023B0F8800084
:1099B000ADF8063001220DF10601F2F7E1F918B118
:1099C000BDF80630A4F8C430B4F8820001220DF1CD
:1099D0000601F2F7D5F928B1BDF80630C3F3C0038C
:1099E00084F89830B4F8840001220DF10601F2F7F2
:1099F000C7F9E8B1BDF90600D2F75EFF1AA3D3E9B3
:109A00000023D3F7EDF8D3F7B9FA08EE100AFDEE0C
:109A1000C87AF8EEE77A38EE678AF6EE007AB0EEAA
:109A2000C87AB4EEE77AF1EE10FA05DC84ED2A8A02
:109A300002B0BDEC028B10BD18EE100AD2F74EFF3B
:109A4000B5EEC08AF1EE10FACCBF054B054B0022F3
:109A5000D2F7E6FDD3F792FAC4F8A800E8E700BF12
:109A60000000F0BF0000F03F000000000088C3408D
:109A7000A0F11000FFF794BF90F8983010B533B9FB
:109A8000EDF7DEFB0368BDE810401B6918470320B3
:109A900010BDA0F11800FFF7EFBF18B130235943F4
:109AA0000BF02EBB7047000008B5034678B1084A9A
:109AB000904206D9074A904201D90BF048FE0BF0BC
:109AC00043FE30205843BDE808400BF033BB08BDCF
:109AD000AAAAAA02555555054FF6FF707047000017
:109AE000024B187880F00100704700BFA9300120B8
:109AF000024B187880F00100704700BFA8300120A9
:109B0000034639B90C4A10689288C3F88000A3F85C
:109B100084207047012906D1074AD2F80600C3F80D
:109B200080005289F3E70229F3D1034AD068C3F8D1
:109B30008000128AEBE700BFE05D040810B52DED50
:109B4000028B90ED2A8AFDEEC87A0446F8EEE77A99
:109B500038EE678AF6EE007AB0EEC87AB4EEE77AAD
:109B6000F1EE10FA11DD18EE100AD2F7B7FEB5EEDD
:109B7000C08AF1EE10FACCBF0C4B0D4B0022D2F78D
:109B80004FFDD3F7FBF908EE100ADFED0A7AB4F8BF
:109B9000840028EE278ABDEEC88A18EE103ABDEC84
:109BA000028B99B2BDE81040F2F7BCB80000F0BFDC
:109BB0000000F03F00401C4610B50446B0F8C41049
:109BC000B0F88000F2F7AEF894F89810B4F882007C
:109BD000C900F2F7A7F82046BDE81040FFF7AEBF76
:109BE000A0F11000FFF7E8BF10B503682DED028B60
:109BF0001B6C90ED278A044608EE901A984707EEF2
:109C0000900AF8EEE88AF8EE677A204688EEA77A9E
:109C100078EE477ABDEC028BC4ED2A7ABDE810409D
:109C2000FFF78CBFA0F11800FFF7DEBF73B500F19E
:109C3000280403262046E7F731F820462A4B2B4913
:109C400000960022E6F7C2FF2046294B29490096DC
:109C500001220125E6F7BAFF2046274B2749009647
:109C60000222E6F7B3FF32462046254B25490095F0
:109C7000E6F7ACFF2046244B244900950422E6F782
:109C8000A5FF2046224B234900950522E6F79EFFBB
:109C90002046214B214900950622E6F797FF2046F2
:109CA0001F4B204900950722E6F790FF20461E4BE8
:109CB0001E4900950822E6F789FF20461C4B1D49E6
:109CC00000950922E6F782FF20461B4B1B490096B0
:109CD0000A22E6F77BFF1A4B1A4900960B22204610
:109CE000E6F774FF02B070BDD3880408EE8804085C
:109CF000F888040807890408118904083D850408C8
:109D00002589040836890408418904084C89040817
:109D100056890408CC8304086F89040883890408E1
:109D20008B8904080D86040899890408A68904080B
:109D3000AD890408C5890408D2890408E6890408A5
:109D4000F189040801860408D0ED297A9FED237A71
:109D5000D0B570EE677A2DED028BF0EEE76AF4EE87
:109D6000C76AF1EE10FA0446B0EE408A13DDF5EE54
:109D7000C07AF1EE10FACCBF194F1A4FD0F8A000FC
:109D80000026D2F7ABFD32463B46D2F749FCD3F76B
:109D9000F5F8C4F8A00018EE100AD2F79FFD124B98
:109DA0000022D2F71DFF0646D4F8A0000F46D2F7D6
:109DB00095FD0B46024639463046D2F731FCD3F7C3
:109DC000DDF884ED298ABDEC028BD4F8AC30C4F800
:109DD0009C000133C4F8AC30D0BD00BF0000344358
:109DE0000000F0BF0000F03F008076402DE9F04118
:109DF000104D944606461F4688460FCD86B001ACEE
:109E00000FC42B68236061463A4601A8D2F768FB6D
:109E10000123ADF8143096F8C530D6F8BC0004978D
:109E200043EA08230393036801A99B69984706B096
:109E3000BDE8F081F45D040807B590F8C4308DF8F2
:109E4000043000238DF805308DF8063001AA032375
:109E50000821FFF7CBFF03B05DF804FB00231A468F
:109E60003821FFF7C3BFD0F88830042B10B5044663
:109E700001D1FFF7F3FF94ED270AD4ED2A7A30EEF3
:109E8000670A10BDA0F11800FFF7EDBF186810B504
:109E9000441C1C6014160C541868441C1C601414D8
:109EA0000C541868441C1C6014120C541868441C90
:109EB0001C600A5410BD20EE200A1346FDEEC07A45
:109EC00017EE902AFFF7E2BF10B52DED028B036865
:109ED00082B01B6A0446B0EE408A984798B194F865
:109EE0008D3083B10023694601AA2046DFED080AC0
:109EF0000193B0EE480AFFF7DEFF0A4604230A2169
:109F00002046FFF773FF02B0BDEC028B10BD00BF0F
:109F10000050C34707EE901A9FED047AF8EEE77AF7
:109F200087EE870A80ED240AFFF7CEBF00FEFF46CA
:109F300010B59FED040A0446FFF7C6FF002384F81E
:109F40008D3010BD000000001C4B03F1640210B501
:109F5000026103F17C02826103F1B00204460360F6
:109F6000426203F1D40203F5967382628364FFF7C1
:109F7000DFFFD4F8BC0003689B6C98470023C4F84B
:109F8000883004F14800F1F741FE04F12800E6F7BB
:109F90003BFB04F12400E5F757F804F11800EAF759
:109FA00063F904F11000EDF79FFBE068044B2360B8
:109FB00008B1E1F791F9204610BD00BF4CC7040875
:109FC000289D04080C4B03F1640210B5026103F1F3
:109FD0007C02826103F1B0020360426203F1D402A9
:109FE00003F596738364054B8262044600221A705F
:109FF000FFF7AAFF204610BDD4C90408A8300120ED
:10A00000A0F12800DEE7A0F12400DBE7A0F11800B2
:10A01000D8E7A0F11000D5E7A0F14800D2E700BFD3
:10A0200010B50446FFF7CEFF20464FF484710BF0C5
:10A0300067F8204610BDA0F14800F1E7A0F1280024
:10A04000EEE7A0F12400EBE7A0F11800E8E7A0F1AB
:10A050001000E5E70C4B03F1640210B5026103F157
:10A060007C02826103F1B0020360426203F1D40218
:10A0700003F596738364054B8262044600221A70CE
:10A08000FFF762FF204610BD90C80408A9300120E8
:10A09000A0F12800DEE7A0F12400DBE7A0F1180022
:10A0A000D8E7A0F11000D5E7A0F14800D2E700BF43
:10A0B00010B50446FFF7CEFF20464FF484710BF035
:10A0C0001FF8204610BDA0F14800F1E7A0F12800DC
:10A0D000EEE7A0F12400EBE7A0F11800E8E7A0F11B
:10A0E0001000E5E7186810B5441C1C60140E0C54F1
:10A0F0001868441C1C60140C0C541868441C1C6028
:10A10000140A0C541868441C1C600A5410BD1FB576
:10A1100090F8C4308DF8083000238DF809303223D0
:10A120008DF80A30032302A901934FF4014201ABD9
:10A130000446FFF7D7FF08230A4620461946FFF7D3
:10A1400055FE04B010BD00002DE9F0472F4F044626
:10A15000002600254FF4FA70DBF756FAD4F8883061
:10A160001BB92046FFF768FEF4E7D4F88830022BCD
:10A1700002D92046FFF7CBFFD4F7CEFED4F8B83093
:10A18000D4F88820042A03D0D4F88820052A05D1E1
:10A19000C01AB0F57A7F88BFC4F8885094ED240ABD
:10A1A000B5EE400AF1EE10FA09D094F88D3033B1D3
:10A1B000D4F88830042B02D12046FFF785FED4F76F
:10A1C000ABFED4F8B030A0EB030ABAF57A7FC1D960
:10A1D000D4F8AC00D2F760FB804650468946D2F7EF
:10A1E0005BFB32463B46D2F7FBFC02460B46404641
:10A1F0004946D2F7F5FCD2F7C1FEC4F8B400C4F862
:10A20000AC50D4F789FEC4F8B000A3E700408F40FB
:10A21000A0F14800FFF798BF10B51468085D21440D
:10A220000434CB7843EA0063487843EA00438878F3
:10A23000146043EA002010BD10B51468085D214485
:10A240000434CB7843EA0063487843EA00438878D3
:10A25000146043EA002010BD10B51368CC5C1944AB
:10A2600002334878136040EA042000B210BD08B5FC
:10A27000FFF7E2FF07EE900AF8EEE77A87EE800A32
:10A2800008BD08B5FFF7E8FF07EE900AF8EEE77A99
:10A2900087EE800A08BD00002DE9F04304468BB02C
:10A2A0002AB10D4615F8017B27B1322F33D00BB000
:10A2B000BDE8F083B1F8019091F801808E7801AA91
:10A2C000033104A8E2F746FCCDE90177059A03972C
:10A2D0002A4401AB03CBD37BC2F80300C2F80710BA
:10A2E000C2F80B704BB999FA99F91FFA89F940F243
:10A2F0000253994508D8012307E0360246EA08468A
:10A300001E431D4B9E42F6DD0323C4F8883004A88B
:10A31000E0F721FFCBE70023294604AA0493FFF7C7
:10A320007BFFC105064607D5B2EE040A2946204642
:10A33000FFF7A7FF84ED250A32040BD5049B5A1CB6
:10A34000EB5C84F88C3094F88C3004928BB105234C
:10A35000C4F88830F303AAD5204604AA29469FED05
:10A36000070AFFF784FF20460BB0BDE8F043FFF774
:10A37000EBBC0423ECE700BF320305000024744962
:10A38000F7B504461546D4F7C7FDC4F8B800EB6826
:10A3900094F8C410D8B20F1A7942C3F30723794155
:10A3A000382B22D194F8C520A2F1FF0672427241E7
:10A3B000382B41EA02011AD194F8C520FF2A16D0A1
:10A3C000101A4242424101B9AAB1122B11D8042BF2
:10A3D00011D9053B0D2B0ED8DFE803F00F1B2640EB
:10A3E0000D0D0D0D0D0D0D0D0D450022E0E70022A8
:10A3F000E9E7382B3BD003B0F0BD2A692B7804F194
:10A40000C600013A691C184403B0BDE8F040D2F719
:10A4100067B82B885BBA9BB23F2BECD82A6904F152
:10A42000C600023AA91CEEE76E8876BAB6B2402E94
:10A43000E1D804F1C607AD881B48002332463946EF
:10A44000E4F792FD6DBAADB2A842D4D1F2B239466A
:10A45000204603B0BDE8F040FFF71EBF2A69023A6C
:10A46000D2B2A91CF4E70223C4F88830C3E7002362
:10A4700001AA294620460193FFF7DEFED2F71CFA17
:10A4800007A3D3E90023D2F7ABFBD2F777FD00EEA9
:10A49000100A204603B0BDE8F040FFF755BC00BFEE
:10A4A00000000000006AF840E00C0010A0F1240059
:10A4B000FFF766BF13B5044901AA0446E2F74AFB59
:10A4C000204602B010BD00BF0B8A0408A1F128018C
:10A4D000F0E700BF2DE9F043684B03604FF0000840
:10A4E00004468BB0C0F8088018200E460AF022FE01
:10A4F0000746634B4FF00109C0E9019947F80C3B4F
:10A5000005463846E9F706FFC4E9027504F1100074
:10A51000EDF752F904F11800E9F7FCFE04F124000C
:10A52000E4F7FAFD04AD33465649872204F12800CA
:10A53000E6F71CFB04F14807534903AA2846E2F753
:10A5400009FB19234FF4007229463846F1F77AFBCC
:10A550002846E0F700FE4D4B236003F164022261C0
:10A5600003F17C02A26103F1B002626203F1D40242
:10A5700003F59673A3644FF47873A4F8803040F227
:10A58000E133A4F8823040F2E233A4F884300023AF
:10A59000C4F88880C4F89C30C4F8AC80C4F8A030FB
:10A5A000C4F8B080C4F8A430C4F8B430C4F8A830FB
:10A5B000374B38491B68A2620A7884F88D80C4E959
:10A5C0002F384FF6407384F89890C4F8B880A4F8F8
:10A5D000C430E2B9DFF8C0C041F2210E10461023AA
:10A5E0000FFA80F84000B8F1000F80B203F1FF339A
:10A5F000B8BF80EA0E0013F0FF03F1D1013292B22E
:10A60000B2F5807F2CF8020BE8D101230B703146A4
:10A610002046FFF775FA2046FFF7C2F90023CDE97F
:10A620000433D4F8BC00069340F20113ADF81C309B
:10A630000668079B009395E80E00756AA847C4F862
:10A64000C000D4F8BC0003689B6B9847022805D86B
:10A65000D4F8BC00036803211B6B9847D4F8BC00F6
:10A6600003685B6C98472046FFF7E0FA3846F1F73D
:10A6700099FA20460BB0BDE8F08300BF289D04087E
:10A680000C9104081E8A0408028904084CC70408B7
:10A6900090A30408AA300120E00C001070B5054614
:10A6A0000E460830286056F8083BB3420C4618D1D5
:10A6B0004A6831460132D1F713FF63686B600023AB
:10A6C00063602372D4E906232660C5E90623D4E932
:10A6D0000823C5E9082394F8283085F8283028464F
:10A6E00070BD2B608B68AB60E7E770B504460E4623
:10A6F0001546B44201D1284670BD21462846FFF7D1
:10A70000CDFF2046E0F727FD30343035F1E700007B
:10A710002DE9F047D0E901439C420546894615D012
:10A720000B6804F10802D917226000222272C4E9E2
:10A730000631626000230022C4E90823022384F862
:10A740002830436830334360BDE8F0871D4A01215B
:10A75000DFF7BAFD2F688046FFF7A6F9A4EB070ADA
:10A7600000EB0A030646D9F8002003F1080146F879
:10A770000A10D0170021C3E9062059601972002081
:10A7800000210222C3E9080183F82820214632462D
:10A790003846FFF7AAFF214600F130022046FFF7B6
:10A7A000A4FFA968084BC91B091104465943384640
:10A7B000FFF773F93023C5E9006403FB0866AE6058
:10A7C000C2E700BF026A0408ABAAAAAA2DE9F047B3
:10A7D000D0E901439C420546894614D00A6800230B
:10A7E00004F10801C4E906232372C4E9001300221E
:10A7F0000023C4E90823022384F828304368303357
:10A800004360BDE8F0871D4A0121DFF75DFD2F6839
:10A810008046FFF749F9A4EB070A00EB0A03064656
:10A82000D9F8001003F10800002246F80A00C3E935
:10A8300006125A601A72002000210222C3E90801A0
:10A8400083F82820214632463846FFF74EFF21463E
:10A8500000F130022046FFF748FFA968084BC91BEA
:10A860000911044659433846FFF717F93023C5E963
:10A87000006403FB0866AE60C3E700BF026A040819
:10A88000ABAAAAAA2DE9F04F0B6805468DB0084681
:10A8900014460B2B00F22D82DFE813F00C0014009D
:10A8A0006D001700D300D601DE00E8004301560119
:10A8B0005A01B20105F1C4022146E9F795F80DB03D
:10A8C000BDE8F08F05F1C502F6E7096A012950D10C
:10A8D000D4E901639E4211D095F88C2006F108035B
:10A8E00033600023C6E9062373603372002300221D
:10A8F000C6E90823022386F8283058E0CD4A2046CE
:10A90000DFF7E2FCD4F800808146FFF7CDF8A6EB34
:10A91000080A00EB0A0303F1080295F88C1040F8CE
:10A920000A200022C3E9061207465A601A72002064
:10A9300000210222C3E9080183F8282031463A4663
:10A940004046FFF7D2FE314600F130023046FFF7B5
:10A95000CCFEA168B84BA1EB08010911054659438B
:10A960004046FFF79AF83023C4E9007503FB0977E6
:10A97000A7600120A3E70E6A012E55D1D5F8BC00CF
:10A9800003689B6B9847D4E901539D42814612D0DE
:10A9900005F108032B600023C5E906036B602B72E9
:10A9A00000220023C5E90823022385F828306368C4
:10A9B00030336360DDE731469E4A2046DFF784FC92
:10A9C00027688046FFF770F8A5EB070A00EB0A033B
:10A9D00003F1080240F80A200022C3E90692064665
:10A9E0005A601A72002000210222C3E9080183F88C
:10A9F0002820294632463846FFF777FE294600F1DF
:10AA000030022846FFF771FEA1688B4BC91B091164
:10AA1000054659433846FFF740F83023C4E900653E
:10AA200003FB0866A660A4E7022EA2D1D5F8BC30CD
:10AA3000097C1A680329126B38BF03211846904716
:10AA400097E70B6A012B94D1D5F8883000936946BB
:10AA50002046FFF7BBFE8CE70B6A012B89D1D5EDB1
:10AA60002D7AFCEEE77ACDED007AF0E7096A01294C
:10AA70007FF47FAF95ED2A7AD5ED277A77EEC77A06
:10AA80009FED6E7A67EE877A02AAFDEEE77A009272
:10AA900017EE903A0022D817CDE906300192002334
:10AAA0008DF808200022CDE9082302238DF82830F4
:10AAB000D4E901639E420AD069463046FFF7EEFDB5
:10AAC0006368303363606846E0F745FB51E7594AF5
:10AAD0002046DFF7F9FB27688046FEF7E5FFA6EB87
:10AAE0000709054669464844FFF7D8FD2A4631461E
:10AAF0003846FFF7FAFD314600F130023046FFF7E5
:10AB0000F4FDA1684C4BC91B091106465943384650
:10AB1000FEF7C3FF3023C4E9005603FB0855A560C8
:10AB2000D1E70B6A012B7FF424AFD5ED247A9FED9A
:10AB3000447A67EE877A6946FDEEE77A2046CDEDE6
:10AB4000007AFFF7E5FD14E72846FFF787F910E7DD
:10AB5000096A012948D16668A36895F898A09E42C1
:10AB60004FF0000707D006F10803C6E90037C6E931
:10AB700006A73772BAE62F4A2046DFF7A5FBD4F8BE
:10AB800000808146FEF790FFA6EB080B00EB0B035D
:10AB900003F1080240F80B200546002100200222A4
:10ABA000C3E9080183F82820C3E906A75F601F7284
:10ABB0002A4631464046FFF798FD314600F1300203
:10ABC0003046FFF792FDA1681B4BA1EB080109116C
:10ABD000064659434046FEF760FF3023C4E900565D
:10ABE00003FB0955A560C4E602297FF4C2AED0E993
:10ABF0000432134314BF0123002385F89830B8E6CC
:10AC00000B6A012B02D1D5ED2A7A90E7022B7FF453
:10AC1000B0AED1E90401D2F7D1FA9FED097A06EE80
:10AC2000900AC6EE877A2846C5ED2A7AFEF786FF97
:10AC30009FE600BF026A0408ABAAAAAA286B6E4E60
:10AC400000401C4600007A440F6A012F7FF491AE49
:10AC500095ED257A5FED057A666867EE277A17EE3F
:10AC6000900A0AF065FEA3689E428246894608D093
:10AC700006F1080333600023C6E9060173603372EE
:10AC800034E639461C4A2046DFF71EFB276880461B
:10AC9000FEF70AFFA6EB070B00EB0B0303F108021C
:10ACA00040F80B20002205465A601A72002000214D
:10ACB0000222C3E9080183F82820C3E906A92A462D
:10ACC00031463846FFF711FD314600F1300230467B
:10ACD000FFF70BFDA168094BC91B09110646594333
:10ACE0003846FEF7DAFE3023C4E9005603FB085568
:10ACF00078E70020E3E500BF026A0408ABAAAAAA2D
:10AD0000A0F12800FFF7BEBD012070470120704769
:10AD100001207047012070471AB1012A04D0002099
:10AD20007047024B0360FAE70160F8E700CD0408C2
:10AD30001AB1012A04D000207047024B0360FAE7E1
:10AD40000160F8E7A8CC04081AB1012A04D0002059
:10AD50007047024B0360FAE70160F8E754CC04083F
:10AD60001AB1012A04D000207047024B0360FAE7B1
:10AD70000160F8E700CC04081AB1012A04D00020D1
:10AD80007047024B0360FAE70160F8E7A8CB0408BC
:10AD90001AB1012A04D000207047024B0360FAE781
:10ADA0000160F8E754CB040810B54FF4A4700AF022
:10ADB000C1F90446F5F70CF8204610BD10B54FF464
:10ADC00090700AF0B7F90446F3F7B6FF204610BDBD
:10ADD00010B54FF4D2700AF0ADF90446F6F7EEFA6A
:10ADE000204610BD10B54FF4CE700AF0A3F904460A
:10ADF000F7F77CFE204610BD10B54FF4CE700AF078
:10AE000099F90446F7F7A8FF204610BD10B5942025
:10AE10000AF090F90446F8F771F8204610BD2DE9C4
:10AE2000F843894602F1180400F118050026A5F13F
:10AE300018039945A4F1180802D14046BDE8F883EB
:10AE400055F8183C44F8183CA4F1100735F8143CA8
:10AE500024F8143C44E9046644F8086C3846E1F7E9
:10AE6000F2F955F8083C44F8046C63B10222A5F1EC
:10AE700010013846984755F8043C44F8043C55F80E
:10AE8000083C44F8083CC8E90666C8F8206020463B
:10AE9000E1F7D9F9AB68E6603BB1022229462046CA
:10AEA0009847EB68E360AB68A36028342835BEE7B9
:10AEB00070B5BCB00024484B009302A8CDE9024411
:10AEC000ADF804400494E1F7BEF9444B44490593BE
:10AED00006A8444B0493E1F7BBF9434B0A939A88C5
:10AEE000ADF82C200CA8CDE90C440E94E1F7ABF999
:10AEF0003E4B3F490F9310A83E4B0E93E1F7A8F944
:10AF00003D4B14939A88ADF8542016A8CDE9164409
:10AF10001894E1F798F9394B354919931AA8384B29
:10AF20001893E1F795F9374B1E939A88ADF87C207A
:10AF300020A8CDE920442294E1F785F9324B2C4931
:10AF4000239324A8314B2293E1F782F9304B2893C5
:10AF50009A88ADF8A4202AA8CDE92A442C94E1F7D8
:10AF600072F92C4B2C492D932EA82C4B2C93E1F7E6
:10AF70006FF92B4B32939A88ADF8CC2034A8CDE9E9
:10AF800034443694E1F75FF9264B274D2749379330
:10AF900038A8274B3693E1F75BF9F020C5E9004468
:10AFA000AC600AF0C7F86E4600F1F0030246286074
:10AFB0003CA93046AB60FFF732FF3CAC6860283CF0
:10AFC00004F11800E0F7ADF904F10800E0F7A9F981
:10AFD000B442F4D13CB070BD740100100DAE030852
:10AFE00009AD030891AD03086C010010F9AD030829
:10AFF0000DAD030879AD030864010010E5AD030849
:10B0000061AD03085C010010D1AD030849AD030830
:10B010003C010010BDAD030811AD030831AD0308BC
:10B020004C010010A9AD0308AC30012015AD030898
:10B0300019AD0308FFF73CBF70B50C4DD5E90046CC
:10B04000A64207D1286878B1A968BDE87040091AFE
:10B050000AF056B804F11800E0F763F904F10800AB
:10B06000E0F75FF92834EBE770BD00BFAC3001209A
:10B07000F8B500F10806054606600F4611B91048FC
:10B080000AF068FB0846D0F7FBFF0F2804460BD9EF
:10B0900001300AF04FF8AC60064628602246394677
:10B0A0003046D1F71DFA03E0012806D13B782B7218
:10B0B0002B686C6000221A55F8BD0028F8D0EDE727
:10B0C000936E0408F0B514491448154E85B0FFF787
:10B0D000CFFF14491448FFF7CBFF144B93E8070048
:10B0E00001AD002385E807004820C6E90D33F3636E
:10B0F0000AF020F800F1480704467063F763A7429E
:10B1000002D1B76305B0F0BD204655F8041BFFF728
:10B11000AFFF1834F3E700BF318A0408E8010010DC
:10B12000E40100103E8A040800020010085E0408D2
:10B1300070B50B4CD4E90D56AE420CD1606B18B112
:10B14000E16B091A09F0DCFF0648E0F704F806484D
:10B15000E0F701F870BD2846DFF7FDFF1835EBE793
:10B16000E401001000020010E801001019481A491B
:10B1700002688A4212F436AF1849026800608A42B7
:10B1800010F448AFDFF858D0002103E0154B5B58AE
:10B19000435004311448154B42189A42F6D300210B
:10B1A00003E0134B5B58435004311248124B4218D2
:10B1B0009A42F6D3114A02E0002342F8043B104BB6
:10B1C0009A42F9D3D3F78EFD00F062FAD2F74CF928
:10B1D00070470000F0FF01200DF0ADBAEFBEADDE0C
:10B1E00000000220CCD9040800000010DC08001088
:10B1F000A8E20408DC080010E00E001000000020A7
:10B20000C4330120FEE700002DE9F04F85B09246DF
:10B210005B4A039089461E460D46294615F8014BA8
:10B22000135D13F00803F8D12D2C7DD02B2C41D0C9
:10B2300002934FF0FF326FF00043CDE90023002E60
:10B2400043D1302C79D00A27B0463E46DDE90001D3
:10B250003A464346D1F7F0FF00238E46834619460F
:10B260001846A44610E08E4508BF83454CD000FB2D
:10B2700008F307FB0133A0FB07010B44201843EB45
:10B28000E471012315F801CBACF13004092C05D988
:10B29000ACF14104192C1ED8ACF13704A64222DDD2
:10B2A000B3F1FF3FEED083457EEB0103DBD24FF0DD
:10B2B000FF33E7E72C7802938D1C6FF000434FF0CB
:10B2C000FF31CDE90013002EBBD0102E3ED0374603
:10B2D0004FEAE678BAE7ACF16104192C03D8ACF177
:10B2E0005704A642DCDC5A1C13D0029A12B1404229
:10B2F00061EB4101BAF1000F03D0002B3DD1CAF838
:10B30000009005B0BDE8F08FA242B0DA4FF0FF33F5
:10B31000B8E7039A22231360BAF1000F28D0DDE9C1
:10B32000000105F1FF39EAE700934FF000400123E7
:10B330002C78CDE901038D1C81E72B7803F0DF0326
:10B34000582B0ED00827B0463E467FE7302C03D05E
:10B3500037464FF0000879E72B7803F0DF03582BCE
:10B36000F6D110276C784FF0000802353E466DE7A5
:10B37000DDE9000105B0BDE8F08FCDE90001CEE7C1
:10B380003DCE040810B4054C8446134620685DF891
:10B39000044B0A466146FFF737BF00BF2802001082
:10B3A000024B0344587800F0440070473CCE040838
:10B3B000014B1868704700BF2802001010B51A4CE6
:10B3C000002924689AB02ADB009004904FF40270A0
:10B3D000ADF80C0013D001394FF6FF7002910591C2
:10B3E000ADF80E006946204600F022FD421C01DA4D
:10B3F0008B232360009B00221A701AB010BD4FF6F9
:10B40000FF7002910591ADF80E006946204600F0EC
:10B410000FFD431C01DA8B2323601AB010BD8B2370
:10B4200023604FF0FF30F8E728020010024B13B101
:10B43000024800F069B9704700000000E1B6030857
:10B4400008B5062000F008FC0120D3F7F9FB00BF87
:10B45000032A30B415D941EA0004A40784460B46F8
:10B4600004D0541E0FE0043A032A08D91946604656
:10B4700053F8044B5CF8045BA542F4D0F1E7604656
:10B480001946541E7AB1431E0139021901E09A424D
:10B4900009D013F8010F11F801CF6045F7D0A0EBE8
:10B4A0000C0030BC7047002030BC704788420ED979
:10B4B0008B1883420BD900EB020C002A6ED0624637
:10B4C00013F801CD02F801CD9942F9D170470F2A46
:10B4D0000FD8034602F1FF3C002A5FD00CF1010CAB
:10B4E000013B8C4411F8012B03F8012F6145F9D180
:10B4F000704740EA01039B0751D1A2F1100370B5D8
:10B5000001F1200C23F00F0501F1100E00F11004E1
:10B51000AC441B095EF8105C44F8105C5EF80C5CEF
:10B5200044F80C5C5EF8085C44F8085C5EF8045C67
:10B5300044F8045C0EF1100EE64504F11004E9D164
:10B54000013312F00C0F01EB031102F00F0400EBBA
:10B55000031328D0043C24F003064FEA940C1E4445
:10B560001C1F8E465EF8045B44F8045FB442F9D1B8
:10B570000CF1010402F0030203EB840301EB8401EC
:10B5800002F1FF3C4AB10CF1010C013B8C4411F873
:10B59000012B03F8012F6145F9D170BD704702F10D
:10B5A000FF3C03469AE72246EAE700BF00B50B4C92
:10B5B00025681446EE681A4685B003460D464CB120
:10B5C00007490095CDE901143046064900F070FBAB
:10B5D000FFF736FF04490C46F3E700BF28020010CE
:10B5E000B05E0408C05E0408BC5E0408830730B582
:10B5F00047D0541E002A3ED0CAB2034601E0013CA7
:10B6000039D303F8012B9D07F9D1032C2CD9CDB2E6
:10B6100005EB05250F2C05EB054535D9A4F11002E6
:10B6200022F00F0C03F1100EE6444FEA121C1A46EA
:10B63000C2E90055C2E9025510327245F8D10CF149
:10B64000010214F00C0F03EB021204F00F0C13D0E4
:10B65000ACF1040323F003030433134442F8045B06
:10B660009342FBD10CF003042CB1C9B21C4403F883
:10B67000011BA342FBD130BD64461346002CF4D11C
:10B68000F9E703461446C0E71A46A446E0E700BFC0
:10B6900070B50F4B0F4DAB42A3EB050607D0B610AC
:10B6A000002455F8043B01349847A642F9D80AF023
:10B6B000EFFA094D094B5E1BAB424FEAA60606D0D6
:10B6C000002455F8043B01349847A642F9D870BDD0
:10B6D00024D9040824D9040824D9040874D90408F6
:10B6E00038B5074D074C2C1BA41005D0013C55F86C
:10B6F000043D9847002CF9D1BDE838400AF0CEBA95
:10B70000CCD9040874D90408002301461A46184607
:10B7100003F0F4B910B5034B0446196803F0D2F9ED
:10B72000204610BD28020010154B1B68834225D00F
:10B73000416C70B5054681B100268C593CB121465B
:10B740002468284600F08CF9002CF8D1696C043686
:10B75000802EF2D1284600F083F9A96B11B128465A
:10B7600000F07EF9E96C11B1284600F079F96B6BB5
:10B770001BB12846BDE87040184770BD704700BF38
:10B7800028020010024A0349034800F017BB00BF1B
:10B790005003001041F10308300200100C4B4168C7
:10B7A000994210B5044601D003F0CAFCA168094BC8
:10B7B000994202D0204603F0C3FCE168064B99424F
:10B7C00004D02046BDE8104003F0BABC10BD00BF55
:10B7D000C030012028310120903101202DE9F843AB
:10B7E000314A324C3249DFF8DC90DFF8DC80314FEF
:10B7F0001160002504232946082204F15C00C4E9F5
:10B8000003352D4EA560C4E90055C4E905556566AC
:10B81000FFF7ECFE04F15800C4E90749C4E90987C1
:10B82000E662D3F78DFA2946244B6367082204F1B8
:10B83000C400C4E91A55C4E91E552567C4F8CC50A4
:10B84000C4F88050FFF7D2FE04F1680304F1C00091
:10B85000C4F88430C4E92298C4E92476D3F770FA96
:10B86000174BC4F8DC30294604F596700822C4E969
:10B870003455C4E93855C4F8D850C4F83451C4F824
:10B88000E850FFF7B3FE04F1D003C4E93D87C4F8E4
:10B89000F09004F59470C4F8FC60C4F8EC30BDE896
:10B8A000F843D3F74DBA00BFF8310120C030012072
:10B8B00085B703083DBD030861BD03080900010009
:10B8C00012000200D9BC0308FDBC030810B50446F1
:10B8D0000A48D3F753FA636B23B9094B094A1B682B
:10B8E000626323B1BDE810400448D3F763BAFFF7A1
:10B8F00075FFBDE810400148D3F75CBA7C0D01200C
:10B90000F83101209DB703080148D3F737BA00BFCB
:10B910007C0D01200148D3F74DBA00BF7C0D0120FA
:10B920000CB410B51F4B00291C689CB035DB4FF4DC
:10B930000273ADF81430029006901FAB18D0013995
:10B940004FF6FF7204910791ADF8162002A91E9AD6
:10B950000193204600F06CFA421C01DA8B2323602D
:10B96000029B00221A701CB0BDE8104002B0704764
:10B970004FF6FF7204910791ADF8162002A91E9AA6
:10B980000193204600F054FA431C01DA8B23236014
:10B990001CB0BDE8104002B070478B2323604FF00D
:10B9A000FF30F5E7280200102DE9F843064608208D
:10B9B000894603F025FCDFF8A4800546304603F0F5
:10B9C000FDFCD8F808305F6827F00307A7F11104E1
:10B9D000A4EB09042C44B4FBF5F4013C05FB04F48E
:10B9E000A54208DC0021304600F0D6F9D8F808302E
:10B9F0003B44984205D0304603F0E6FC0020BDE809
:10BA0000F8836142304600F0C7F901300FD0114A87
:10BA1000D8F808303F1B47F001075F6013683046D5
:10BA20001B1B136003F0D0FC0120BDE8F88300214C
:10BA3000304600F0B1F9D8F80820831A0F2BDADD70
:10BA400043F001035360044B02491B68C01A0860AD
:10BA5000D1E700BF8C3301205C03001068030010A5
:10BA600000297CD02DE9F0410C46804603F0A6FC6D
:10BA700054F8043C754FA4F1080523F0010168183F
:10BA8000BE684268864222F0030200F08380DE072F
:10BA9000426000EB020C33D454F8084CDCF804305C
:10BAA0002D1B2144AC6807F1080C644503F0010329
:10BAB00064D0D5F80CE0C4F80CE0CEF80840002BB8
:10BAC00000F0818041F001036B600160B1F5007FFF
:10BAD00022D27868CB080122490901338A40024307
:10BAE00057F833107A6007EBC302083AC5E902122F
:10BAF00047F83350CD604046BDE8F04103F064BCE8
:10BB0000DCF80430DB072BD541F00103B1F5007FF1
:10BB100044F8043C0160DCD3B1F5206F4FEA5123B7
:10BB200053D28B0903F1390003F13802C300F8182E
:10BB3000FB580838984203D161E09B68984204D0D2
:10BB40005A6822F003028A42F7D8D868C5E9023061
:10BB50008560DD604046BDE8F04103F035BC7047CC
:10BB6000114407F1080C836863453FD0C268DA606E
:10BB7000936041F001036B606950A7E7002B5FD130
:10BB80000A44D0E90213CB60996042F001036B6074
:10BB9000AA50B0E7DB070A4407D454F8083CED1A72
:10BBA0001A44D5E90213CB60996042F001036B603F
:10BBB000274BBD601B6893429DD8264B40461968B1
:10BBC000FFF7F2FE97E71144CDE7142B08D9542B69
:10BBD0001DD80B0B03F16F0003F16E02C300A6E743
:10BBE00003F15C0003F15B02C300A0E741F0010335
:10BBF000C7E90455C5E902CC6B6069507BE77968F9
:10BC00009210012404FA02F20A437A609EE7B3F527
:10BC1000AA7F06D8CB0B03F1780003F17702C300AB
:10BC200085E740F25452934206D88B0C03F17D0015
:10BC300003F17C02C3007AE74FF47E737E2276E73D
:10BC400041F001036B60016055E700BF680300101D
:10BC500060030010BC33012038B5144B1F281D6849
:10BC60001ED8D5F81821044662B152F820304BB1E5
:10BC7000012B05D0591C0FD0002142F82010984705
:10BC8000002038BD284600F085F8224601462846A7
:10BC9000BDE8384000F068B816232B60012038BD9D
:10BCA00016232B604FF0FF3038BD00BF2802001074
:10BCB0000EB410B583B005AB064C53F8042B0193BA
:10BCC0000146206801F08EFE03B0BDE8104003B0CD
:10BCD000704700BF2802001010B50C46B1F90E10D5
:10BCE00004F0D6FC002803DB236D0344236510BD5C
:10BCF000A38923F48053A38110BD00BF2DE9F04137
:10BD00000C46B1F90C101F46CB05054616460BD460
:10BD100021F48051A1813B46B4F90E1032462846E9
:10BD2000BDE8F04100F06CB8B4F90E100223002217
:10BD300004F098FCB4F90C10EAE700BF10B50C460B
:10BD4000B1F90E1004F08EFCB4F90C30421C0EBF99
:10BD500023F4805343F480532065A38110BD00BFBA
:10BD6000B1F90E1004F018BB70B50C46084D03462F
:10BD70000026204611461C462E60D2F759FF431C70
:10BD800000D070BD2B68002BFBD0236070BD00BFBE
:10BD9000BC300120D2F74ABF38B5074D0022044617
:10BDA00008462A60D2F77CFF431C00D038BD2B68C0
:10BDB000002BFBD0236038BDBC3001202DE9F843B7
:10BDC0000746884616464FF00009D6E90154013D62
:10BDD00010D4A389012B08D9B4F90E3001332146C0
:10BDE000384602D0C04749EA0009013D6B1C04F106
:10BDF0006804EED13668002EE7D14846BDE8F883E6
:10BE000038B50C46084D8446114620461A46002394
:10BE10002B606446D2F728FF431C00D038BD2B6846
:10BE2000002BFBD0236038BDBC3001200000000097
:10BE30002DE9F04FD9B00C46099115460B93834676
:10BE400003F07AF9036816931846D0F719F9002120
:10BE50001490082228A8FFF7C9FBA389190603D567
:10BE60002369002B00F05E879FED7F7B0023CDE9E7
:10BE70002D33CDE917338DED107B2FAA0E932C9225
:10BE8000144615931C93199306932E46B246784B8D
:10BE9000D3F8E45003F04AF928AA0346009224A9F3
:10BEA00052465846A847002800F0B180C0F2A7804B
:10BEB000249A252A034601D09A44E8E7BAEB0607FC
:10BEC000054640F0A880002319464FF0FF328DF858
:10BED000873007930AF1010A9AF80030059204911D
:10BEE0000AF1010AA3F120025A2A00F2C380DFE816
:10BEF00012F0F402C100C100ED02C100C100C10096
:10BF00006A00C100C1003F025102C1004A0206039B
:10BF1000C100FF025B005B005B005B005B005B003D
:10BF20005B005B005B00C100C100C100C100C1003B
:10BF3000C100C1003B01C100BE01D3023B013B0176
:10BF40003B01C100C100C100C100CC02C100C10061
:10BF50008802C100C100C100E801C1005702C10050
:10BF6000C100B206C100C100C100C100C100C100D2
:10BF7000C100C1003B01C100BE011A023B013B01EF
:10BF80003B01A0021A027F00C100C202C100B3023D
:10BF9000D80622037F00C100E8017C00AE06C10084
:10BFA000C100DB06C1007C00A3F1300200211AF8B9
:10BFB000013B01EB810102EB4101A3F13002092AAF
:10BFC000F5D907918EE7584603F0B6F84368199300
:10BFD0001846D0F755F81C900546584603F0ACF8C3
:10BFE00083681793002D40F0B7859AF8003077E703
:10BFF000049B43F0200304939AF8003070E7082272
:10C00000002128A8FFF7F2FA01239A443FE7BAEB90
:10C010000607054610D02E9B3B442E932D9B0133E3
:10C02000072BC4E900672D9315DC0834069B3B44BD
:10C030000693002D7FF447AF2E9B002B41F0938198
:10C04000099B9B8903F04003002B41F092830698E3
:10C0500059B0BDE8F08F09992CAA584604F02AFD82
:10C060000028EDD12FACE1E7000000000000000047
:10C07000700700100C93002BDED000228DF8FC30EE
:10C0800001238DF8872002930A9208930592129259
:10C090000F920D923FAE049B13F0020302D002995F
:10C0A0000231029104992E9D11F0840805D107995F
:10C0B00002980F1A002F00F3A1806AB1012262607A
:10C0C0002D9A013201350DF18701072A2E952D9207
:10C0D000216000F3DB8308346BB12D9B22AA01336E
:10C0E00002352260072B4FF002022E952D936260DD
:10C0F00000F3C1830834B8F1800F00F0C482059BBF
:10C10000089A9F1A002F00F3FE82049BDA0500F1C3
:10C110002482089B63601D442D9B26600133072BFE
:10C120002E952D9300F33F830834049B5A0705D5C1
:10C13000079B029A9E1A002E00F3B583DDE90632B2
:10C1400002998A42ACBF9B185B180693002D40F001
:10C150000B8300232D930A9B1BB10A995846FFF7C6
:10C160007FFC2FAC564691E60C930B9B073323F0D4
:10C170000703B3EC027B58EC177B0B9328F00043CA
:10C180001B938DED1A7ADDE91A01AF4B4FF0FF32A8
:10C190008DED107BD0F794FE002840F00285DDE99C
:10C1A0001A01A94B4FF0FF32D0F76CFE002840F087
:10C1B000F8840022002338464146D0F759FE002873
:10C1C00041F021809DF88720049BA04E23F080033E
:10C1D00004939F4B0C994729D8BF1E460023032187
:10C1E0000A9302910891059312930F930D93002ADD
:10C1F0003FF451AF029B013302934CE795492D9ACE
:10C200001391102F25DD21462846099C914D1D9341
:10C210004FF0100904E0103F102F01F1080115DD67
:10C2200001321030072AC1E90059CDE92D20F2DD95
:10C230002CAA2146584604F03DFC002840F09C8280
:10C24000103F102FDDE92D202FA9E9DC1D9B0C46A6
:10C2500005460132139921603D44072ACDE92D2579
:10C26000676000F3D4869DF88720083425E70B9A91
:10C270000C93432B02F1040503D0049BDA0640F132
:10C280001785082200212AA8FFF7B0F90B9B3FAEC3
:10C290001A6831462AAB584602F022FF03460133A2
:10C2A000089001F06182089B23EAE3730293002265
:10C2B0000B958DF887200A92059212920F920D929B
:10C2C000E9E60B9F0C9357F8046B00238DF8873039
:10C2D000002E00F016850C9B532B00F0BF86049BAC
:10C2E00013F010030D9340F0B986059B002BC1F2AB
:10C2F00045800D991A463046D0F7A2F80A900028DA
:10C3000001F066820A9B991B0D9B0891059321EA17
:10C31000E17112930F930A9373239DF887200B9773
:10C3200002910C9363E70C93049B9B0640F1BD8044
:10C330000B9B073323F007031A46596852F8083B52
:10C340000B920A460029C0F2CA8305990029C0F25F
:10C350008382049921F0800553EA020140F07D8236
:10C36000059A002A40F07E820495089258AE60E15A
:10C370000B9B53F8042B0792002A80F2DA83079A6A
:10C380000B9352420792049B43F0040304939AF8E0
:10C390000030A5E52B238DF887309AF800309FE513
:10C3A0000C93049B43F0100515F0200200F07283FB
:10C3B0000B9B073323F0070319465A6851F8083BD3
:10C3C0000B9101210020059E8DF88700002EC0F200
:10C3D000198125F08000049053EA020040F0118199
:10C3E000002E40F02486002940F0808315F00103E0
:10C3F000089300F0A38330238DF85F310DF25F16B0
:10C4000017E10C93049B43F010030493049B13F077
:10C41000200200F055830B9B073323F007031946D6
:10C420005A6851F8083B0B91049921F4806500216A
:10C43000C8E79AF80030682B00F04E84049A42F066
:10C44000400204924CE500BFFFFFEF7FF45E04085A
:10C45000F05E040850CF0408049B9D0640F19083D1
:10C460000B9B069A1B681A60D2175A600B9B043309
:10C470000B9356460AE59AF800306C2B00F02284A4
:10C48000049A42F0100204922AE5049B43F0080348
:10C4900004939AF8003023E50C93049B43F01003B7
:10C4A0000493049B9B063FF543AF04990B9ACF0678
:10C4B00052F8043B00F14B8304994E0640F1438649
:10C4C0000B9243F3C03211461BB23BE7049B43F08F
:10C4D000010304939AF8003002E59DF887209AF84A
:10C4E0000030002A7FF4FCAC20228DF88720F7E48E
:10C4F000049B43F0800304939AF80030F0E4504624
:10C5000010F8013B2A2B01F0E581A3F13002092A42
:10C5100098BF002101F2E48010F8013B01EB81019A
:10C5200002EB4101A3F13002092AF5D941EAE17297
:10C5300005928246D6E40B9A049B43F0020552F81A
:10C54000043B0B9247F63002ADF8882078209B4AD6
:10C550001592022100220C9034E70C9B652B40F3CE
:10C560003381DDE9100100220023D0F777FC002899
:10C5700000F0D2812D9B924A2260013301350122C5
:10C58000072B2E952D93626000F35C850834239B66
:10C590000E9A934280F2C882149B169A1D44C4E9F5
:10C5A00000232D9B2E950133072B2D9300F39E83A3
:10C5B00008340E9B5E1E002E7FF7B7AD102E2D9B0C
:10C5C000DFF8009240F3E580DDF82480102704E0D6
:10C5D0000834103E102E40F3DC8001331035072B59
:10C5E000C4E90097CDE92D35F2DD2CAA4146584625
:10C5F00004F060FA002840F0BF80DDE92D352FAC53
:10C60000E7E7049D012900F02881022958AE1FD1D7
:10C61000159803F00F011B09415C06F8011D43EA60
:10C620000273120953EA0201F3D158AB9B1B049524
:10C630000893059908989DF8872081424FF00003E0
:10C64000B8BF01460A93029112930F930D93CEE562
:10C6500003F00701DB0843EA4273D208303153EAA2
:10C660000207304606F8011DF2D1EF07DDD530296B
:10C67000DBD03023023806F8013C58AB1B1A049576
:10C6800008930646D5E7079B029A9F1A002F7FF76B
:10C6900036AD102F2D9BDFF82C9122DD2A464FF06E
:10C6A00010084D46DDF8249004E0103F102F04F1EF
:10C6B000080414DD01331032072BC4E90058CDE91A
:10C6C0002D32F2DD2CAA4946584604F0F3F9002831
:10C6D00052D1103F102FDDE92D322FACEADCA946F4
:10C6E000154601333D44072BCDE92D35C4F80090A4
:10C6F000676000F3DB84059B089A9F1A002F04F102
:10C7000008047FF702AD102F2D9BDFF8B8901FDDD6
:10C710002A464FF01008099D04E0103F102F04F145
:10C72000080414DD013327491032072BC4E900182F
:10C73000CDE92D32F1DD2CAA2946584604F0BAF98C
:10C74000D0B9103F102FDDE92D322FACEADC1546B1
:10C7500001333D44072BCDE92D35C4F800906760C7
:10C7600000F38C810834D0E409992CAA584604F0CF
:10C77000A1F900283FF4EDAC0A9B002B3FF460AC1C
:10C780000A995846FFF76CF9099B9B8903F040030F
:10C790005AE401333544072BC4F800906660CDE9B4
:10C7A0002D357FF7C1AC09992CAA584604F082F9BF
:10C7B0000028E1D12E9D2FACB7E400BF005F040834
:10C7C000305F040840CF04080E9B2D9F012B05F11C
:10C7D000010507F1010704F1080840F30B8101236B
:10C7E000072FCDE92D752660636000F38381149BCC
:10C7F000169A01371D44072FC8E90023CDE92D758E
:10C8000000F3858108F108080E9BDDE910015C1E2C
:10C8100000220023D0F722FB002840F004810137DA
:10C8200001362544072FCDE92D75C8F80060C8F8FA
:10C83000044000F3EB8008F10808189BC8F80430A6
:10C8400001371D44072F26ABCDE92D75C8F8003000
:10C85000A9DC08F1080468E4049D0A2B72F10001C8
:10C8600080F05E8330338DF85F31012304950893A7
:10C870000DF25F16DDE609992CAA584604F01AF964
:10C8800000287FF479AF2E9D2FAC34E409991393DF
:10C890002CAA584604F00EF900287FF46DAF2E9DA7
:10C8A000139B2FAC18E4B44A2D9B1392102E1FDD5E
:10C8B000DDF824801027914604E0103E102E04F18C
:10C8C000080415DD01331035072BC4E90097CDE9C5
:10C8D0002D35F2DD2CAA4146584604F0EBF800282D
:10C8E0007FF44AAF103E102EDDE92D352FACE9DC88
:10C8F0000133139A3544072BC4E90026CDE92D35C1
:10C900007FF71CAC09992CAA584604F0D3F80028EC
:10C910007FF432AF2E9D11E42399002940F3518317
:10C92000DDE90D329342A8BF1346002B98460ADD7D
:10C930001D44C4E900632D9B2E950133072B2D93D5
:10C9400000F3618608340D9FB8F1000FA8BFA7EB74
:10C950000807002F00F3F5810D9B33440593049BDA
:10C960005F0500F11582239B0E9A9342C0F2A082CC
:10C97000049AD00700F19C820E9AB718D61A059B2C
:10C98000FF1AB742A8BF3746002F0ADD23602D9B50
:10C99000676001333D44072B2E952D9300F3658688
:10C9A0000834002FA8BFF61B002E7FF7BEAB102E59
:10C9B0002D9BDFF8C8917FF7ECAEDDF824801027BF
:10C9C00004E00834103E102E7FF7E3AE013310353B
:10C9D000072BC4E90097CDE92D35F2DD2CAA41469D
:10C9E000584604F067F800287FF4C6AEDDE92D351F
:10C9F0002FACE7E7049BD9073FF5F1AE0123072FE2
:10CA0000CDE92D75266063607FF717AF09992CAAD1
:10CA1000584604F04FF800287FF4AEAEDDE92D75DE
:10CA20000DF1BC0809E70E9B012B7FF706AF112B18
:10CA3000DFF8489140F35C83CDF814A01026CA4675
:10CA4000DDF8249005E008F10808103C102C40F3B4
:10CA50004C8301371035072FC8E900A6CDE92D75A5
:10CA6000F1DD2CAA4946584604F024F800287FF44A
:10CA700083AEDDE92D750DF1BC08E6E709992CAA16
:10CA8000584604F017F800287FF476AE2E9D2FACA0
:10CA9000FFF73BBB0B9915F0100051F8043B0CD18C
:10CAA00015F0400604D00B919BB20246012189E4A7
:10CAB00015F400721CBFDBB232460B91012181E4F8
:10CAC00004980B9910F0100051F8043B3DD1049AE2
:10CAD00012F0400534D09BB202460B91A4E45B42B5
:10CAE000049D62EB42022D2001216CE4059B08931A
:10CAF00058AE9EE509992CAA584603F0DBFF0028A2
:10CB00007FF43AAEDDE92D750DF1BC086FE60999A9
:10CB10002CAA584603F0CEFF00287FF42DAEDDE9A5
:10CB20002D750DF1BC086FE6049BDB077FF5FDAAB0
:10CB300032E50B939AF80030FFF7D2B958AE78E59A
:10CB4000049A12F4007240F009840B916CE40B9289
:10CB5000DA171146FFF7F6BB179A9AF80030002A49
:10CB60003FF4BEA91278002A3FF4BAA9049A42F40D
:10CB700080620492FFF7B4B950CF040840CF040894
:10CB8000049BD80600F1AB82049B590600F1E083B8
:10CB9000049B9A0540F1A3820B9B069A1B681A70AE
:10CBA00064E4DDE9100102460B46D0F789F900285C
:10CBB00040F01E860C9B612B00F03185412B00F06C
:10CBC0004E85059B013300F002840C9B23F020036B
:10CBD000472B00F0E1850A90DDE91001049A002955
:10CBE00042F48079C0F2F9849DED107B8DED1E7BBF
:10CBF000002313930C9B413B252B00F22583DFE898
:10CC000013F02904230323032303EA03B5042303B6
:10CC100023032303230323032303230323032303E4
:10CC200023032303230323032303230323032303D4
:10CC300023032303230323032303230323032303C4
:10CC400023032904230323032303EA03B504049DD8
:10CC50000C93FFF7A9BB0C93AD4B1593049B13F0FA
:10CC6000200200F033810B9B073323F007031946A2
:10CC70005A6851F8083B0B910498C1070BD553EA49
:10CC8000020108D00C998DF8891040F0020104913E
:10CC900030218DF88810049921F480650221FFF776
:10CCA00091BB0C93FFF7B2BB0C939A4B1593D5E74E
:10CCB0000B9B1B688DF8FC300123029308933FAE59
:10CCC000FFF7F5BA049B43F0200304930AF1010A2D
:10CCD0009AF80030FFF704B9049B43F400730493FF
:10CCE0000AF1010A9AF80030FFF7FAB809992CAA5C
:10CCF000584603F0DFFE00287FF43EAD2E9D2FAC9A
:10CD000057E4059B0A96062B314628BF0623059655
:10CD100032460293804E0B97089312910F910D911A
:10CD2000FFF765BA4021584601F028FF099B1860BB
:10CD30001861002800F00386099A40235361FFF729
:10CD400093B8102F2D9BDFF8D49140F30B82494606
:10CD50002A46B146099D4FF010080E4604E00834FB
:10CD6000103F102F40F3FA8101331032072BC4E932
:10CD70000068CDE92D32F2DD2CAA2946584603F091
:10CD800099FE00287FF4F8ACDDE92D322FACE7E7FF
:10CD90000E9BCDF830A006EB03090F9BDDF85CA0DD
:10CDA000DDF848800D96002B22462946059C099DFA
:10CDB000CDF81490DDF8709031DDB8F1000F40F33C
:10CDC0003B8108F1FF382D98199B01304944072811
:10CDD000C2E900392E912D9000F387800832059B1F
:10CDE0009AF800001F1B8742A8BF0746002F0CDDE2
:10CDF0002D98013039440728C2E900472E912D9023
:10CE000000F360819AF800000832002FACBFC61B07
:10CE10000646002E16DC04440F9B002BCDDCB8F137
:10CE2000000FCEDCDDE90D632046F318984214466E
:10CE3000024628BF1A46CDF85CA00D46DDF830A0AA
:10CE4000059290E5102E2D98344B23DD0894102781
:10CE500034461E4604E0103C102C02F1080216DD98
:10CE600001302E4B10310728C2E90037CDE92D01E2
:10CE7000F1DD2CAA2946584603F01CFE00287FF459
:10CE80007BAC103C102CDDE92D012FAAE8DC3346E9
:10CE90002646089C1360013031440728CDE92D0156
:10CEA000566000F3A2839AF8000008320444B3E706
:10CEB000149A16991544C4E900122D9A2E95013240
:10CEC000072A2D9200F3BE83083455E504980B9988
:10CED00010F0100051F8043B17D1049A12F04005ED
:10CEE0000ED09BB202460B91C6E62CAA29465846A4
:10CEF00003F0E0FD00287FF43FAC2E992FAA6EE7E7
:10CF0000049A12F4007240F01F820B91B4E600BF45
:10CF1000145F0408005F0408285F040840CF040879
:10CF200000210894DFF81C93179CCDF810A005F49D
:10CF3000806758AE4FF0050802958C4605E00A2B35
:10CF400072F1000234D353462A46991841F1000188
:10CF5000A9FB010525F0030000EB9500091A581AFA
:10CF60004FF0CC3562F1000E05FB00F5A0FB09A0E7
:10CF700009FB0E550AF0010E0544AEFB080E4018E1
:10CF80004FEA5A0A303006F8010C4AEAC57A0CF129
:10CF9000010C013E6D08002FD1D021788C45CED1F7
:10CFA000BCF1FF0FCBD00A2B72F1000280F0E780BA
:10CFB0001794DDF810A0029D089CCDF838C0FFF74B
:10CFC00034BB2D9B9E4A2260013301350122072B81
:10CFD0002E952D93626000F31B810834002940F0E8
:10CFE0009380049B0E9A03F0010313433FF49DA822
:10CFF000149B169A1D44C4E900232D9B2E950133E2
:10D00000072B2D9300F3D68104F108028DE00999D6
:10D0100013932CAA584603F04DFD00287FF4ACABC7
:10D020009DF887202E9D139B2FACFFF746B8012952
:10D03000049D7FF4EAAA15E40F9B013B0AF1FF3A35
:10D040000F93C0E609992CAA584603F033FD002837
:10D050007FF492AB2E9D2FACFFF799BA0DF1A80883
:10D060000822002140462596FEF7C0FA059B002BBA
:10D07000C0F292800025029799462F460EE03FA904
:10D08000584602F02DF8431C384400F08F83484581
:10D0900009DC05F1040500F0BD830746259A5259C5
:10D0A0004346002AEBD10897029F83E009992CAAF6
:10D0B000584603F0FFFC00287FF45EAB2E9D2FAC9A
:10D0C000FFF71DB82CAA2946584603F0F3FC0028A8
:10D0D0007FF452AB9AF800002E992FAA95E60B9B8D
:10D0E000069A1B681A60FFF7C1B9D146DDF814A093
:10D0F000C8F8009001372544072FCDE92D75C8F8F1
:10D1000004407FF798AB81E4149B169A1D44C4E950
:10D1100000232D9B2E950133072B2D9300F34A817D
:10D1200004F108020029C0F2E0820E991660013372
:10D130000D44072BCDE92D3551603FF734AB02F19B
:10D140000804FEF7F2BF04990B928D054ABF43F322
:10D15000C012DA175BB21146FFF7F4B81546324633
:10D160004E46914601333D44072BCDE92D35C4F899
:10D170000090676000F312810834FFF7EDBB1C9B41
:10D180001999F61A1A46304603F010FA637803B17B
:10D1900001344FF0000CD6E600231946CDF800808C
:10D1A00025AA584602F016F903460133089000F00C
:10D1B000FD822596089B002B36D0632B00F3E4807C
:10D1C00000230A933FAE082200214046FEF70EFAE4
:10D1D000089DCDF800802B4625AA3146584602F01E
:10D1E000F9F8854240F0A58308990B970023735402
:10D1F00021EAE1719DF887200593029112930F9324
:10D200000D93FEF7F4BF2D228DF88720FEF7DCBFCB
:10D2100009992CAA584603F04DFC00287FF4ACAACB
:10D2200023992E9D2FACD9E6089B9DF887200B975C
:10D230000293059312930F930D930A93FEF7D7BFB2
:10D24000305F0408CDCCCCCC2AAB019325AB009346
:10D25000022123AB9DED1E0B059A584602F05CF9A6
:10D26000049BD907064600F1FC812A9B1B1A0E93EA
:10D27000239B0D930D9BDA1C03DB059A9A4280F2E7
:10D280008B810C9B023B0C930D9B013B9DF8302046
:10D2900023930021002BB8BF0D9B8DF89820BABFB7
:10D2A000C3F101032D222B22092B8DF8992040F385
:10D2B00065820DF1AF05B34F2A461046A7FB031256
:10D2C000D20802EB8201A3EB4101303100F8011CCE
:10D2D00019466329134600F1FF32EEDC303302F8C1
:10D2E000013C831EAB4280F021830DF1990213F8BB
:10D2F000011B02F8011FAB42F9D158AB181AA0F17B
:10D30000AD0318930E9B189A012B1A44089240F310
:10D310005882089B149A13440893049B089A23F498
:10D32000806343F48073049322EAE2720023129331
:10D3300002920F930D93139B002B40F01B819DF8DD
:10D3400087200593FEF753BFDBB22A460B9193E487
:10D350000B9B069A1B681A80FFF788B8DBB22A4637
:10D360000B91FFF761B8099C2CAA2146584603F09F
:10D37000A1FBA38903F04003FEF766BE3046CEF75B
:10D380007FFE0146FEF7C0BF591C584601F0F6FB70
:10D390000646002800F0DB820A9014E709992CAABF
:10D3A000584603F087FB00287FF4E6A92E9D2FAC9A
:10D3B000FFF7D2BA09992CAA584603F07BFB002844
:10D3C0007FF4DAA9DDE92D3523992FAAAAE60623F1
:10D3D0000A90059300E4059B022103F101082AABA2
:10D3E000019325AB00939DED1E0B23AB424658469F
:10D3F00002F092F80C9B23F02007462F064600EB24
:10D40000080518BF452705D13378302B00F03C8143
:10D41000239B1D44DDE91E0100220023CFF71EFDE2
:10D42000002840F059812A9BAB4206D230215A1C79
:10D430002A9219702A9B9D42F9D8239A0D929B1B20
:10D44000472F0E933FF416AF462F00F02B810D9B14
:10D45000013B1BE723A89DED1E0B03F075F800228E
:10D460004FF07F5351EC100BCFF790FA02460B466A
:10D47000CDE9022300220023CFF7F0FC08B10123FD
:10D480002393059B404A0C98CDF820A0591E3F4B92
:10D490000D96612808BF1A463746A0460592DDE979
:10D4A00002458A46164609E0002200230AF1FF39A8
:10D4B000CFF7D4FC002840F0BB81CA46344B002291
:10D4C00020462946CFF762FA0D460446CFF70EFDF7
:10D4D0008146CFF7F1F902460B4620462946CFF7A1
:10D4E0009DF816F80930BAF1FF3F3A46044607F8AE
:10D4F000013B0D46D8D1CDE90245264BDDF820A0F1
:10D500000D9E4446904600224D46CFF7CFFC0028A2
:10D5100000F0FF81059BCDF8A880D97B17F8012C7E
:10D5200091423B4609D1302003F8010C2A9B5A1E38
:10D530002A9213F8012C9142F6D0392A0BBF059A92
:10D540000132927AD2B203F8012C3B469B1B0C9A13
:10D550000E93239B0D93612A03F1FF33239300F075
:10D56000B381412150220C91012193E6DDF8148012
:10D57000032134E72D2200238DF887200593FEF741
:10D5800039BE00BFCDCCCCCC145F0408005F0408CA
:10D59000000030400000E03FDDE90D23934200F33E
:10D5A000C480049B13F0010F0D9B00F00F81149AAF
:10D5B00013440893049B5F0503D50D9B002B00F3D8
:10D5C0004781089B23EAE373029367230C930023AC
:10D5D000CDF8109012930F93ADE601F100431F9325
:10D5E0002D231E901393FFF705BB2CAA29465846FE
:10D5F00003F060FA00287FF4BFA89AF800002E9983
:10D600002FAA044408E409992CAA584603F052FAB8
:10D6100000287FF4B1A82E9D2FACFFF794B9782392
:10D620008DF88930049B43F00203049330238DF876
:10D630008830059B632B00F38E8000230A933FAE56
:10D64000FFF7CABA09992CAA584603F033FA002802
:10D650007FF492A8239B2E9D2FACFFF78DB9582302
:10D66000DEE7059B4727C518D4E609992CAA58463A
:10D6700003F020FA00287FF47FA8239E0E9B2E9DA6
:10D680009E1B2FACFFF78DB9DDE91E0100220023A0
:10D69000CFF7E4FB002800F01981239B0D931D4474
:10D6A000AB1B0E93049B0D99059A03F0010300290F
:10D6B00043EA020340F31A81002B40F0F2800D9BF5
:10D6C000089366230C93049B5B0500F1C380089BC1
:10D6D00023EAE37302937AE7239A0D922B46AEE690
:10D6E000002282460592FEF7FDBB4F421031DFF863
:10D6F0007892B8BF102404DB21E00832103F102FCD
:10D700001DDD01331035072BC2E90094CDE92D351D
:10D71000F3DD09992CAA584603F0CCF900287FF4D0
:10D720002BA8DDE92D352FAAE8E70E9B149A9A184D
:10D730000D9B0892002B71DD67230C93C3E7013327
:10D740003D44072BCDE92D35C2F80090576000F31A
:10D75000AF800832E9E4591C584601F00FFA06463A
:10D7600010B10A90FFF738BA099A938943F0400341
:10D7700093814FF0FF330693FEF769BC002934D143
:10D7800030228DF89A200DF19B02303302F8013BD4
:10D7900026ABD31A1893B5E5059B002B7FF41BAA83
:10D7A000059B0A9301230593FFF716BA099BB3F96A
:10D7B0000C3000220A9243F04003099A9381FEF74D
:10D7C000DBBF049BDB077FF5A8ADA2E50893F1E67C
:10D7D000059B0293089373239DF887200B97059070
:10D7E00012900F900C93FEF702BD0DF19A02CCE758
:10D7F000119B5A4E002B049BA8BF9DF8872023F055
:10D800008003B8BF2D220493B8BF8DF88720544BF6
:10D81000FEF7E0BC059B029F0893CBE4C3F1010334
:10D820001A4422EAE2730293672308920C93CEE62D
:10D8300051460029DDF820A00D9E4446FFF685AE36
:10D840004B1C3B44302207F8012B9F42FBD17DE665
:10D8500067230C9317990B78FF2B74D000250D9A32
:10D86000284603E001300131FF2B08D0934206DA4D
:10D87000D21A4B78002BF5D10B780135F4E71791CC
:10D880000D920F901295129A0F9B1C99CDF8109043
:10D890001344089A01FB0323089323EAE3730293DA
:10D8A00049E5149B1A445318089366230C930AE71E
:10D8B00009992CAA584603F0FDF800287EF45CAFC5
:10D8C000DDE92D352FAA30E470224DE6C8F10103C1
:10D8D00023939EE50B9A9AF8013052F8041B0B92A1
:10D8E00041EAE17182460591FEF7FABA2BB90123AC
:10D8F000662202930C92089369E6149B03F10108D7
:10D90000059B4344089323EAE373029366230C9335
:10D910005DE6DDE90201134B0022CFF79FFA0028F4
:10D920003FF413AEE8077FF510AEF3E5022318933A
:10D93000E8E4099BB3F90C3043F040033DE70C23C6
:10D94000CBF8003015E7002312930F939BE7099B58
:10D950000A90B3F90C3043F040032EE7FC5E040854
:10D96000F85E04080000E03F40CF04082DE9F84FBE
:10D970004B6E9C0490462ED5936812684BB30D46AF
:10D98000064602F1080959E9022A5FEA9A0716D009
:10D99000A2F1040B002401E0A7420ED05BF8041FA3
:10D9A0002A46304602F0C8FE431C04F10104F3D1BC
:10D9B0000023C8E90133BDE8F88FD8F808302AF011
:10D9C000030AA3EB0A03C8F8083009F10809002B81
:10D9D000D9D10020ECE702F0EDFE0023C8E90133C5
:10D9E000BDE8F88F2DE9F04FC7B016AFCDE905219E
:10D9F00083460822002138461C460A93FDF7F6FDAF
:10DA0000BBF1000F04D0DBF83430002B00F0E286CD
:10DA1000069A536EB2F90C20DE0702D4950540F148
:10DA20000E86900407D406994B6E42F4005223F4FC
:10DA300000538A814B66110740F1C880069B1B6921
:10DA4000002B00F0C38002F01A030A2B00F0CD80F7
:10DA50000023CDE91B33CDE90E331DAADFF8F4A86E
:10DA60000D931A92914610930793059DDAF8E440BE
:10DA700001F05CFB009703462A4614A95846A047CC
:10DA8000002800F0D180C0F2C780149A252A0346EE
:10DA900001D01D44EAE7059BEE1A044640F0C88019
:10DAA00000234FF0FF3269788DF84B3008936C1CDF
:10DAB000049202930134A1F120035A2B00F2FE805C
:10DAC000DFE813F00A03FC00FC000403FC00FC0088
:10DAD000FC006A00FC00FC000F023603FC001A0286
:10DAE0001A03FC0014035B005B005B005B005B003F
:10DAF0005B005B005B005B00FC00FC00FC00FC00CA
:10DB0000FC00FC00FC00FC00FC00C5015A02FC000B
:10DB1000FC00FC00FC00FC00FC00FC00FC00FC0025
:10DB2000FC002002FC00FC00FC009E01FC007302D3
:10DB3000FC00FC000306FC00FC00FC00FC00FC00F8
:10DB4000FC00FC00FC00FC00FC00C501EA01FC003C
:10DB5000FC00FC00C102EA017E00FC00FB02FC00AC
:10DB6000EC022606CA027E00FC009E017C00000634
:10DB7000FC00FC002A06FC007C00A1F1300300221E
:10DB800014F8011B02EB820203EB4202A1F1300305
:10DB9000092BF5D908928EE7584601F0CDFA436873
:10DBA00010931846CEF76CFA0F900546584601F0D0
:10DBB000C3FA83680E93002D40F06A85217879E7D7
:10DBC000029B217843F02003029373E7069D584699
:10DBD000294601F023FB002840F0DA86B5F90C2035
:10DBE00002F01A030A2B7FF433AF0699B1F90E3015
:10DBF000002BFFF62DAF4B6EDE0702D4950540F1EA
:10DC00008E86DDE905212346584600F0EFFE079099
:10DC1000079847B0BDE8F08F082200213846FDF78D
:10DC2000E5FC01231D4421E7059BEE1A044612D0B2
:10DC3000059B1C9AC9E900361B9B01333244072B14
:10DC40001C921B9311DC09F10809079B33440793CD
:10DC5000002C7FF425AF1C9B002B40F07C86069B9C
:10DC60000022B3F90C301B921CE0002A00F0418422
:10DC700006991AAA5846FFF779FE80B90DF1740982
:10DC8000E3E706991AAA5846FFF770FE002800F04D
:10DC9000A2800B9B1BB10B995846FDF7E1FE069B3A
:10DCA000B3F90C30069A526ED10740F19F805B06A3
:10DCB00000F17A86079847B0BDE8F08F05940029F7
:10DCC000C9D000238DF84B3001238DF8B410039395
:10DCD00009932DAC00230B9304939846DDE91B2C8C
:10DCE000029B501C13F0840301460C9305D1089B42
:10DCF000039D5D1B002D00F349839DF84B308BB1D4
:10DD000001230CF1010CC9F8043007290DF14B0374
:10DD1000CDE91B1CC9F8003000F3F8820A4609F16E
:10DD200008090131B8F1000F1DD013AB0CF1020C42
:10DD3000C9F8003007294FF00203CDE91B1CC9F8D0
:10DD4000043040F30083BCF1000F00F052840699C8
:10DD50001AAA5846FFF70AFE00289AD1DDE91B2CC3
:10DD60000DF17409511C0C9B802B00F02582049B43
:10DD700009981D1A002D00F37C82099AC9F8004009
:10DD800002EB0C030729CDE91B13C9F8042040F36B
:10DD90001082002B00F0448306991AAA5846FFF718
:10DDA000E5FD00287FF475AF1C9B0DF17409029A04
:10DDB000500705D5089A0399541A002C00F33B83A9
:10DDC000DDE9072103988142ACBF5218121807926F
:10DDD000002B7FF456AF00231B930B9B1BB11946FE
:10DDE0005846FDF73DFE0DF174093EE69A053FF5F4
:10DDF0005EAF069CA06DD0F7DDFFB4F90C3056E79E
:10DE00000A9E059456F8044B00238DF84B30002CE5
:10DE100000F0F884532900F09C84029B13F0100555
:10DE200040F09784049B002BC0F282851A46294655
:10DE30002046CEF705FB0B90002800F07585031BEC
:10DE4000099323EAE3730B95039300F039BD0A9B12
:10DE50000594432903F1040503D0029BDC0640F13D
:10DE60005F840822002118A8FDF7C0FB0A9B2DAC97
:10DE70001A68214618AB584601F032F903460133BF
:10DE8000099000F07D85099B23EAE3730393002347
:10DE90000A958DF84B301DE7029B0594980673D5C3
:10DEA0000A9B073323F0070319465A6851F8083BC9
:10DEB0000A911146002AC0F24081049A002AC0F259
:10DEC0004981029A22F08002029253EA010240F054
:10DED0004181049B002B40F03C850393099346ACA1
:10DEE0004AE10A9B53F8042B0892002A80F29F8390
:10DEF000089A0A9352420892029B217843F0040345
:10DF00000293D7E5029B059443F0100111F0200223
:10DF100000F0F2820A9B073323F0070318465A6881
:10DF200050F8083B0A9021F480640294049C00207D
:10DF300084428DF84B0063DB53EA020421F49061C4
:10DF400040F04684029A0291049B002B50D1002895
:10DF500040F0688312F00102099200F06C833023D4
:10DF60008DF817319DF84B3003920DF21714002BEA
:10DF700040F007810B9309E1029B059443F01003E5
:10DF80000293029B98068BD402990A9AC90652F80A
:10DF9000043B00F18C8302994E0640F1468443F322
:10DFA000C0310A921BB20A4684E7029B059443F0F3
:10DFB000100212F0200100F0AE820A9B073323F01A
:10DFC00007031846596850F8083B0A9000208DF85E
:10DFD0004B0004980028C0F2B28222F08000029028
:10DFE00053EA010040F0B680049B0120002BAED024
:10DFF000012800F0AE84002302281A4600F0AF8109
:10E0000046AC03F00701DB0843EA4273D208303123
:10E0100053EA0205204604F8011DF2D1029BDD07F8
:10E0200040F1AB81302900F0A8813023049A04F834
:10E03000013C023846AB1B1A9A42B8BF1A460993F4
:10E040000446039298E02178029B682900F0CE8371
:10E0500043F0400302932DE5029B0A9A059443F096
:10E060000203029352F8043B0A9247F63002ADF8DD
:10E070004C20B74A0D92002200218DF84B100499D4
:10E080000029C0F26C81029C53EA020024F0800156
:10E0900040F0648122460291022055E7029B0594DC
:10E0A0009C0640F1E0820A9B079A1B681A60D2170F
:10E0B0005A600A9B04330A93D7E42178029B6C29A7
:10E0C00000F08D8343F010030293F3E4029B217868
:10E0D00043F001030293EDE49DF84B302178002BCF
:10E0E0007FF4E8AC20238DF84B30E3E4029B2178E9
:10E0F00043F080030293DDE4204610F8011B2A2937
:10E1000000F05F84A1F13003092B98BF002200F2D8
:10E110001B8410F8011B02EB820203EB4202A1F107
:10E120003003092BF5D942EAE27304930446C2E4B2
:10E130002B2321788DF84B30BCE42D228DF84B2019
:10E14000049A5B4261EB4101002A03DB029A22F050
:10E15000800202920A2B71F1000280F0F6813033C6
:10E16000DBB28DF81731049B012BB8BF0123039359
:10E17000012309930DF217149DF84B30002B3FF447
:10E18000F9AE00230B93039B01330393029B13F01F
:10E1900002083FF4A3AD039B023303934FF0020840
:10E1A0009CE5099B1D9401221E931C931B920DF16B
:10E1B000740909F10809FAE5089B03981D1A002D56
:10E1C0007FF7D5AD102D40F3F483DFF88C81414605
:10E1D0006346A046CC461026DDF818900C4606E0B3
:10E1E000901C0CF1080C0A46103D102D1ADD511C34
:10E1F00010330729CCE90046CDE91B13F0DD1AAA3C
:10E20000002B7ED049465846FFF7B0FB00287FF42C
:10E2100040ADDDE91B23103D102D02F101000DF191
:10E22000740CE4DCE1469C46234644469846AC44E4
:10E230000728CDE91B0CC9F80080C9F8045040F349
:10E240000682BCF1000F00F0478306991AAA5846CF
:10E25000FFF78CFB00287FF41CAD049B0998DDE9D7
:10E260001B2C1D1A002D02F101010DF174097FF71D
:10E2700084AD102DDFF8E08030DD63461026CC46FB
:10E28000A9462546069C08E0911C0CF1080C0246A4
:10E29000A9F11009B9F1100F1CDD501C2E491033E3
:10E2A0000728CCE90016CDE91B03EDDD1AAA1BB344
:10E2B00021465846FFF75AFB00287FF4EAACDDE917
:10E2C0001B23A9F11009B9F1100F02F101010DF1A1
:10E2D000740CE2DC2C464D46E1469C46AC440729D2
:10E2E000CDE91B1CC9F80080C9F8045000F3EE808A
:10E2F00009F10809013140E501211A460DF1740CBC
:10E30000C6E701201A460DF1740C6DE7BCF1000F51
:10E310000DD006991AAA5846FFF728FB00287FF46B
:10E32000B8ACDDE91B2C0DF17409511CFAE4B8F10D
:10E33000000F00F0C18102231E939C4613AB1D9376
:10E3400001210DF174090A4609F1080901310AE5B4
:10E35000005F04087007001060CF040802910D9858
:10E3600046AC03F00F011B09415C04F8011D43EAB0
:10E370000273120953EA0201F3D1049A46AB1B1B44
:10E380009A42B8BF1A4609930392F5E6102D40F35E
:10E39000D8824946CDF84480A146BB4EDDF81880AE
:10E3A0001023644607E002F1020E08310246103DD8
:10E3B000102D1ADD501C10340728C1E90063CDE987
:10E3C0001B04F0DD1AAA4146584624B3FFF7CEFAE3
:10E3D00000287FF45EACDDE91B24103D102D02F116
:10E3E000010E1DA94FF01003E4DCDDF84480A446C3
:10E3F0004C468946AC44BEF1070FCDE91BECC9F889
:10E400000060C9F8045000F3FA8009F108090EF120
:10E410000101724671E422464FF0010E1DA9C6E7C4
:10E42000029A1B93540748D5089A0399541A002C52
:10E4300043DD0DF17409102C1B9940F39682924E26
:10E44000DDF81880102506E0881C09F1080911463E
:10E45000103C102C19DD4A1C1033072AC9E900654D
:10E46000CDE91B23F0DD1AAA13B341465846FFF746
:10E470007DFA00287FF40DACDDE91B13103C102C55
:10E4800001F101000DF17409E5DC23440728C9E915
:10E490000064CDE91B037FF793AC73B106991AAA08
:10E4A0005846FFF763FA00287FF4F3AB1C9B87E420
:10E4B000012019460DF17409CAE7DDE90732039915
:10E4C0008A42ACBF9B185B18079384E4BCF1000F31
:10E4D0003FF467AE06991AAA5846FFF747FA002894
:10E4E0007FF4D7AB1B99DDF870C001310DF17409D1
:10E4F00043E41B92FFF7C2BB0A9811F0100450F8D6
:10E50000043B40F0AE8011F0400500F0A6809BB2C5
:10E5100022460A9007E50A9812F0100450F8043BCE
:10E5200005D112F0400500F077819BB221460A9098
:10E5300000208DF84B0004980028BFF64EAD0A2B42
:10E54000029271F10002FFF40AAE029ACDF80C902B
:10E5500046AC02F48062A146CDF824B04B4EDDF803
:10E5600038B04FF0000C144605E00A2B71F10001A1
:10E5700037D3434629465A1842F10002A6FB02054A
:10E5800025F0030000EB9500121A981A4FF0CC35D5
:10E5900061F1000E05FB00F506FB0E55A0FB0680A1
:10E5A000054408F0010E0520AEFB000E80184FEA6E
:10E5B0005808303009F8010C48EAC5780CF1010C14
:10E5C00009F1FF396D08002CCFD09BF8002062457F
:10E5D000CBD1BCF1FF0FC8D00A2B71F1000180F044
:10E5E0005C81CDF838B04C46DDF824B0DDF80C90F5
:10E5F000C3E6012162460DF17409FFF7B4BBBCF11B
:10E60000000F00F0978006991AAA5846FFF7AEF956
:10E6100000287FF43EABDDE91B2C0DF17409511C81
:10E62000FFF76BBB049B0393099346ACA4E52178E9
:10E630000A93FFF73FBA049B039346AC9CE5069D03
:10E64000A86DD0F79BFBB5F90C20FFF7EAB909F1EB
:10E650000809411C0246FFF78ABB11F4007240F022
:10E6600044810A905FE4029BD80600F1C680029BB9
:10E67000590600F14581029B9A0540F1BE800A9B34
:10E68000079A1B681A7014E570CF0408CDCCCCCC67
:10E690000E9B2178002B3FF40DAA1B78002B3FF432
:10E6A00009AA029B43F480630293FFF703BAD917C8
:10E6B0000A920A46FFF7FEBB624601210DF174097A
:10E6C000FFF751BB029A059473E4A94B05940D938F
:10E6D000029B13F0200264D00A9B073323F0070348
:10E6E00018465A6850F8083B0A90029CE6070AD57B
:10E6F00053EA020007D08DF84D1044F00201029158
:10E7000030218DF84C10029921F480610291B3E41C
:10E7100002990594FFF7FABB964B05940D93D7E742
:10E720000A9B1B688DF8B4300123039309932DAC29
:10E73000FFF7ADBB9DF84B30002B00F0DB800121D3
:10E740000DF14B031E911D930DF174098C46FFF7DB
:10E75000E5BA0822002118A81594FCF747FF049B8E
:10E76000002B6DDB0025CDF80C90A84699460EE0F5
:10E770002DA9584600F0B4FC431C404400F0008131
:10E78000484509DC05F1040500F017818046159A1B
:10E79000525918AB002AEBD1DDF80C90CDF824804B
:10E7A0005CE0029C0A9814F0100450F8043B0DD170
:10E7B000029A12F0400203D09BB222460A9094E7DC
:10E7C000029C14F4007440F08D8022460A908CE77D
:10E7D000029115E45846FDF779F8FFF719B943F0AF
:10E7E0002003617802930134FFF764B943F40073A6
:10E7F000617802930134FFF75DB90A9B079A1B68A1
:10E800001A6056E4049B5C4C062B28BF0623CDE916
:10E8100009360393FFF75EBA12F400713FF487AE36
:10E82000DBB229460A90FFF7D1BB02990A928D0507
:10E830004ABF43F3C011D9175BB20A46FFF73ABB90
:10E8400018AB00930023194615AA584600F0C2FDE4
:10E8500003460133099000F093801594099B63B33C
:10E86000632B53DC00230B932DAC0822002118A846
:10E87000FCF7BCFE099D18AB009315AA2B46214658
:10E88000584600F0A7FD854240F0A680099A002373
:10E89000A35422EAE273039312E00F9B1099A9EBB1
:10E8A00003091A46484601F081FE9BF801300BB17E
:10E8B0000BF1010B4FF0000C5BE6099B03930B93EC
:10E8C0009DF84B301BB100230A9604935BE404933C
:10E8D0000A969846FFF702BA012162460DF17409C3
:10E8E000FFF745BADBB20A90FFE6DBB22A460A9090
:10E8F000FFF719BB624601210DF17409FFF712BA47
:10E900000A9B079A1B681A80FFF7D3BB591C58460D
:10E9100000F034F90446002832D00B90A5E7886D4A
:10E92000D0F748FAFFF76DB9049B03930993C7E743
:10E930002046CDF7A5FB20EAE07309900B950393E1
:10E94000BEE70E4E864655E5002304460493FFF7C6
:10E95000B2B8302305E406991AAA5846FFF706F81C
:10E9600000283FF47CA9FFF79AB9044E481C8CE5B7
:10E97000145F0408005F0408285F040870CF0408CF
:10E98000069AB2F90C3043F040039381FFF78AB93D
:10E99000069B5B6EDB0707D4069B9B899F0503D410
:10E9A000069B986DD0F706FA4FF0FF330793FFF7F9
:10E9B00081B9DFF83480084639E4DDE9039309932F
:10E9C0004CE70A9B617853F8042B0A9342EAE272FF
:10E9D00004460492FFF76EB8069A938943F0400309
:10E9E0009381FFF756B900BF60CF0408F0B51F460A
:10E9F0008B89ADF26C4D23F00203ADF80C301AABED
:10EA0000009304934FF48063029305934B6E199324
:10EA1000CB89ADF80E30CB6907934B6A0993154645
:10EA20000023064616A80C460693D0F789F92A4615
:10EA30003B4669463046FEF7D5FF051E07DB6946B3
:10EA4000304601F057FD002818BF4FF0FF35BDF8E4
:10EA50000C305B0603D5A38943F04003A3811698CD
:10EA6000D0F78AF928460DF26C4DF0BD134B9C4649
:10EA700010B503F5806E5CF8083F596821F003017A
:10EA80000F290C46D4BF00200120DCF80C309C4537
:10EA900008D05A68DB6822F003029C45114400F15B
:10EAA0000100F6D10CF1080CE645EED1044B1A68D2
:10EAB0005860521AC3E907215C6210BD6803001058
:10EAC0008C33012070B50C4C054608460E4600F00C
:10EAD00075FCFFF7CBFF0FCCAC46ACE80F000FCCBA
:10EAE000ACE80F0094E803008CE80300304600F027
:10EAF0006BFC284670BD00BF8C3301202DE9F84324
:10EB00001B4D0646286898460F469146D0F736F9C1
:10EB1000184B1C681CB3286865681F2D22DC4EB991
:10EB20006B1C0235636044F82570D0F743F9002070
:10EB3000BDE8F88304EB85010123C1F88890D4F87F
:10EB40008821AB401A43022EC4F88821C1F80881FD
:10EB5000E6D1D4F88C211A43C4F88C21E0E7064CA6
:10EB60001C60D8E7D0F726F94FF0FF30E0E700BF90
:10EB700024020010B8300120FC3101202DE9F04FB3
:10EB800001F10B05162D83B0064623D8102900F29B
:10EB9000AF8000F013FC102518230220B74F3B4430
:10EBA000A3F108025C68944200F01E816368E26889
:10EBB000A16823F00303CA602344304691605A6879
:10EBC00042F001025A6000F0FFFB0834204603B017
:10EBD000BDE8F08F35F0070500F18A80A94200F208
:10EBE000878000F0EBFBB5F5FC7FC0F06E816B0A0F
:10EBF00000F08280042B00F21D81AB0903F1390083
:10EC000003F1380EC3009D4F3B44A3F1080C5C6830
:10EC1000A44507D10DE0002AE16880F2DF808C4531
:10EC200007D00C46636823F003035A1B0F2AF2DD5A
:10EC30007046DFF860823C69444500F0BC80636840
:10EC400023F0030CACEB05030F2B00F34281002BE8
:10EC5000C7E9048880F22D81BCF5007FD7F804E075
:10EC600080F0C8804FEADC0101314FEA5C1C0123CF
:10EC700003FA0CF357F83120A2604EEA030E07EBBB
:10EC8000C103083BE360C7F804E047F83140D460B3
:10EC900083104FF0010C0CFA03FCF44532D81CEA47
:10ECA0000E0F08D120F003004FEA4C0C1CEA0E0FA7
:10ECB00000F10400F8D007EBC00AD6468146DEF822
:10ECC0000C300BE0596821F003014A1B0F2A1C4647
:10ECD000DB6800F3BB80002A80F2DE809E45F1D124
:10ECE00009F1010919F0030F0EF1080EE7D119E13E
:10ECF0000C233360002469E74FF4007340204FF089
:10ED00003F0E80E7BC68636823F00309A94503D37D
:10ED1000A9EB05030F2B51DC594B1B68082003F1AD
:10ED2000100804EB0903009300F06AFA554A1368CF
:10ED30000133A844834605D008F1FF38804443429C
:10ED400003EA080841463046FDF726F8B0F1FF3FD8
:10ED50004C4A824600F0D880009B834200F2D28069
:10ED6000494B186840440BF1FF311860844640F06D
:10ED7000FC801AEA010F40F0F880D7F808A0C844D8
:10ED800048F00102CAF80420404B1968814238BF9C
:10ED900018603F4B1968814238BF1860544622F012
:10EDA0000308A845A8EB050301D30F2B06DC30466A
:10EDB00000F00AFB9EE7D7F804E069E7621943F028
:10EDC000010345F0010565603046BA60536000F00C
:10EDD000FBFA0834204603B0BDE8F08FA268234454
:10EDE000D16030468A60EAE6DC68A3427FF4DEAE9A
:10EDF00002301EE7BCF5206F4FEA5C227BD3142A59
:10EE000000F2128102F15C03DB005B32F918FB585F
:10EE10000839994203D1ECE09B68994204D05A68C2
:10EE200022F003026245F7D8D968C4E902318C6048
:10EE3000DC602DE7142B6AD9542B00F2FE802B0BDB
:10EE400003F16F0003F16E0EC300DCE6D4F808C0D6
:10EE50003046661945F001056560CCF80C30C3F802
:10EE600008C042F00103C7E90466C6E9028873607E
:10EE7000625000F0A9FA0834A8E600BF6803001049
:10EE8000BC3301205C0300108C330120B833012017
:10EE9000B433012070030010214430464A6842F028
:10EEA00001024A6054F8082FD3609A6000F08CFA8F
:10EEB0008CE6A4443046DCF8043043F00103CCF87F
:10EEC000043000F081FA083480E6E80805F1080310
:10EED00064E6621943F0010145F0010565603046C2
:10EEE000C7E90422C2E90288516044F80C3000F0FE
:10EEF0006BFA08346AE64FEA9C1202F13903DB0030
:10EF0000383283E7BC4228D0BC68626847E703F127
:10EF10005C0003F15B0EC30075E65AF808395345EF
:10EF200040F0D98010F0030F00F1FF30F5D17B687D
:10EF300023EA0C037B604FEA4C0C9C453FF6E2AEA3
:10EF4000BCF1000F04D1DDE64FEA4C0C09F10409D5
:10EF50001CEA030FF8D04846ADE6604B186808EB92
:10EF6000000C0BF1FF31C3F800C0106801306ED007
:10EF7000009AAAEB020262441A601AF00702CDE975
:10EF8000002340D0C2F108029244D04408EA0100B4
:10EF90005A44121A02EA010B59463046FCF7FCFEAD
:10EFA000421C019B6FD0A0EB0A0000EB0B08186815
:10EFB000C7F808A048F001025844BC42CAF804202F
:10EFC00018603FF4E1AEB9F10F0F43D96168A9F1C0
:10EFD0000C0222F0070201F00101114361604FF0C1
:10EFE000050CA1180F2AC1E901CC54D8DAF8042085
:10EFF000CAE692104FF0010C0CFA02F24EEA020E31
:10F00000C7F804E011E70AEB08020A40ABEB020282
:10F0100002EA010B59463046FCF7BEFE431C019B39
:10F02000C1D1DDF800B0C2E7542A17D84FEA1C322C
:10F0300002F16F03DB006E32E8E6B3F5AA7F17D862
:10F04000EB0B03F1780003F1770EC300DBE5C2F8A8
:10F0500000A092E70123CAF80430A8E6B2F5AA7F1F
:10F0600024D84FEADC3202F17803DB007732CDE6B8
:10F0700040F25452934224D8AB0C03F17D0003F1CB
:10F080007C0EC300BFE5009A083A9044A8EB0A083A
:10F090004FF0000B8BE7304604F108010093FCF7BA
:10F0A000DFFC009BD7F808A018689FE740F2545394
:10F0B0009A420CD84FEA9C4202F17D03DB007C327D
:10F0C000A4E64FF47E737F204FF07E0E9BE54FF455
:10F0D0007E737E229AE67B682DE700BF8C33012089
:10F0E00070B5054684B05BB11C460F4BD3F8E060A9
:10F0F000234669B12846B047431C0FD004B070BD09
:10F10000094B00F58274D3F8E06023460029F1D161
:10F110000A46284601A9B047431CEFD100228A23A2
:10F1200022602B6004B070BD70070010014B93F893
:10F1300028017047700700100048704760080010F1
:10F1400070B500293FD006460C4610B1436B002B2A
:10F150003CD0636EB4F90C20DD0732D4900538D56D
:10F160002146304601F02AF9E36A054633B1E169E8
:10F17000304698470028B8BF4FF0FF35A3891A06DC
:10F1800039D4216B41B104F14003994202D0304699
:10F19000FCF766FC00232363616C21B13046FCF769
:10F1A0005FFC00236364FCF7AFFB636E0022DB07A8
:10F1B000A2811CD5A06DCFF7DFFDFCF7ABFB284685
:10F1C00070BD002ACCD10025284670BDFCF77EFB1F
:10F1D000BFE7A06DCFF7D2FDB4F90C30002BBFD143
:10F1E000636ED907EFD4A06DCFF7E4FDEBE7A06D18
:10F1F000CFF7E0FDDEE721693046FCF731FCC0E7E0
:10F20000082802D14FF48050704708B5FCF7D0F8B9
:10F21000162303604FF0FF3008BD00BF38B52F4BF9
:10F220001B6805460C4613B15A6B002A4BD0B4F943
:10F230000C3018071CD5226922B313F0010107D046
:10F24000616900204942A060A1613AB1002038BD47
:10F25000980758BF6169A160002AF7D1190658BF05
:10F260001046F4D543F04003A3814FF0FF3038BD82
:10F27000D9062CD55A0712D4226943F00803A3817A
:10F28000002ADAD103F42071B1F5007FD5D02146F0
:10F29000284600F025F8B4F90C302269CDE7216B3F
:10F2A00051B104F14002914204D02846FCF7D8FB4A
:10F2B000B4F90C300022226322690021C4E9002144
:10F2C00023F02403D9E71846FCF700FBAFE7092237
:10F2D00043F040032A60A381C7E700BF2802001063
:10F2E0002DE9F041B1F90C300C46990796B008D5DC
:10F2F00004F143030122C4E90432236016B0BDE8DF
:10F30000F081B4F90E100029064626DB6A4601F0AA
:10F3100081F900281FDB019D05F47045A5F5005516
:10F32000B5FA85F54FF480686D094FF400674146E2
:10F330003046FFF723FCE8B1B4F90C30C4F8148070
:10F3400043F0800320602061A3813DBB3B43A38148
:10F3500016B0BDE8F081B4F90C3013F0800519D077
:10F360004FF040080025414630462F46FFF706FC87
:10F370000028E1D1B4F90C309A05BFD423F003037F
:10F3800004F1430243F002030121C4E90421A381F3
:10F390002260B3E74FF480682F46C8E7B4F90E1037
:10F3A000304601F04DF910B9B4F90C30CEE7A3891D
:10F3B00023F0030343F001031BB2C7E70148CFF773
:10F3C000DDBC00BF640D01200148CFF7F3BC00BFD6
:10F3D000640D012010B582B0049CCDE900344FF0DB
:10F3E000FF3302F0D1F802B010BD00BF2DE9F04F9D
:10F3F00003690C69A34283B0C0F28A80013C01F129
:10F40000140500F1140855F8243058F8242001336D
:10F410009A428E4681464FEA840105EB840708EB49
:10F42000840AB2FBF3F63AD3CDE900150022AC46CC
:10F43000404613465CF8041B05681FFA81FB06FB77
:10F440000B22090C4FEA124B06FB01BB92B2A9B288
:10F45000891A19441FFA8BF3C3EB214303EB1543BD
:10F4600089B241EA0341674540F8041B4FEA1B4259
:10F470004FEA2343DED2DDE9001558F8013073B9B5
:10F48000AAF1040AD04504D307E0D04504F1FF34C3
:10F4900003D25AF80439002BF7D0C9F8104071464E
:10F4A000484601F07FFE00282EDB4146002255F839
:10F4B000040BD1F800C01FFA80FE1FFA8CF3A3EBF7
:10F4C0000E031344020CC2EB234202EB1C429BB21C
:10F4D00043EA0243AF4241F8043B4FEA2242E6D2FC
:10F4E00058F8242008EB84036AB9043B434504D848
:10F4F00007E0984504F1FF3403D253F80429002AA9
:10F50000F7D0C9F810400136304603B0BDE8F08F9F
:10F51000002003B0BDE8F08F2DE9F04F9DB0CDE99C
:10F520000A320291816B269D04908DED060B57ECFB
:10F53000106B49B1C26B4A600123934004468B6053
:10F5400001F0CEFB0023A363B7F10009B4BF012390
:10F5500000232B60764BBCBF29F00049CDF81C90EE
:10F5600033EA090300F0AA809DED067B002251ECEE
:10F57000170B00238DED007BCDF770FC804668B142
:10F580000A9A01231360279B13B1279A694B1360D2
:10F59000694B059305981DB0BDE8F08F9DED000BFC
:10F5A00004981AAA1BA901F0DBFE5FEA19558246EE
:10F5B00040F09A80DDE91A85454405F23243202B5C
:10F5C00040F38A83C3F1400309FA03F905F21243B9
:10F5D00026FA03F349EA0300CDF75EF90123013D62
:10F5E000A1F1F8711293554B0022CDF717F84AA3F9
:10F5F000D3E90023CDF7CAF949A3D3E90023CDF716
:10F600000FF8064628460F46CDF756F946A3D3E92C
:10F610000023CDF7BBF902460B4630463946CCF7FE
:10F62000FFFF06460F46CDF761FC00220446099015
:10F63000002330463946CDF71BFC002840F02283DA
:10F64000099CA8EB050808F1FF33162C089300F27B
:10F650008A813B4B03EBC403D3E90023DDE90001BE
:10F66000CDF706FC002871D0631E09930023119387
:10F67000089B002BC0F27D8100230C93099B002B7B
:10F680006ADA099B0C9A0D93D21A0C925A42002303
:10F690000993029B1092092B68D8052B40F3218314
:10F6A000043B02930025029B023B032B00F23686AB
:10F6B000DFE813F06E046B04630447040A9AC9F38D
:10F6C000130942F20F7359EA060913601CD1279BF4
:10F6D000002B00F043861B4B05930833279A0598AF
:10F6E00013601DB0BDE8F08FDDE90012C2F3130313
:10F6F000084643F07F51CDF84880A5F2FF35DDF88C
:10F70000688041F440116EE7279B002B40F0F483A2
:10F710000D4B05933EE700BF61436F63A787D23F60
:10F72000B3C8608B288AC63FFB799F501344D33FF0
:10F730000000F07F315F0408305F04080000F83FEC
:10F74000B8CF0408785F0408845F0408B8F1000F9C
:10F7500040F3A38411900C90DDE908321344089320
:10F7600000231093029B0D92092B96D900230125AB
:10F7700002930E954FF0FF3B0B93049BCDF84CB0DA
:10F780000021D963049801F085FA0590002800F063
:10F79000CE85DDE90432BBF10E0F9A6300F21881C9
:10F7A000002D00F015810D99002940F34684B34BDC
:10F7B00001F00F0203EBC203C805D3E900894FEA49
:10F7C000211540F10884AE4BDDE90001D3E908239F
:10F7D000CDF706FACDE9140105F00F0503277DB139
:10F7E000A74EE90708D540464946D6E90023CDF79C
:10F7F000CDF80137804689466D1006F10806F0D134
:10F8000042464B46DDE91401CDF7EAF980468946C8
:10F81000119B43B19B4B002240464946CDF728FB44
:10F82000002840F00B853846CDF746F842464B4657
:10F83000CDF7ACF8944B0022CCF7F2FEA1F1507357
:10F84000CDE914011593BBF1000F00F0A8800D9BCA
:10F85000CDE918B349464046CDF748FB189A874B87
:10F8600003EBC20313ED027B05468DED167BCDF74E
:10F8700023F80B46024649464046CCF7CFFE059F8B
:10F880000E9B30357E1CECB2804689463546002BF7
:10F8900000F06C84DDE916237C490020CDF7A0F947
:10F8A000DDE91423CCF7BAFE3C7042464B460446D1
:10F8B0000D46CDF7FBFA002840F0B884CDF850A0F3
:10F8C000CDF858B00027AB46A246189D2AE0013774
:10F8D000AF4280F2FD846E4B504659460022CDF770
:10F8E00055F86B4B002282468B4640464946CDF781
:10F8F0004DF889468046CDF7F9FA0446CCF7DCFF8F
:10F9000002460B4640464946CCF788FE303406F89E
:10F91000014B52465B4680468946CDF7A9FA00283E
:10F9200040F0D38442464B4656490020CCF776FE41
:10F9300052465B46CDF79CFA0028C8D0199BDDF8EB
:10F9400050A0059A374603F1010802E0974200F003
:10F950009B843E4617F8013D392BF7D00133DBB2CB
:10F960003B7045467DE101231193089B002BBFF6B8
:10F9700083AEC8F101030C93002308937EE638465A
:10F98000CCF79AFF42464B46CDF700F83E4B00229B
:10F99000CCF746FEA1F15073CDE9140115933D4B10
:10F9A000002240464946CCF739FEDDE9144522469F
:10F9B0002B4606460F46CDF779FA002840F07384AF
:10F9C00030463946224605F10043CDF751FA28BBAF
:10F9D0001B9B002BC0F290800D9A0E2A00F38C80A6
:10F9E000264B0D9A03EBC20393ED007B0B9B002B80
:10F9F0008DED027B19DABBF1000F16DC0ED1254B21
:10FA00000022DDE90201CCF7C1FF02460B46DDE929
:10FA10000001CDF737FA002800F045840023059E49
:10FA200000931F460B9BDD432DE2059B5D1CDDE92A
:10FA30000278DDE900013A464346CDF7D1F8CDF72B
:10FA400055FA0646CCF738FF3A464346CCF79EFFB8
:10FA500002460B46DDE90001CCF7E0FD059A06F110
:10FA60003003BBF1010F2F46137000F021830125F5
:10FA7000CDF800A0A846DDE9029A2BE0B8CF040833
:10FA800090CF04080000F03F00001C400000E03F61
:10FA900000002440000014404A46534620462946B0
:10FAA000CDF79EF8CDF722FA0646CCF705FF4A4679
:10FAB0005346CCF76BFF08F101080B460246294676
:10FAC0002046CCF7ABFD06F13003D84507F8013BE3
:10FAD00000F0EC82844B0022CCF758FF0022002378
:10FAE00004460D46CDF7BAF90028D5D00D9DDDF8B6
:10FAF00000A001353E46B4E00E9A002A40F0D880BE
:10FB00000023109E0C9D0E931F4665B1089A002A93
:10FB100009DD0C99AA421346A8BF2B46C91AED1A53
:10FB2000D31A0C910893109B53B10E9B13B1002E66
:10FB300040F0F7825146109A049801F061FA82462B
:10FB40000498012101F078F9099B0090002B40F006
:10FB5000BE81029B012B40F3D4810120089A1044FE
:10FB600010F01F0000F09B80C0F12003042B40F335
:10FB7000E3810C9BC0F11C00034402440C93054438
:10FB800008920C9B002B05DD514604981A4601F0A3
:10FB900091FA8246089B002B05DD009904981A46CD
:10FBA00001F088FA0090119B002B40F07581BBF1A9
:10FBB000000F40F34C810E9B002B40F0A4800D9D64
:10FBC0000135DDF81480009CDDF81090012607E077
:10FBD000514600230A22484601F08CF8013682463D
:10FBE00021465046FFF702FCB34500F1300008F80B
:10FBF000010BEDDCBBF1000F059BCCBF5E4601267F
:10FC0000814603EB060B002451460122049801F0C3
:10FC100051FA0099824601F0C5FA002840F3EE81BE
:10FC2000059A02E0934500F003825E460BF1FF3B2C
:10FC300016F8013C392BF5D001338BF80030DDF894
:10FC400010800099404601F04BF857B12CB1BC42EE
:10FC500003D02146404601F043F80498394601F0AC
:10FC60003FF80498514601F03BF8002333700A9B9B
:10FC70001D60279B002B3FF48DAC05981E601DB0C6
:10FC8000BDE8F08F2046CCF717FE32463B46CDF755
:10FC9000E5F800287FF4D4AC631E0993D0E41C235C
:10FCA0000C9A1A440C92089A1A441D44089268E768
:10FCB000029A012A40F3AD81109B0BF1FF36B3424B
:10FCC000C0F26981BBF1000FA3EB060680F2EF8260
:10FCD0000C9BA3EB0B056CE1C3F1200306FA03F0C8
:10FCE0007AE40125DFE400BF000024403946002308
:10FCF00004980A2200F0FEFF139B002B074640F3F6
:10FD0000FF820D969B46002D05DD394604982A4654
:10FD100001F0D0F90746099B002B40F0E681B84678
:10FD2000059E731E03EB0B04069B03F00103CDE954
:10FD30000B43049C00995046FFF758FB3946834615
:10FD4000504601F02FFA009905464246204601F040
:10FD50004BFAC3680BF130090146ABBB0990504622
:10FD600001F020FA09990890204600F0B9FF089A9E
:10FD7000002A54D1029B1BB90C9B002B00F0AE82D1
:10FD8000002D3FDB0B9BB3469E420BF8019B00F01E
:10FD9000C381514600230A22204600F0ABFF4745AD
:10FDA000824639464FF000034FF00A02204630D019
:10FDB00000F0A0FF4146074600230A22204600F03B
:10FDC00099FF5E468046B5E7049800F089FF002D54
:10FDD00006DB069B03F00102029B1D432A4329D147
:10FDE00051460122049801F065F90099824601F01C
:10FDF000D9F9002840F3F680B9F1390F00F04982B3
:10FE00000BF131090D9D06F8019B3C460135474633
:10FE100015E700F06FFF5E46074680468AE7002D33
:10FE2000C0F29382029B1D430C9B1D4300F08D8208
:10FE3000002AA7DDB9F1390F00F02B820D9D09F1E1
:10FE400001033C4606F8013B01354746F7E6029BB5
:10FE5000022B7FF7B0AEBBF1000F40F02581009977
:10FE600004985B46052200F045FF0146009050468D
:10FE700001F098F9002840F31781059E0D9D31236C
:10FE800006F8013B01350099049800F029FF01357F
:10FE9000002F7FF4E2AEE4E60099504601F082F9CB
:10FEA0000028BFF684AE5146002304980D9C0A2218
:10FEB00000F020FF0E9B661E8246002B7FF416AFDB
:10FEC000139B002B40F311820D9D9B4679E6014662
:10FED0001A46049801F094F8029B0090012B6EDD05
:10FEE00000230993009A136902EB8303186900F059
:10FEF00051FFC0F1200031E6984B05930333FFF723
:10FF0000EDBB069B002B7FF428AEDDE90612C2F3A1
:10FF10001303002B7FF421AE914B134033B10C9BA4
:10FF200001330C93089B013308930123099A099329
:10FF3000002A3FF412AED5E73FF423AEC0F13C03F4
:10FF4000AEE601230E930B9B0D9A134403F1010BB4
:10FF50005E46012E1393B8BF0126172E40F3F98198
:10FF6000012204235B0003F11400B042114602F1A8
:10FF70000102F7D9049BD96304E401230E930B9E7D
:10FF8000002E36DD1396B346E7E700230E93DAE73B
:10FF900000230E93F3E7109B099A1096F31A1A4464
:10FFA000089B09925B4408930C9B1D465B440C9391
:10FFB00000260498012100F03FFF0746A5E5069BB7
:10FFC000002B8DD1DDE90601C1F313030A46002B96
:10FFD000A2D0099086E79DED007B02278DED147B72
:10FFE000FFF7FDBB7FF40EAF19F0010F7FF404AFF4
:10FFF00008E701230B939B46FFF7BFBB03D119F022
:020000040804EE
:10000000010F7FF40DAE5E461BF8013D302BFAD098
:1000100015E6129A002A00F09C8003F23343089AF6
:10002000109E1A4408920C9A15461A440C92C0E786
:10003000059A31230135137001E600F0FA800D9A1C
:10004000484B554205F00F0203EBC203D3E90023EE
:10005000DDE90001CCF79AFC2D11CDE9140100F087
:100060005881414E0023022780468946EA0709D578
:10007000D6E9002340464946CCF788FC0137804644
:10008000894601236D1006F10806EFD1002B7FF49D
:10009000BFABDDE91489FFF7BBBBC8F101030890D2
:1000A0000C931190FFF758BB059EBBE4DDF800A050
:1000B00002460B46CCF7B4FA0D9DCDE9000101359F
:1000C00002460B46DDE90201A846CCF7D1FE40B955
:1000D000DDE90023DDE90201CCF7C0FE18B1F3072A
:1000E00001D5059A35E43E46BBE57968049800F0F1
:1000F000D1FD0546002800F021813B6902339A00BA
:1001000007F10C010C30CCF7EBF9049829460122D9
:1001100000F0D0FF804603E60D9D3C460135474682
:1001200072E5049C39463246204600F069FF52468B
:1001300001460746204600F0ADFE51468046204667
:1001400000F0CEFD109B9B1BC24610933FF4F8AC11
:10015000F0E41A9BC3F1360361E700BF845F040833
:100160000000F07FB8CF040890CF0408DDE9162323
:10017000DDE91401CCF70AFC059B1C70189B012BD0
:10018000CDE90E0100F0C380189F059B12961F4415
:100190007A4B002240464946CCF7F8FB0D46044610
:1001A000CCF7A4FE8146CCF787FB09F13009024663
:1001B0000B4620462946CCF731FA06F8019BBE4291
:1001C00080468946E4D1129D6D4B0022DDE90E0187
:1001D000CCF726FA02460B4640464946CCF766FE67
:1001E00000286CD1DDE90E2365490020CCF716FA12
:1001F00002460B4640464946CCF73AFE80B91B9B67
:10020000002BFFF67DAC0D9B0E2B3FF779AC5D4BC1
:100210000D9A03EBC20393ED007B8DED027B06E4A8
:100220003E46013F16F8013C302BF9D0199D0135AF
:1002300017E5DDE900890227FFF7EABABBF1000FF5
:100240003FF49DAB139C002C7FF7C2AB0D9B013B91
:100250000022404649461993484BCCF797FB80460D
:100260008946781CCCF728FB42464B46CCF78EFBE0
:10027000454B0022CCF7D4F9A1F15073CDE914011C
:1002800018941593FFF7E6BA08F101083123FFF738
:1002900067BB0D9D059AB34639233C460BF8013BDD
:1002A00001354746C1E4002300931F46E5E5089B5E
:1002B0005B4408930C9B1D465B440C9379E6199BA9
:1002C000059A03F10108FFF744BBDDF850A0ADE744
:1002D000DDF850A0DDF858B0FFF77ABBB9F1390F5F
:1002E000D7D0002D3FF78CAD8CE5029B022B03DCB1
:1002F0000D9DDDF84CB064E4DDF84CB00D96AAE538
:10030000029B022BF8DCDDF84CB00D96FBE437467F
:100310005AE7DDE914890227FFF77ABA049B002522
:10032000DD632946184600F0B5FC0590D0B9174B9F
:100330001748002240F2AF11FBF738F9134B14486D
:100340002A4640F2EF21FBF731F9002A3FF748AD8A
:1003500058E5049B0021D963FFF714BA0D4B0593B0
:10036000FFF718B9DDE904329A634FF0FF33012239
:100370000B9513930E929B46FFF72ABB0000244077
:100380000000E03FB8CF040800001C40885F04086C
:100390009C5F0408785F040838B5074D00220446C6
:1003A00008462A60CEF76EFC431C00D038BD2B688F
:1003B000002BFBD0236038BDBC300120B1F90C20EC
:1003C0002DE9F04116070C4680464ED4496842F4A8
:1003D00000630029A38163DDA56A002D42D00021BE
:1003E00012F48052D8F80060C8F80010E16964D1B6
:1003F00001234046A847451C02466ED0B4F90C3094
:10040000A56AE169580705D56368D21A236B0BB159
:10041000E36BD21A00234046A847431C4FD1D8F8BB
:100420000010B4F90C301D2940D8314ACA40D70712
:100430003CD52269226023F40062A281DD044FF0E2
:100440000002626001D5002945D0216BC8F8006028
:1004500041B104F14003994202D04046FBF700FB52
:10046000002323630020BDE8F0810E69002EF9D03F
:100470000D680E6092070CBF4B690023AD1B8B60AB
:100480000BE02B463246E169676A4046B847B0F157
:10049000000CA5EB0C05664406DD002DF1DCE1E760
:1004A000E16B002998DCDDE7B4F90C3043F0400340
:1004B000A3814FF0FF30BDE8F081226DA2E7B4F9CF
:1004C0000C302269226023F40062A281DB044FF029
:1004D00000026260B9D52065B7E7D8F80030002B7C
:1004E0008CD01D2B01D0162BDED1C8F80060B9E7E7
:1004F0000100402038B50C46054608B1436B03B3F4
:10050000B4F90C0088B1636EDB0701D481050FD507
:1005100028462146FFF752FF636EDA07054602D4EC
:10052000A3899B0508D5284638BD0546284638BD11
:10053000A06DCEF723FCEBE7A06DCEF73BFC284681
:1005400038BDFBF7C3F9DBE770B555EC104B064639
:10055000134825F000430021834231601DD8204616
:1005600018431AD00F4828402A4658B90E4B00228B
:1005700020462946CCF70AFA0A4621F000430446F1
:100580006FF035011B156FF31E52A3F2FE3342F0DC
:100590007F550B4445F40015336045EC104B70BD9E
:1005A000FFFFEF7F0000F07F0000504340EA0103AF
:1005B0009B0710B501D1032A17D8844601F1FF3EED
:1005C00007E01EF8011F03F8011B541E29B19C46C9
:1005D00022466346002AF4D110BD9444002CFBD07F
:1005E00003F8011B6345FBD110BD8E468446DEF83F
:1005F0000040A4F1013323EA040313F0803F714665
:100600000EF1040EDAD1043A032A4CF8044BEED86A
:100610007146D3E770B50C46084D034600262046C8
:1006200011461C462E60CEF731FB431C00D070BD36
:100630002B68002BFBD0236070BD00BFBC300120B5
:1006400038B5074D0022044608462A60CEF724FB41
:10065000431C00D038BD2B68002BFBD0236038BD75
:10066000BC30012038B50C46084D84461146204662
:100670001A4600232B606446CEF710FB431C00D0C3
:1006800038BD2B68002BFBD0236038BDBC30012067
:1006900038B50C46084D8446114620461A460023BC
:1006A0002B606446CEF7D2FA431C00D038BD2B68CD
:1006B000002BFBD0236038BDBC30012070B582B068
:1006C00006460D461446FEF731FD012802D16B1E89
:1006D000FE2B26D904F15C032A4601A93046FEF719
:1006E000FFFC431C20D078B1A3689DF80410013BA7
:1006F000002BA36004DAA269934208DB0A2906D022
:1007000023685A1C22601970284602B070BD224628
:10071000304600F053FA0130F6D14FF0FF3002B00E
:1007200070BD8DF80450DFE7A38943F04003A38137
:100730004FF0FF30F3E700BF30B51446526EB4F906
:100740000C300546D00783B001D49A051CD5980417
:1007500006D4626E43F4005342F40052A3816266F1
:1007600022462846FFF7AAFF636EDA07054602D441
:10077000A3899B0502D5284603B030BDA06DCEF7F6
:1007800019FB284603B030BDA06D0191CEF7F6FAF3
:10079000B4F90C300199DAE749B1FF2A02D80A709E
:1007A000012070478A2303604FF0FF3070470846EE
:1007B000704700BF9368002B00F0F8802DE9F04FE0
:1007C000B1F90CC01CF0080F83B0904681460C466E
:1007D00031D00B697BB31CF00207D8F8006038D029
:1007E0000027D4F824B0E169DFF8C4A23D4655459E
:1007F0002B463A4628BF53464846C5B1D84700283D
:1008000040F3CA80D8F808301B1A07442D1AC8F8DC
:100810000830002B00F0B68055452B46D4F824B0A4
:10082000E16928BF53463A464846002DE6D1D6E94D
:1008300000750836DBE721464846FEF7EFFC002846
:1008400040F0AF80B4F90CC0D8F800601CF002078B
:10085000C6D11CF0010A63D12368A1685746184627
:100860008B46002F58D01CF4007F00F0B580B942B1
:100870000A4600F2E1801CF4906F2FD02169626972
:100880005D1A02EB420202EBD2726B1C52103B4427
:10089000934292BF93469B461A461CF4806F00F029
:1008A000EA8011464846FEF769F9002800F0F98011
:1008B0002A4621690090CBF713FEA289009B22F4FF
:1008C000906242F08002A2815819ABEB0505C4F892
:1008D00014B02361A5602060BB463A4651460092A1
:1008E000FAF7E4FDA1682368009AA1EB0B011A4412
:1008F0003D46A16022600027D8F808305B1BAA445F
:10090000C8F80830002B3DD02368A168B4F90CC0AA
:1009100018468B46002FA6D1D6E900A708369EE7D9
:100920003846BB463D460097002D41D0002846D0B2
:10093000009A2068A168D4E90473AA4228BF2A4615
:10094000B84204D901EB030A524500F38580934273
:1009500075DCE169676A5A464846B847B0F1000A53
:100960001ADD009BB3EB0A0300930FD00120D8F8E7
:100970000830A3EB0A03D344A5EB0A05C8F80830F6
:10098000002BD1D1002003B0BDE8F08F21464846AE
:10099000FFF7B0FD0028EAD0B4F90C3043F0400373
:1009A000A3814FF0FF3003B0BDE8F08F0020704707
:1009B000756833460836002DFAD0D3F800B02A46C1
:1009C0000A215846CBF73CFD002867D00130A0EB48
:1009D0000B0300931A46ACE722699A4214D362696A
:1009E000BA4211D86FF00043BB4228BF3B46656A4C
:1009F00093FBF2F3E16902FB03F348465246A84732
:100A0000051EC9DD7F1B77E7B94228BF39460D4671
:100A100018460A465146FAF749FDA1682368491B62
:100A20002B44A16023600029ECD121464846FFF702
:100A300061FD0028E6D0AFE7BB463A464EE759468F
:100A40000192FAF733FD019AA3689B1AA360236809
:100A500013442360924684E759465246FAF726FD2E
:100A600023685344236021464846FFF743FD00288E
:100A70003FF477AF90E7484600F098FD0346002822
:100A80007FF422AF21694846FAF7EAFFB4F90C3047
:100A90000C22C9F8002023F080037FE76A1C009233
:100AA00047E70C22B4F90C30C9F8002076E700BF04
:100AB00000FCFF7F2DE9F04F9368176883B09246E2
:100AC000002B74D04FF0000B8B680A6881460C46EF
:100AD0005D4645E0B4F90C3013F4906F2CD0D4E9A6
:100AE0000401161A01EB410202EBD272711C521082
:100AF0002944914292BF904688460A465B0539D503
:100B000011464846FEF73AF8019000283DD032469B
:100B10002169CBF7E5FCA289019B22F4906242F0A7
:100B20008002A2819819A8EB0606A660C4F814807A
:100B300023612060A8462E4632465946FAF7B6FC95
:100B4000DAF80810A3682268A3EB08033244491BB3
:100B5000A3602260CAF8081049B3D7E900B5083786
:100B600098461046002DF8D09D421E46B2D2A846A7
:100B70002E46E1E70146484600F018FD03460028EE
:100B8000D0D121694846FAF76BFFA3890C2243F0C4
:100B90004003C9F800204FF0FF30A381002200235A
:100BA000CAF80820CAF8043003B0BDE8F08F00206E
:100BB0000023CAF8043003B0BDE8F08FF8B50D4645
:100BC0001446064610B1436B002B4AD0B4F90C20F2
:100BD000A369A36010071BD52369CBB1EDB29104C3
:100BE0002F4621D522686169D31A994228DD013345
:100BF000A1680139A160511C2160157062699A4297
:100C000026D0A389DB0701D50A2D21D03846F8BDAF
:100C100021463046FEF702FB00BBB4F90C202369E5
:100C2000EDB291042F46DDD442F40052A281626EEF
:100C3000616922F4005262662268D31A9942D6DCB6
:100C400021463046FFF756FC40B922680123CFE722
:100C500021463046FFF74EFC0028D7D04FF0FF3733
:100C6000D4E7FAF733FEB1E782B049B15AB16BB1BC
:100C700013780B601278101E18BF012002B0704765
:100C800001A9002AF3D1104602B070476FF00100AD
:100C9000F4E700BF436C70B505460C464BB153F802
:100CA000240080B1026843F824200023C0E9033304
:100CB00070BD2122042100F0B3FB034668640028C4
:100CC000EDD1002070BD012101FA04F6721D9200E1
:100CD000284600F0A5FB0028F3D0C0E90146E4E770
:100CE00031B1436C4A6853F82200086043F822107F
:100CF000704700BF2DE9F0410D6907460E461C46BE
:100D000001F1140E0020DEF800108BB202FB034349
:100D10004FEA134C090C02FB01CC01309BB203EBF0
:100D20000C4385424EF8043B4FEA1C44EBDC3CB1DB
:100D3000B368AB4207DD06EB850301355C613561C5
:100D40003046BDE8F081716838460131FFF7A2FFF7
:100D50008046A8B13269023206F10C0192000C30D3
:100D6000CBF7BEFB7B6C726853F82210316043F8FE
:100D70002260464606EB850301355C613561DFE79D
:100D8000024B03484246BA21FAF710FC885F040878
:100D9000F85F0408B0F5803F034636BF0304002027
:100DA0001020B3F1807F3CBF1B020830B3F1805F9D
:100DB0003CBF1B010430B3F1804F03D3002B06DB93
:100DC000013070479B0003D45B0003D420207047A0
:100DD0000230704703307047036813F00702014682
:100DE00007D0DA071FD4980721D55B080B600120D4
:100DF000704798B2A0B11046DAB20AB908301B0A9F
:100E00001A0704BF1B0904309A0704BF9B0802306D
:100E1000DA0703D45B0800F1010006D00B607047CD
:100E20001B0C1020E8E700207047202070479B082B
:100E30000B600220704700BF38B5436C04460D4676
:100E40004BB15868B0B102685A6000220123C0E972
:100E50000323456138BD2122042100F0E1FA034655
:100E600060640028EDD1094B0948002240F2451189
:100E7000FAF79CFB1C220121204600F0D1FA002841
:100E8000F1D001220223C0E90123DEE7885F0408D4
:100E9000F85F04082DE9F04FD1F810801569A845D6
:100EA00085B00E46924605DB2A46534645468A469D
:100EB00090461E46DAF80830DAF8041005EB08040C
:100EC000A342B8BF0131FFF7E5FE8446002800F0D9
:100ED0008B8000F1140707EB840E774505D23B4663
:100EE000002243F8042B9E45FBD8143606EB8808F5
:100EF0000AF11409464509EB850566D2A5EB0A03FC
:100F0000153B23F003030AF1150A043355452CBFA2
:100F10009B464FF0040BCDF808E00394AE46E24642
:100F200005E0090C2AD1B04507F104074AD956F863
:100F3000041B8DB2002DF4D0CC463C460023019614
:100F40005CF8040B216886B28AB2000C05FB06220D
:100F5000090C1A4405FB001101EB124192B242EA5E
:100F60000142E64544F8042B4FEA1143E8D8019EBC
:100F700047F80B3056F8041C090CD4D03B6800220B
:100F800048461D463C469446028801FB02C202EBDD
:100F900015429BB243EA024344F8043B50F8043B39
:100FA00025684FEA134CABB201FB0C3303EB124341
:100FB00070454FEA134CE7D3B04547F80B3007F1C3
:100FC0000407B4D8DDE902E4D446002C02DC05E0D5
:100FD000013C03D05EF8043D002BF9D06046CCF80C
:100FE000104005B0BDE8F08F034B044862464FF453
:100FF000B171FAF7DBFA00BF885F0408F85F0408F4
:1010000012F003032DE9F041144607462CD10D469A
:10101000A4101CD03E6C86B3E3074FF0000806D442
:10102000641014D03068A8B10646E307F8D53246FC
:1010300029463846FFF72EFF35B17B6C696853F8B7
:1010400021202A6043F8215064100546EAD1284641
:10105000BDE8F081324631463846FFF71BFF30606D
:10106000C0F800800646E0E7013B0F4A52F8232013
:101070000023FFF73FFE0546CAE701213846FFF788
:1010800009FE064640B1012340F27122C0E9043254
:10109000002338640360BFE7044B0548324640F242
:1010A0004511FAF783FA00BF80CF0408885F04086F
:1010B000F85F04082DE9F0470C4690462769A368BD
:1010C000496807EB62177D1C9D4206464FEA62198C
:1010D00004DD5B009D4201F10101FADC3046FFF7BF
:1010E000D9FD8446002851D0B9F1000F00F1140059
:1010F0000EDD09F105024FEA820E03460CEB820277
:10110000002143F8041B9342FBD1AEF114031844B1
:10111000216904F1140318F01F0803EB81012DD09D
:10112000C8F1200986464FF0000A1A6802FA08F250
:1011300042EA0A024EF8042B53F8042B994222FA91
:1011400009FAF2D80B1B153B23F00303043304F117
:101150001502914238BF042340F803A0BAF1000FF2
:1011600000D13D46736C6268CCF8105053F82210E1
:101170002160604643F82240BDE8F087043853F808
:10118000042B40F8042F9942F9D8EAE7034B0448AE
:1011900062464FF4EF71FAF709FA00BF885F04085E
:1011A000F85F04080B6984460069C01A16D10CF177
:1011B000140C14310CEB830210B401EB830301E037
:1011C000944508D252F8044D53F8041D8C42F7D0D0
:1011D00005D24FF0FF305DF8044B70477047012097
:1011E0005DF8044B704700BF2DE9F04F15460A69C2
:1011F0002B69D21A002A83B0884640F0878001F11B
:10120000140605F1140101EB830106EB830301E0F1
:101210009E427ED253F8044D51F8042D9442F7D0EB
:1012200075D32B460024454698466968FFF732FD82
:101230008146002800F089802E69C460D8F810002B
:1012400005F1140B08F1140E09F1140A05F110024E
:101250000EEB80000BEB860157464FF0000CCDF8EB
:1012600004B05EF8044B52F8045F1FFA84FBABB283
:10127000A3EB0B03240C6344C4EB154404EB23449D
:101280009BB243EA0443704547F8043B4FEA244CC1
:10129000E7D8A0EB080208F115084045A2F11502B5
:1012A00034BF0020012092080028DDF804B002F1CC
:1012B00001044FEA840408BF04240BEB0405A9428F
:1012C000544433D92746284650F8043B1CFA83FE81
:1012D0001A0C634402EB2E429BB243EA0243814262
:1012E00047F8043B4FEA224CEED80139491B21F064
:1012F00003010C4423B954F8043D013E002BFAD0FD
:101300004846C9F8106003B0BDE8F08F89DA0124BF
:101310008BE70021FFF7BEFC814678B10122002354
:10132000C0E90423484603B0BDE8F08F00284FEA27
:10133000820208BF00220AEB0204DBE7064B0748E3
:101340004A4640F23721FAF731F9034B03484A463F
:1013500040F24521FAF72AF9885F0408F85F04088B
:101360002DE9F0430E4683B0012159EC108B154650
:10137000FFF790FC0446002846D0C9F30A57C9F38A
:1013800013030FB143F480130193B8F1000313D199
:1013900001A8FFF721FD019B63610122203022613A
:1013A0000FB3A7F233470744C0F135003760286018
:1013B000204603B0BDE8F08368460093FFF70CFDBC
:1013C000019BF8B10099C0F1200203FA02F2C34078
:1013D0000A430193002B62610CBF01220222A36128
:1013E0002261002FDDD104EB8203A0F23240306095
:1013F0001869FFF7CFFCC0EB42102860204603B00D
:10140000BDE8F083009AE5E7034B0448224640F22A
:101410000F31FAF7CBF800BF885F0408F85F0408C3
:1014200038B5A1FB021454BBFDF7A8FB054650B329
:1014300050F8042C22F00302043A242A10D8132A6C
:1014400013D91B2AC0E9004416D9242AC0E9024452
:101450000ABFC0E9044400F1100200F1180205E0DF
:101460002146FAF7C3F8284638BD02460023C2E9F0
:1014700000339360284638BD00F10802F6E7F9F71B
:1014800097FF0C2303600025284638BD2DE9F04F57
:101490008BB0DDE9157A86461E46002F5AD01568B6
:1014A00000295CD0149B002B69D0741E4EB3043D00
:1014B000CDE9015EDDF850B004910026039105925C
:1014C0000BE0039B0BBB019B1868002836D0DC4562
:1014D00057D2013C631C664613D0019B029853F817
:1014E000042F0193DAF8E0503B4607A9D7E90098AA
:1014F000A847421C37D000EB060CDC45E1D9C7E910
:10150000009830460BB0BDE8F08F00280EDD049B3C
:10151000019D18445A1E07A900F1FF3E11F8013B36
:1015200002F8013F7245F9D101950490059B1A68B4
:1015300004321A60019B18680028C8D10399059AE3
:1015400001B110600CF1FF36002230463A600BB05A
:10155000BDE8F08F156800F586770029A2D14FF01D
:10156000FF331493A1E7DDF808E006468A21002244
:101570003046CEF800103A600BB0BDE8F08F149EF4
:10158000BFE76646BDE700BF10B584B0054C0698BE
:10159000009007980190044800680294FFF776FFD6
:1015A00004B010BD70070010280200102DE9F84F9C
:1015B0001646002900F096800C46804606F10B0581
:1015C000FDF7FCFE54F8041C162DA4F1080921F0C7
:1015D000030758D81025AE4258D8AF4260DABE4B48
:1015E0009A6809EB070C6245DCF8040000F0908073
:1015F00020F0010363445B68DB0768D420F003003C
:101600003B189D4247DDCB0712D454F8083CA9EBA8
:10161000030BDBF8043023F00302104400EB070A4D
:10162000554540F3F68007EB020A554540F3CC8060
:1016300031464046FDF7A2FA0646002800F0208118
:1016400054F8043C23F001034B44A0F108029342F8
:1016500000F0B4803A1F242A00F2D780132A00F247
:10166000A280034622461168196051685960926849
:101670009A6021464046FAF7F3F94046FDF7A4FE8A
:101680003046BDE8F88F35F00705A4D50C23C8F81F
:101690000030002618E01F46DCE90223D3609A6080
:1016A000D9F804307A1B0F2A03F0010309EB070075
:1016B0001DD83B43C9F80430436843F0010343603D
:1016C0004046FDF781FE26463046BDE8F88FC90743
:1016D000AED454F8083CA9EB030BDBF8043023F03C
:1016E0000302A0E7BDE8F84F1146FDF747BA09EB42
:1016F00005012B4342F00102C9F804304A604368F7
:1017000043F00103436008314046FAF7A9F9D7E7EF
:1017100020F00300C21905F1100C624580F291809F
:10172000CA0785D454F8082CA9EB020BDBF8042077
:1017300022F00302104400EB070AD4453FF773AFD1
:101740005E46DBF80C1056F8080F3A1F242AC160D9
:10175000886000F2AE80132A40F2A9802168CBF89D
:1017600008106168CBF80C101B2A00F2A88008341E
:101770000BF110022168116061685160A1689160ED
:101780000BEB0501AAEB050242F0010299604A60E9
:10179000DBF8043003F001032B434046CBF8043060
:1017A000FDF712FE90E723680360636843601B2A1D
:1017B0003CD804F1080200F1080354E750F8043C57
:1017C00023F003031F446BE73A1F5E46DBF80C303F
:1017D00056F8081F242ACB60996022D8132A1ED9F4
:1017E0002368CBF808306368CBF80C301B2A3BD851
:1017F00008340BF1100322681A6062685A60A2680C
:101800009A6034465746D9464AE72146F9F74EFED4
:101810002FE7DCE902133A1FCB609960D5E7334626
:10182000E9E721463046F9F741FEEAE7A36883601D
:10183000E368C360242A27D004F1100200F11003EA
:1018400011E709EB05019960531B43F001034B605D
:1018500054F8043C03F001032B43404644F8043C95
:10186000FDF7B2FD26462FE7A368CBF81030E368FA
:10187000CBF81430242A10D010340BF11803BAE737
:101880004046FDF7A1FD04E72369036161694161F9
:1018900004F1180200F11803E5E62369CBF81830CB
:1018A0006369CBF81C3018340BF12003A3E73246F0
:1018B00060E721463046F9F7F9FD074B60E7A1687C
:1018C000CBF81010E168CBF81410242A06D010349D
:1018D0000BF118024EE700BF680300102269CBF835
:1018E00018206269CBF81C2018340BF1200241E764
:1018F00008B52DED048BB0EE608AB0EE409A00F092
:10190000C5FEB4EE488AF1EE10FAF0EE408A0BD62E
:10191000B5EE409AF1EE10FA17D1B5EE408AF1EE2D
:1019200010FA06D1F7EE008AB0EE680ABDEC048B1F
:1019300008BDB0EE480A00F0D3FA0028F4D0B5EEA6
:10194000C08AF1EE10FAEFD525E000F0C9FA88B1AF
:10195000F5EE408AF1EE10FAE6D1B0EE490A00F059
:10196000BFFA0028E0D0B0EE480A00F0B9FA00282B
:10197000DAD010E0B0EE490A00F0B2FA0028E7D061
:10198000B0EE480A00F0ACFA0028E1D0F4EE688A24
:10199000F1EE10FA04D6F9F70BFD22230360C3E73A
:1019A000F9F706FD21230360BEE700BF08B52DED62
:1019B000028BB0EE408A00F08FFAB4EE488AF1EE66
:1019C00010FA06D6DFED098AB4EEE88AF1EE10FAD5
:1019D00002D4BDEC028B08BDF9F7EAFC88EEA80A38
:1019E000BDEC028B2123036008BD00BF0000000096
:1019F00010EE103A194923F000428A421BD9B2F185
:101A0000FF4F02D330EE400A704700B583B06846FE
:101A100000F0F2F800F003000128DDED010A9DED71
:101A2000000A13D002280BD098B9012000F09CF8CE
:101A300003B05DF804FBDFED0A0A002000F094B863
:101A4000012000F091F8B1EE400AF1E700F00AF849
:101A5000EEE700F007F8B1EE400AE9E7D80F493F9A
:101A60000000000010EE103A23F00043B3F1485F8D
:101A70002CD2FDEEC07A17EE903A002B60D060EECB
:101A8000007A9FED317A9FED315ADFED315A9FEDAB
:101A9000316ADFED316AA7EE875A9FED307AE7EEC3
:101AA000855AA7EEA56AA7EE867AE7EE876A67EE03
:101AB000A66A60EEC00AB6EE007AE7EEA60AB7EEB6
:101AC000000AD7EE870A30EE600A704760EE007AAF
:101AD0009FED1D7A9FED1D5ADFED1D5A9FED1D6A8A
:101AE000DFED1D6A1E4AA7EE875A93429FED1B7ACF
:101AF000E5EE275AA5EEA76AA6EE277AE7EE276A53
:101B000066EEA76AD5D9174A934214D803F17F43EA
:101B100007EE103AB7EE006A36EE476A60EEC00A8A
:101B2000F6EE005A97EEA57AE7EEA60A37EE607A4F
:101B300036EE470A7047B6EE076AB5EE027AEDE771
:101B4000B7EE000A704700BF4ED747ADF6740F31AD
:101B50007CF293B4010DD037ABAA2A3D610BB6BA23
:101B60009999993E0000483F10EE103A23F0004347
:101B7000B3F1485F04D2FDEEC07A17EE903A5BB342
:101B800060EE007A9FED157ADFED155A9FED156A2C
:101B9000DFED156AE7EE875A9FED147AA5EEA76A86
:101BA00020EE275AE6EE276AA6EEA77A30B9DFEDD7
:101BB000106AE7EE876AA6EE850A704727EE457A37
:101BC000F6EE006AA0EEA67ADFED0A6AD7EE270AE3
:101BD000E5EE260A30EE600A704700BFD3C92E2F0B
:101BE000342FD7B21BEF3836010D50B98988083C25
:101BF000ABAA2ABEABAA2A3E70B510EE103A884AAC
:101C000023F00044944286B0054671D9854A944237
:101C10001E4624D823F00042002BDFED837A83494F
:101C200022F00F02B0EE407A40F3E0808A4270EE7C
:101C3000677A09BF9FED7E7ADFED7E6ADFED7E6A0F
:101C400077EEC77A37EEE67A77EEC77A80ED007ADC
:101C500077EEE67AC0ED017A012006B070BD774AD2
:101C6000944252D9B4F1FF4F48D2E215863AA4EB20
:101C7000C25307EE903ABDEEE77ADFED716AB8EE37
:101C8000C77A77EEC77A8DED037A67EEA67ABDEE56
:101C9000E77AB8EEC77A77EEC77A8DED047A67EE09
:101CA000A67AF5EE407AF1EE10FACDED057A40F025
:101CB0009880B5EE407AF1EE10FA0CBF01230223B2
:101CC000604901910221009103A8294600F0C0F962
:101CD000002EC2DA95ED007AD5ED017AB1EE477AA1
:101CE000F1EE677A85ED007AC5ED017A4042B4E7FE
:101CF000002285ED000A42600020AEE770EE407AD7
:101D0000C0ED017AC0ED007AF6E700F0DDF89FED56
:101D10004E7A9FED456AF6EE007AE0EE077A9FED87
:101D2000457AFDEEE77A17EE900AF8EEE76A1F288B
:101D3000A6EEC60A66EE877AB1EE666A20DC434AF2
:101D4000411E26F0004352F8212023F0FF03934266
:101D500016D030EE677A30EE470A002E30EE670A72
:101D600085ED007A85ED010ABFF677AFB1EE477ACF
:101D7000B1EE400A85ED007A85ED010A40426CE73C
:101D800030EE677AE21517EE103AC3F3C753C3EB90
:101D9000D453082BDFDD9FED267A9FED275AF0EE16
:101DA000405AE6EE075A70EE657AE6EE077AD6EE0E
:101DB000857A35EEE77A17EE103AC3F3C753D21A95
:101DC000192A10DD9FED227A9FED225AB0EE650AA6
:101DD000A6EE070A75EEC07AE6EE077AD6EE857AA9
:101DE000B7E703236CE7B0EE650AB4E78A4270EE0A
:101DF000277A09BF9FED0E7ADFED0E6ADFED0E6ADE
:101E000077EE877A37EEA67A77EEC77A80ED007A9A
:101E100077EEA67AC0ED017A4FF0FF301DE700BFE4
:101E2000D80F493FE3CB1640800FC93FD00FC93FC1
:101E3000004435374344353708A3852E800F494386
:101E40000000804300D1040884F9223F80D00408B8
:101E500000A3852E32318D2410EE103A184923F05C
:101E600000428A421AD9B2F1FF4F02D330EE400A43
:101E7000704700B583B06846FFF7BEFE00F0030070
:101E80000128DDED010A9DED000A10D0022809D0DD
:101E900090B9FFF7E7FD03B05DF804FBDFED090A39
:101EA000FFF7E0BDFFF7DEFDB1EE400AF3E7FFF715
:101EB0005BFEB1EE400AEEE70120FFF755FEEAE7D0
:101EC000D80F493F0000000010EE103A23F0004305
:101ED00000EE103A704700BFB1EEC00A704700BF75
:101EE00010EE103A23F00040B0F1FF4FACBF0020DD
:101EF0000120704700000000F8B52DED028B55EC75
:101F0000114B57EC106B01F0DBF922462B462046B3
:101F10002946B0EE408AF0EE608ACAF7D1FF78B960
:101F20000022002330463946CAF798FFF0B100225C
:101F3000002320462946CAF791FF40B19FED288B28
:101F4000B0EE480AF0EE680ABDEC028BF8BD45EC35
:101F5000104B00F0DDFE0028F2D0002200232046C6
:101F60002946CAF785FF0028EAD02EE0B0EE480ADD
:101F7000F0EE680A00F0CCFEA0B151EC180B002284
:101F80000023CAF76BFF0028DAD047EC106B00F093
:101F9000BFFE0028D4D045EC104B00F0B9FE00285D
:101FA000CED012E047EC106B00F0B2FE0028E4D077
:101FB00045EC104B00F0ACFE0028DED053EC182BA3
:101FC00051EC180BCAF77CFF20B9F9F7F1F922237D
:101FD0000360B5E7F9F7ECF921230360B0E700BF30
:101FE000000000000000F03F51EC100B164A21F0F9
:101FF000004393421ED900B5144A934285B008D9D4
:1020000002460B46CAF70AFB41EC100B05B05DF81F
:1020100004FB684601F060FF400000F002009DED07
:10202000021B9DED000BC0F1010000F0C9FE05B0E0
:102030005DF804FB9FED021B012000F0C1BE00BF54
:102040000000000000000000FB21E93FFFFFEF7FE0
:102050002DE9F04F2DED048BDBB01C469446039325
:102060000A46CD4B68991CF1040F53F82160824653
:1020700004F1FF38C0F24982BCF1030348BF0CF100
:102080000403DB10029301334FEAC30EACEB0E03E3
:102090000593029B16EB0800A3EB080316D401304E
:1020A0009FEDBE7A699C18441EA9002BA4BF54F86A
:1020B000235007EE905A03F10103ACBFF8EEE77A24
:1020C000F0EE477A8342E1EC017AEED1002EC0F2C5
:1020D000B182039B1EA901EB830446AD4FEA83093D
:1020E0004046F7180AEB8301B8F1000FDFEDAB7A39
:1020F00009DBA3465346F3EC016A3BED017A8B42C0
:10210000E6EE877AF7D10130B842E5EC017A04F1C6
:102110000404E9D10DF1280B0BEB8603CDE9062E63
:10212000043B9FEDA09ADFED9E8A059804930AEB8D
:10213000090446AF0BEB86090096CDF820C05AABD8
:1021400003EB8603002E13ED140A4FEA860515DD16
:102150007B195A4660EE097AB0EE407AFDEEE77AD6
:1021600073ED016AF8EEE77ABB42A7EEE87A37EE44
:10217000A60ABDEEC77AA2EC017AEBD1019001F07C
:102180002BF8F4EE007AB0EE408A20EE270A00F039
:10219000CBFDF2EE007AA0EE678A01980028FDEEF2
:1021A000C89AF8EEE97A38EE678A6CDD06F1FF3EF0
:1021B000C0F108035BF82E2042FA03FC0CFA03F38B
:1021C000D21AC0F1070119EE903A4BF82E200A41BD
:1021D0006344002A09EE903A00F3F080B5EE408A9D
:1021E000F1EE10FA40F09D80009B9E420ADD5D44B6
:1021F000002355F8041D4D4543EA0103F9D1002B96
:1022000040F0F280009B013B5BF82330002B40F054
:10221000E780049B012153F8042D0131002AFAD0F4
:10222000731C31449C46029D039A05EB030E0EF18C
:10223000804E699D32440EF1FF3E07EB83061EABD4
:1022400005EB8E0E03EB8205DEED017AF8EEE77A00
:10225000B8F1000F0EF1040EE5EC017ADFED4F7AD4
:1022600009DB2A465346F3EC016A32ED017AA342B8
:10227000E6EE877AF7D10CF1010C6145E6EC017AC4
:10228000E2DA0E465BE740F08F80731E5BF8232096
:10229000D211002AA2DD19EE903A002E03F10103BB
:1022A00009EE903A40F3D48159464FF0000E51F8B0
:1022B000043B002B6AD0C3F5807341F8043C04E072
:1022C0000B68C3F1FF0341F8043B0EF1010E7645A4
:1022D000F6DC01239E4600280ADD012878D002287A
:1022E00006D1711E5BF8213003F03F0C4BF821C082
:1022F000022A7FF473AFB7EE000A734630EE488AC5
:10230000002B3FF46BAF0992019000F065FF38EEAF
:10231000408A0198099AB5EE408AF1EE10FA3FF42E
:1023200063AF9246DDE9062EDDF820C00196AEEBE4
:102330000C00B0EE480A009E009200F04DFFDFED69
:10234000186AB4EEE60AF1EE10FADDE90023F0EEC9
:10235000407AC0F250819FED137A059920EE077AFA
:102360000831BDEEC77A0591B8EEC77A5C1CE7EE7E
:10237000667ABDEEC77AFDEEE77A17EE901A4BF853
:10238000231017EE103A4BF8243046E00EF1010E00
:10239000B6458CDB9E469EE744D40408000000004E
:1023A000000080430000803BF6EE007AB4EEE78A3E
:1023B000F1EE10FA80F2988000220FE70133002E30
:1023C00009EE903A3FF770AF002301289E4686D170
:1023D000711E5BF8213003F07F0C4BF821C087E7BA
:1023E000731C9C4619461EE733469246DDE90512EA
:1023F0005C1EA1F108005BF82410009E059061B9F5
:1024000003F18043013B0BEB8303014653F8040DBA
:10241000013C08390028F9D0059105980092B7EEE3
:10242000000A00F0D9FE002C009AB0EE407AC0F20B
:102430000581601C46AD5FED256A81000BEB8003D2
:1024400005EB800073ED017AF8EEE77A5B4567EE05
:10245000877A27EE267A60ED017AF3D10DF1C8086C
:102460000B1F46A8C718C646A44600259146002E55
:1024700073DB844ADFED847A3846002301E0AB4207
:1024800008DCF2EC016AB0EC017A01339E42E6EE20
:10249000877AF4DA0CF1FF3CBCF1FF3FEEEC017AF5
:1024A00005F10105A7F10407E1D1689B022B4A461B
:1024B00056DC002B2EDC0ED1DFED737A414431ED7A
:1024C000017A414577EE877AF9D15346002B40F0E7
:1024D000AE80C2ED007A19EE903A03F007005BB0CF
:1024E000BDEC048BBDE8F08F19EE903A002E03F19D
:1024F000010309EE903AC8BF02223FF7D5AEF7EECE
:10250000007A37EEC88A022268E600234FF0080EF0
:102510000293BBE59FED5C7A414471ED017A414540
:1025200037EE277AF9D1DDED327A534677EEC77A66
:10253000002B75D182ED007A64B133A90123B1EC8F
:10254000017A01339C4277EE877AF8DA53460BB171
:10255000F1EE677AC2ED017ABDE7DFED4B7A99E7DC
:10256000689B032BB7D1002C7ED008EB840595ED3A
:10257000007AA0002B46294671ED017AF0EE476AF9
:1025800037EE277A414577EEC77A81ED007A77EE0C
:10259000A67AC1ED017AEFD1012C65D095ED007AD4
:1025A00008F1040173ED017AF0EE476A37EE277AFD
:1025B000994277EEC77A83ED007A77EEA67AC3ED7B
:1025C000017AEFD1031DDFED307A434408F10808AA
:1025D00033ED017A984577EE877AF9D15346DDEDF0
:1025E000326A9DED337A73B9C2ED006A82ED017AE9
:1025F000C2ED027A6FE7FDEEC07A1C4617EE901A24
:102600004BF8231009E7F1EE666AB1EE477AF1EE76
:10261000677AC2ED006A82ED017AC2ED027A5AE76A
:10262000B1EE477A82ED007A002C86D190E7F1EE88
:10263000677A4EE7039B4FEA83096BE5689B022BA1
:102640000EDC002B13DC7FF446AFDFED0F7A3CE7A6
:10265000022A7FF4C3ADF7EE007A37EEC88ABDE5F3
:10266000689B032B7FF437AFDFED077AB6E753465D
:10267000DDED327A13B9002313606BE74FF00043AE
:10268000136065E718D40408000000002DE9F0434A
:102690002DED028B83B0CDED010A8DED000ADDE951
:1026A000004535F0004610D184F48004640014F530
:1026B000000F1BD9DDED007A9DED017A37EE870A18
:1026C00003B0BDEC028BBDE8F08324F00047B7F106
:1026D000FF4F02D8B6F1FF4F0FD9B4F17E5FE9D1B9
:1026E00085F480056D0015F5000FE3D8B7EE000AFC
:1026F00003B0BDEC028BBDE8F083002CB84616DBBE
:10270000B6F1FF4F00F0F780B6F17E5F00F0268152
:10271000B5F1804F00F04681B5F17C5F40F0388123
:1027200003B0BDEC028BBDE8F043FFF7D5BBB6F1BB
:10273000974F80F0F080B6F17E5F80F01981B5F19F
:10274000804F00F02F81B5F17C5F40F02181FFF7D1
:10275000BBFBB7F1FF4FB3D04FF00009002F00F0E3
:10276000F280B7F17E5F00F0E580E20F013A59EAAE
:10277000020300F02181B6F19A4F40F24581924B5D
:102780009F4240F23E82914B9F4200F24782F7EE19
:10279000007A30EE670A9FED8E6ADFED8E5AF5EE15
:1027A000007AA0EE676AF6EE006AE6EE406A20EE76
:1027B000007ADFED897A9FED896A27EE267A67EE47
:1027C000C77AE0EE257AF0EE676AE0EE066A16EE6A
:1027D000903A6FF30B0306EE903AB0EE667AA0EEF5
:1027E000467A77EEC77A6FF30B0507EE105A9DED28
:1027F000016ADDED015A36EE476A67EEA57A26EEEC
:10280000877AE6EE267A09F1FF3959EA0209BFEE26
:10281000008A77EE876AB7EE006A16EE903A18BF24
:10282000B0EE468A002B23F0004240F3B981B2F1AA
:10283000864F00F2388200F01C82B2F17C5F00F219
:102840000082002210466FF30B0305EE903A75EEFE
:10285000C76A9FED637A9FED633A9FED632ADFEDD0
:10286000633A9FED634ADFED634A9FED635A77EE6B
:10287000E67A25EE877ADFED616AA7EEA67AF0EEBA
:10288000002AF0EE476AE5EE836AB7EE000A26EE0C
:10289000A66AF0EE667AE6EE023AE5EEC37AF0EE6C
:1028A000445AE3EE865A77EE677AB0EE647AA5EE84
:1028B000867AF0EE455AE7EE065AB0EE667AA5EE55
:1028C000C67AE6EEA77A66EE875A37EE626A85EE3A
:1028D000867A77EE677A77EEE67A30EE670A10EE60
:1028E000103A1344B3F5000FC0F2958100EE103A90
:1028F00020EE080AE4E6B7F17E5F3FF4F7AE32D986
:102900009FED3F0ADDED017A002DB8BFF0EE407A71
:10291000B0EE670AD4E6B6F1FF4FECD04FF00209F3
:102920009DED000AFFF7D0FAB7F1FF4F02D0002F5C
:102930007FF417AF002DBCBFF7EE007A87EE800A58
:10294000002CBFF6BDAEA7F17E5757EA090740F04D
:10295000208170EE407A87EEA70AB1E6002D1ADBDF
:102960009DED000AACE6002D21DB9FED250AA7E6D0
:10297000F315C3F1960346FA03F202FA03F3B342E6
:1029800000F0FA80B6F17E5FE8D0B5F1804F09D053
:102990004FF00009C4E79DED007AF7EE007A87EE6C
:1029A000870A8DE6DDED007A27EEA70A88E6DDEDE1
:1029B000017AB1EE670A83E6DDED007A77EEE77A19
:1029C00087EEA70A7CE600BFF3FF7F3F0700803F4A
:1029D000ABAAAA3E70A5EC363BAAB83F00AAB83F06
:1029E0008CBEBF350072313F4CBB31330EEADDB5D2
:1029F00055B38A38610B36BBABAA2A3E1872313FF9
:102A0000000000000000804B14F0FF4F40F0F78002
:102A10005FED047A60EE277A6FF0170317EE908A65
:102A2000A9484FEAE851C8F316087F398045194490
:102A300048F07E5340F3DB80A448804540F3F880A3
:102A40009FEDA35A0131F0EE453AA3F50003F7EEEE
:102A5000005A002006EE103A76EE257AB7EE007A9C
:102A600087EE270A5B1043F0005303F580230344ED
:102A700076EE656A07EE901A26EE803AB8EEE77AAF
:102A800013EE101A07EE903A924BDFED930A9FED8A
:102A9000938A9FED931ADFED932ADFED931A9FED52
:102AA000932A77EEE55A194004EE901A36EE656ADD
:102AB00063EE035AE4EEE76AF0EE607AE5EE887AB8
:102AC000E4EEC66AA7EEA51A66EE806AE1EE252A54
:102AD00073EE247AE2EEA51A25EEA58AA1EEA52AC8
:102AE00067EEA67AB0EE084AB0EE446AE8EE027AE3
:102AF000A4EEA46ADFED7E0A9FED7E1ADFED7E2A4A
:102B000036EE276A16EE101A194006EE101A76EE07
:102B1000445AE4EEE45A77EEE57A67EE837AE6EE1D
:102B2000867AF0EE675AE4EE865A15EE901A19404E
:102B300005EE901AF0EE656AE4EEC66A77EEE67A84
:102B400067EEA07AE5EE817A77EEA37AF0EE676A17
:102B5000E5EEA26A76EE856A76EE876A16EE901A40
:102B6000194006EE901A36EEC77A37EE457AA5EE92
:102B7000E27A77EEC77A36E6B6F17E5F3FF4EEAEE4
:102B8000B5F1804F3FF40EAF02F00102C2F102092D
:102B9000C6E6B9F1010F7FF493ADB1EE400A8FE5BF
:102BA00056498A4200F287807FF447AE76EEC76AC4
:102BB000F4EEE76AF1EE10FA7DDA03F50043504ACD
:102BC000C3F3C7517F39C3F316000A4140F4000034
:102BD000C1F117011A400841404206EE902A37EE33
:102BE000667AC20577EE876A16EE903A2BE69FED7D
:102BF000385AF7EE005AF0EE453A00202AE7002353
:102C00000EE7002D0CDB002003B0BDEC028BBDE80D
:102C1000F04301F091BB00F0DFFA69E6002DF2DD30
:102C2000002003B0BDEC028BBDE8F04301F08ABB8D
:102C30009FED345ADFED343AF7EE085A4FF40010A6
:102C400008E7D2157E3A4FF40001114119442C4A8D
:102C5000C1F3C7547F3CC1F31600224140F4000089
:102C6000C4F11704002B40FA04F002EA0102B4DABE
:102C7000B2E79FED266A76EEC76A37EE866AB4EE53
:102C8000E66AF1EE10FA0EDC03F500431C4AD91592
:102C90007F39C3F316000A4140F40000C1F1170167
:102CA0001A40084199E7B5EEC08AF1EE10FA4CBF20
:102CB00001200020B5E7B5EEC08AF1EE10FA4CBF56
:102CC00001200020A0E700BF71C41C00D6B35D0046
:102CD0000000000000F0FFFF55326C3E42F1533E11
:102CE00005A38B3EABAAAA3EB76DDB3E9A99193F6E
:102CF0004F38763FA0C39D360038763F000016431C
:102D0000000080FF00C0153FDCCFD1353CAA38332E
:102D100082B08DED000B019840F0004000F580106E
:102D2000C00F02B0704700BF10EE102AC2F3C753A5
:102D30007F3B162B22F0004129DC002B104618DBCC
:102D40001A4919410A4221D0DFED197A70EE277A2B
:102D5000F5EEC07AF1EE10FA18DD002A04DA4FF42D
:102D6000000242FA03F3184420EA010300EE103A8D
:102D70007047DFED0F7A70EE277AF5EEC07AF1EE4C
:102D800010FA03DD002A08DB9FED0A0A7047B1F153
:102D9000FF4FFBD330EE000A7047DFED077A0029C2
:102DA000BFEE000A08BFB0EE670A7047FFFF7F0062
:102DB000CAF249710000000000000080000000001D
:102DC0002DE9F04F59EC108BCF4B89B029F000471B
:102DD0009F425BEC11AB0646CDF8149046D84046B6
:102DE0004946CAF783F80446002860D1731C42465E
:102DF00013433B4300F0DE81012E00F0E881524690
:102E00005B4640464946C9F70BFC0B460246BF49A4
:102E100000201F46C9F7E4FE42464B4680468946DD
:102E200020460D463946C9F7F9FB02460B46504687
:102E30005946C9F7F3FB22464B46C9F7A7FD0246A0
:102E40000B461646394622461F4620464B46C9F7D2
:102E50009DFDAF4B0022C9F7E3FB02460B4630460F
:102E60003946C9F7DDFB42464B4601E1A94B9F427B
:102E70001DD9059B002BC0F2968142464B4684A18A
:102E8000D1E90001C9F7CAFB52465B4604460D462C
:102E900081A1D1E90001C9F7C1FB22462B46C9F740
:102EA000BFFB4FF0000A804689464FF0000B4246B8
:102EB0004B4640464946C9F769FD02460B46CDE9F7
:102EC0000023C9F763FDDDE9002304460D464046B3
:102ED0004946C9F75BFD72A3D3E90023CDE902019E
:102EE00020462946C9F752FD6FA3D3E90023C9F74D
:102EF00097FB22462B46C9F749FD6DA3D3E9002372
:102F0000C9F78EFB22462B46C9F740FD6AA3D3E9D9
:102F10000023C9F785FB22462B46C9F737FD68A376
:102F2000D3E90023C9F77CFB22462B46C9F72EFDC7
:102F300065A3D3E90023C9F773FBDDE90023C9F7D3
:102F400025FD63A3D3E90023CDE9060120462946E8
:102F5000C9F71CFD60A3D3E90023C9F761FB224632
:102F60002B46C9F713FD5EA3D3E90023C9F758FB2D
:102F700022462B46C9F70AFD5BA3D3E90023C9F714
:102F80004FFB22462B46C9F701FD59A3D3E9002385
:102F9000C9F746FB22462B46C9F7F8FC56A3D3E9EE
:102FA0000023C9F73DFB02460B46DDE90601C9F7E0
:102FB00037FBDDE90223C9F7E9FC52465B46C9F756
:102FC0002FFBDDE90023C9F7E1FC52465B46C9F758
:102FD00027FB4BA3D3E9002304460D46DDE902019C
:102FE000C9F7D4FC22462B46C9F71AFB82468B460A
:102FF0005B46404649465246C9F712FB454B9F4245
:1030000004460D4600F28880012E39D000260F4676
:1030100002460B4600203D49CDE90067C9F7E0FDB7
:103020004246CDE902014B460D4630463946C9F7C6
:10303000F5FA02460B4650465946C9F7EFFA3246B2
:103040002B46C9F7A3FC3246804689462B463046BC
:103050003946C9F79BFC2E4B0022C9F7E1FA02461C
:103060000B4640464946C9F7DBFADDE90223344600
:10307000C9F78CFC22462B46C9F7D2FA04460D4606
:1030800045EC104B09B0BDE8F08F00BFAFF30080F6
:10309000182D4454FB21E93F075C143326A6813CDC
:1030A000D47ABF74702AFB3EE9A7F0320FB8123F02
:1030B00068108D1AF726303F1583E0FEC8DB573FB6
:1030C00093846EE9E326823FFE41B31BBAA1AB3F76
:1030D000735360DBCB75F3BEA69237A0887E143F96
:1030E0000165F2F2D844433F280356C9226D6D3F73
:1030F00037D60684F464963F7AFE10111111C13F51
:10310000635555555555D53FFFFF2F3E0000F0BF85
:103110000000F03F2794E53F3046C9F7CDFB22463B
:1031200006460F462B4620462946C9F72FFC024685
:103130000B462046294614461D4632463B46C9F7F3
:103140006FFA02460B4620462946C9F749FD52460A
:103150005B46C9F763FA02460B4640464946C9F743
:103160005DFA02460B46C9F75BFA02460B4630464B
:103170003946C9F753FA059B4FEAA37808F00208CD
:103180000446C8F101000D46C9F796FB02460B46FE
:1031900020462946C9F7FAFB04460D4645EC104B7C
:1031A00009B0BDE8F08F09F1004399460BF10043E7
:1031B0009B4662E649EC108B01F01CFD054953EC7F
:1031C000102B0020C9F70CFD04460D4658E7444675
:1031D0004D4655E70000F03F10EE103A33F0004145
:1031E0001A4627D0B1F1FF4F21D213F0FF4F22D161
:1031F000DFED2B7A2B4A60EE277A904217EE903A59
:1032000033DB4CF2503CC3F3C75160451A46A1F181
:10321000190116DDDFED247ADFED246A002BB0EE14
:10322000677AB8BFF0EE667A27EE870A704730EE0D
:10323000000A704770474CF2503C60454FEAD1514C
:10324000E8DC0144FE29E5DC002915DC11F1160F4C
:1032500019DB193122F0FF4242EAC15207EE902AEF
:103260009FED130A27EE800A7047DFED127A07EE12
:10327000103A27EE270A704722F0FF4242EAC15374
:1032800000EE103A7047DFED0B7ADFED0B6A002B92
:10329000B0EE677AB8BFF0EE667A27EE870A70471D
:1032A0000000004CB03CFFFFCAF24971CAF249F17C
:1032B000000000336042A20D6042A28D00000000B9
:1032C0002DE9F04F55EC114B25F0004353EA040073
:1032D00057EC106B93B012D1B3198D4987F40022CB
:1032E00052419842914120D222462B4630463946DF
:1032F000C9F796F941EC100B13B0BDE8F08F854883
:1033000027F0004A8245B846314613D908F14048B3
:1033100008F5801858EA0108E6D123197C4985F49C
:103320000022524198459141DED39FED770B13B0B7
:10333000BDE8F08FA946224616D08342E6D8504613
:1033400000F0B680B8F1000F16DB002A40F0C5800F
:10335000DFF8CCC1634540F0FD83B9F1000FC0F246
:10336000068547EC106BC7E7002EBDD15345BBD88F
:1033700000F024845046E5E7DFF8A8C1634500F279
:10338000E383DFF898C1634542D8002A40F01284F5
:10339000B9F1804F33D0934647EC106B0491029003
:1033A000009301F027FC0499009B0298002953D058
:1033B0004FEAD872013A52EA0B0100F0A0800BF1FB
:1033C000FF3B5BEA020B00F0BA839FED4F7B8DED74
:1033D000067BB3F1844F40F2A7804F4A93424F4B94
:1033E00040F226849A4500F2DA84B9F1000FC0F267
:1033F000DA84002013B0BDE8F04F00F0D5BF3246AC
:103400003B4630463946C9F7C1FA41EC100B73E729
:103410004FEA235CACF2FF3CBCF1140F40F38C8408
:10342000CCF1340C22FA0CFE0EFA0CFC944500F0A0
:103430000185002A40F0BE83B9F1804F04910290CB
:103440000093DCD047EC106B01F0D4FB0499009B97
:103450000298002953D18B46314A28F040419142CD
:1034600002D0BAF1000FA3D1B9F1000F07DA53EC83
:10347000102B2B490020C9F7B3FB41EC100BB8F11E
:10348000000FBFF639AF0AF1404A0AF5801A5AEA2E
:103490000B0A40F0768453EC102B10461946C9F7FE
:1034A000BDF802460B46C9F79BFB41EC100B23E726
:1034B000002C7FF42BAF0AF1404303F58013334314
:1034C0003FF433AF154B9A4540F22884B9F1000F11
:1034D000C0F29F8445EC104B0EE74FF0000B47EC19
:1034E000106B04910290009301F084FB0499009BFF
:1034F00002980029B0D04FEAD872013A5FE732460D
:103500003B46CAE7AFF30080000000000000F03F38
:103510000000F0FF0000F07F0000F043FFFFEF3FEE
:103520000000F03FFFFF3F43DB4B08EA03030022AC
:1035300053B951EC100BD94BC9F728FA41EC100BD9
:1035400010EE900A6FF034020315A3F2FF339A18BD
:10355000D34B0B92C0F3130040F07F56984246F4D1
:10356000401640F3CD83CF4B984240F322849FED29
:10357000B47B8DED087B9FEDB47B8DED047B9FEDDF
:10358000B07B8DED107B01320B92A6F580160027E3
:1035900053EC102B92465046DDE904233146C9F71F
:1035A0003DF8B346DDE9042380468946504631465E
:1035B000CDE90CABC9F734F802460B460020BA49F6
:1035C000C9F70EFB8C46834663465A464046494639
:1035D000CDE90EBCC9F7DAF90A460146CDE9001279
:1035E000CDE90212002100917610DDE900AB46F032
:1035F000005606F500230020D91906460F4602465C
:103600000B4650465946C9F7C1F902460B4640469B
:103610004946C9F703F8DDE9042380468946304668
:103620003946C8F7FBFF02460B46DDE90C01C8F737
:10363000F5FF52465B46C9F7A9F902460B464046DC
:103640004946C8F7EBFFDDE90E23C9F79FF9DDE92D
:103650000267CDE9040132463B4630463946C9F798
:1036600095F97BA3D3E9002306460F46C9F78EF9E7
:1036700079A3D3E90023C8F7D3FF32463B46C9F705
:1036800085F977A3D3E90023C8F7CAFF32463B4642
:10369000C9F77CF974A3D3E90023C8F7C1FF324608
:1036A0003B46C9F773F972A3D3E90023C8F7B8FF03
:1036B00032463B46C9F76AF96FA3D3E90023C8F73E
:1036C000AFFF3246804689463B4630463946C9F709
:1036D0005DF902460B4640464946C9F757F952463E
:1036E00006460F465B46DDE90201C8F799FFDDE9B2
:1036F0000423C9F74BF932463B46C8F791FF5246BF
:1037000006460F465B4650465946C9F73FF9674B98
:10371000002280468946C8F783FF32463B46CDE902
:103720000C67C8F77DFF00260F4632463B465046E1
:103730005946C9F72BF95D4B82468B46002230462D
:103740003946C8F76BFF42464B46C8F767FF02464B
:103750000B46DDE90C01C8F761FFDDE90223C9F77B
:1037600015F93246804689463B46DDE90401C9F732
:103770000DF902460B4640464946C8F751FF8046C0
:10378000894642464B4650465946C8F749FF0026EF
:103790003BA3D3E9002330460F46C9F7F7F852465A
:1037A0005B4682468B4630463946C8F737FF0246AD
:1037B0000B4640464946C8F731FF33A3D3E90023FF
:1037C000C9F7E4F802460B463046394616461F460E
:1037D0002FA3D3E90023C9F7D9F802460B46304698
:1037E0003946C8F71DFFDDE91023C8F719FF8046E9
:1037F0000B988946C9F760F8424606460F464B4685
:1038000050465946CDE902ABC8F70AFFDDE9082367
:10381000C8F706FF32463B46C8F702FF0020324693
:103820003B4682468B46C8F7F9FEDDE90823C8F718
:10383000F5FEDDE90223C8F7F1FE39E0AFF30080C1
:103840000000000000000000000000000000F03F49
:10385000EF4E454A287ECA3F65DBC9934A86CD3F75
:1038600001411DA96074D13F4D268F515555D53F5B
:10387000FFAB6FDBB66DDB3F033333333333E33FF3
:10388000000000E009C7EE3FFD033ADC09C7EE3F48
:10389000F5015B14E02F3EBE0000F07F00004043C6
:1038A0008E98030079B60B000000F03F000008403E
:1038B00002460B4640464946C8F7B0FECDE9020134
:1038C0000023CDE900450093DDE90089204642460A
:1038D00029464B46C8F7A2FE52465B46C9F756F842
:1038E000224606460F462B46DDE90201C9F74EF88F
:1038F00002460B4630463946C8F792FE4246044619
:103900000D464B4650465946CDE90245C9F73EF8AB
:1039100006460F46204629463B463246C8F780FEFB
:10392000BD4B994204460D46884640F3238101F180
:103930003F4303F5E003034340F05382A2A3D3E9DE
:103940000023DDE90201C8F76BFE02460B46204664
:10395000294614461D4632463B46C8F75FFE0246DE
:103960000B4620462946C9F7A1FA002840F03982C3
:103970004FF400734344C3F30A52A84CA2F2FF323F
:103980001441C3F3130AC2F11402002004EA030134
:103990004AF4801A4AFA02FA0B460246B8F1000FBE
:1039A00030463946B8BFCAF1000AC8F737FE0246AA
:1039B0000B4606460F46DDE90201C8F731FE4FEA25
:1039C0000A5B0D46002482A3D3E900232046294642
:1039D000C8F7DCFF3246804689463B4620462946EA
:1039E000C8F71CFE02460B46DDE90201C8F716FEC9
:1039F00079A3D3E90023C8F7C9FF02460B46204646
:103A0000294614461D4676A3D3E90023C8F7BEFF16
:103A100002460B4620462946C8F702FE06460F46D8
:103A200032463B4640464946C8F7FAFD42464B46B9
:103A300004460D46C8F7F2FD02460B4630463946AD
:103A4000C8F7ECFD2246804689462B46204629468B
:103A5000C8F79CFF64A3D3E9002306460F46C8F7C6
:103A600095FF63A3D3E90023C8F7D8FD32463B4650
:103A7000C8F78CFF60A3D3E90023C8F7D1FD324615
:103A80003B46C8F783FF5EA3D3E90023C8F7C6FD12
:103A900032463B46C8F77AFF5BA3D3E90023C8F759
:103AA000BFFD32463B46C8F771FF02460B46204633
:103AB0002946C8F7B3FD06460F4632463B46204628
:103AC0002946C8F763FF02460B463046394616467C
:103AD0001F4600224FF08043C8F7A0FD02460B4668
:103AE00030463946C9F77CF8424606460F464B46F3
:103AF00020462946C8F74AFF42464B46C8F790FD84
:103B000002460B4630463946C8F788FD22462B460A
:103B1000C8F784FD0B46024641490020C8F77EFDE8
:103B20000B465B44B3F5801FC0F253811946DDE9B3
:103B30000623C8F72BFF41EC100BFFF7DDBB9FED11
:103B4000347B8DED067B44E44FF0020B002A7FF4BA
:103B5000C6AC21E4B9F1804F3FF451ACDFF8C8C0E6
:103B6000E1457FF418AC47EC106B13B0BDE8F04FA3
:103B700001F0D4B8DFF8B4C021F00043634540F24F
:103B8000ED80284B0B4403430AD132463B46C8F72D
:103B900045FDDDE90223C9F77FF900283FF4E8AECF
:103BA000DDE9060100220023C9F762F9003818BFD9
:103BB00001201FE404910290009343E4002C7FF461
:103BC00093AB7FE4AFF30080FE822B654715973CF3
:103BD00000000000432EE63FEF39FAFE422EE63F9A
:103BE000396CA80C615C20BED0A4BE726937663EF9
:103BF000F16BD2C541BDBB3E2CDE25AF6A56113FED
:103C000093BDBE166CC1663F3E5555555555C53FD3
:103C1000000000000000F0BFFFFF8F400000F0FF39
:103C20000000F03F00346F3F0000E03FFFCB9040CA
:103C30009A45C0F0E080A44B9A454FF0000200F294
:103C4000EC8051EC100BA04BC8F7E8FC8CA3D3E937
:103C5000002306460F46C8F799FE8BA3D3E900233D
:103C60008046894630463946C8F790FE974B8246D3
:103C70008B46002230463946C8F788FE02460B467E
:103C800083A1D1E90001C8F7C9FC32463B46C8F719
:103C90007DFE02460B4600208D49C8F7BFFC324628
:103CA000CDE900013B4630463946C8F76FFE024673
:103CB0000B46DDE90001C8F769FE77A3D3E90023CD
:103CC000C8F764FE02460B4650465946C8F7A6FCA4
:103CD00006460F4632463B4640464946C8F7A0FCDA
:103CE000002042464B4682468B46C8F797FC024668
:103CF0000B4630463946C8F791FCCDE90201DFE5B5
:103D00009FED677B8DED087B9FED677B8DED047BE1
:103D10009DED087B00278DED107B39E4B9F1000F94
:103D20009FED5F0BBFF6E8AA05F1004300EE104AD5
:103D300000EE903AFFF7E0BA002A7FF43BAFCCF1F7
:103D4000140C43FA0CFE0EFA0CFC9C4579D0DFF8FB
:103D500078C163453FF401ABFFF71ABB5C4A93425D
:103D600000F28580DDE90023934692462AE6564913
:103D7000002032463B46C8F733FF41EC100BFFF7FB
:103D8000BBBABBF1010F7FF4B7AA10EE901A10EE88
:103D9000102A01F1004343EC102BFFF7ADBAB9F143
:103DA000000F7FF726AB002013B0BDE8F04F00F006
:103DB00003BB9FED3F7B8DED087B9FED3F7B8DED42
:103DC000107B9FED3F7B4FF480278DED047BFFF749
:103DD000DFBB41EC100B504600F016FF51EC100B0E
:103DE000A5E6DDE9060100220023C9F741F8003805
:103DF00018BF0120D8E7DDE9060100220023C9F73A
:103E000037F8003818BF0120B9F1000FBFF6F2AA49
:103E1000CAE79FED230BFFF76FBADDE90601002328
:103E2000C9F726F8003818BF0120B9F1000FBBDC34
:103E3000FFF7E0BA9AB10EF0010ECEF1020BFFF7D8
:103E40004EBB214A93423FF488AAB9F1804F3FF418
:103E5000D6AA0EF0010ECEF1020BFFF79DBAB9F112
:103E6000804F3FF4CCAA4FF0020BFFF795BA1B1519
:103E7000A3F2FE334FF4801242FA03F37AE500BF57
:103E8000000000604715F73F44DF5DF80BAE543E7D
:103E9000555555555555D53FFE822B654715F73F6E
:103EA0000000000000000000000000000000F03FE3
:103EB0000000004003B8E23F06D0CF43EBFD4C3E8C
:103EC000000000000000F83F0000F03F0000D03F7D
:103ED0000000E03F000000002DE9F04F53EC102BF4
:103EE000874923F000458D4291B0044640F28E8010
:103EF00084498D421E462AD8002E1046194676A3C4
:103F0000D3E9002340F3A881C8F788FB7E4B9D428C
:103F100006460F4600F08B8071A3D3E90023C8F753
:103F20007DFB8046894642464B4630463946C8F7B7
:103F300075FB6BA3D3E90023C8F770FBC4E90089C4
:103F4000C4E902010127384611B0BDE8F08F6F497E
:103F50008D4240F286806E498D425FD84FEA255AE5
:103F6000AAF2164AA5EB0A51104690468946C8F7B0
:103F7000BDFFC8F7A1FC02460B4640464946CDE9C5
:103F80000A23C8F74BFB634B0022C8F7FFFC8946A6
:103F90008046C8F7ABFFC8F78FFC02460B46404689
:103FA0004946CDE90C23C8F739FB5A4B0022C8F724
:103FB000EDFCCDE90E0110AF03254FF000084FF0E6
:103FC000000977E9020142464B46AB46013DC8F77E
:103FD00045FF0028F5D1504B019302230093524630
:103FE0005B4621460AA800F0EFF9002E0746AADA40
:103FF0006168226801F10043E168C4E90023A26816
:1040000001F10043C4E9022347429CE7002000215C
:1040100084ED000BC4E90201002794E7104619461D
:10402000C8F7FCFAC4E90201C4E90001F4E72EA3D1
:10403000D3E90023C8F7F2FA2DA3D3E900230646FB
:104040000F46C8F7EBFA8046894642464B46304653
:104050003946C8F7E3FA26A3D3E90023C8F7DEFA06
:104060006CE700F0C7FD59EC108B23A3D3E90023C4
:1040700040464946C8F78AFC284B0022C8F7D0FAC8
:10408000C8F734FF0746C8F717FC02460B46CDE9D0
:10409000042311A3D3E90023C8F778FC02460B469A
:1040A00040464946C8F7BAFA0DA3D3E90023824631
:1040B0008B46DDE90401C8F769FC1F2FCDE9020139
:1040C00030DC174B7A1E53F82230AB422AD002461E
:1040D0000B469DE0AFF3008000004054FB21F93F08
:1040E0003163621A61B4D03D0000601A61B4D03D02
:1040F0007370032E8A19A33B83C8C96D305FE43FF8
:10410000FB21E93F7BD90240FB21F93FFB213941EB
:10411000FFFFEF7F00007041D0D404080000E03FB3
:1041200050D40408DDE9022350465946C8F776FA10
:104130002B150793C1F30A53C3EB1553102B80467D
:1041400089466BDD64A3D3E90023DDE90401C8F7E8
:104150001DFC8046894642464B4650465946C8F7A4
:104160005DFA02460B4650465946CDE90823924671
:104170009B46C8F753FA42464B46C8F74FFA58A336
:10418000D3E9002380468946DDE90401C8F7FEFB38
:1041900042464B46C8F742FA02460B46504659463D
:1041A000CDE90223C8F73AFA079AC1F30A53D31AA2
:1041B000312B804689464CDD4CA3D3E90023DDE951
:1041C0000401C8F7E3FB8046894642464B46504609
:1041D0005946C8F723FA82468B4652465B46DDE9CC
:1041E0000801C8F71BFA42464B46C8F717FA41A325
:1041F000D3E9002380468946DDE90401C8F7C6FB00
:1042000042464B46C8F70AFA02460B46CDE902235E
:1042100050465946C8F702FA8046894642464B4600
:10422000C4E9008950465946C8F7F8F9DDE9022388
:10423000C8F7F4F9002EC4E90201BFF684AE09F113
:104240000043C4E9008301F10043C4E902037F4253
:1042500079E6DDE908ABE1E7C8F7E2F9224B9D42D8
:1042600006460F4618D01AA3D3E90023C8F7D8F999
:104270008046894642464B4630463946C8F7CEF915
:1042800013A3D3E90023C8F7CBF9C4E90089C4E933
:1042900002014FF0FF3756E60FA3D3E90023C8F71A
:1042A000BFF90FA3D3E9002306460F46C8F7B8F9B4
:1042B0008046894642464B4630463946C8F7AEF9F5
:1042C00007A3D3E90023C8F7ABF9DEE7AFF300801B
:1042D0003163621A61B4D03D0000601A61B4D03D10
:1042E0007370032E8A19A33BFB21F93F0000002EB7
:1042F0008A19A33BC14920259A837B3910B52DED3E
:10430000028BB0EE408A0446F7F752F8B0EE480A46
:10431000BDEC028B046010BD30B1F1EE407A27EEA7
:10432000800A2220FFF7EABFF0EE407A27EE800AEB
:104330002220FFF7E3BF00BF9FED010AFFF7ECBFAC
:10434000000000109FED010AFFF7E6BF00000070BB
:1043500010B52DED028BB0EE408AF0EE608A044677
:10436000F7F726F8B0EE480AF0EE680ABDEC028BCB
:10437000046010BD00B5034683B051EC100B83B14F
:10438000024601F10043CDE90023DDE90023C8F72F
:10439000FDFA41EC100B222003B05DF804EBFFF7AF
:1043A000D7BF02460B46EEE79FED010BFFF7E2BFDA
:1043B00000000000000000109FED010BFFF7DABFC6
:1043C00000000000000000702DE9F04FADF5197DF0
:1043D0009C460B91BD4BA299049053F82130059354
:1043E00012F1140F0CF1FF330393C0F2AD82B84900
:1043F000D31E81FB0301DB17C3EBA1030893013339
:10440000A3EB8303DB00D618089A039BD41A059A02
:10441000D7181DD40137DDF88CA2274420AD4FF00A
:1044200000084FF00009E34608E05AF82400C8F7F6
:1044300043FA0134BC42E5E8020108D0002CF4DA6A
:10444000013440464946BC42E5E80201F6D1DC466B
:10445000059B002BB8BF4FEACC0738DB20AB03EB42
:10446000CC0A059BDDF80C90029663444FEACC071A
:104470000093049BCDE906C70DF5E07B03EBCC0868
:104480004B46D9469B46039B002BC0F2A281049E5B
:1044900057460024002577E90223F6E80201C8F711
:1044A00075FA02460B4620462946C8F7B9F8464534
:1044B00004460D46EFD1009B0BF1010B9B45E9E84B
:1044C00002450AF1080ADED1DDE906C7029E049B17
:1044D000059A009203EB070B0CAB03EB8203043B42
:1044E00009930CAB03EB8207CDF828C0009A98AB78
:1044F00003EBC203002A53E928454FEAC2082CDD2A
:104500000DF5E07AD0440DF1300902960697714B13
:10451000002220462946C8F739FAC8F7E7FCC8F751
:10452000CBF96D4B002206460F46C8F72FFA02461C
:104530000B4620462946C8F771F8C8F7D7FC78E93A
:10454000022349F8040B39463046C8F769F8D045CC
:1045500004460D46DBD1029E069F45EC104B3046CB
:1045600000F052FB55EC104B00224FF07F532046D9
:104570002946C8F70BFA41EC100B00F0C9FC574B69
:1045800051EC100B0022C8F701FA02460B462046F8
:104590002946C8F743F80D460446C8F7A7FC8246EB
:1045A000C8F78AF902460B4620462946C8F736F86E
:1045B000002E8046894640F39380009B0CAA581E2B
:1045C000C6F1180352F8202042FA03F404FA03F368
:1045D000D21AC6F117010CAB42FA01F5002D43F8CF
:1045E0002020A24400F3DC800022002340464946FC
:1045F000C8F734FC002800F05782009B059A9342CC
:104600000CDD0CAA02EB8303002253F8041DBB420D
:1046100042EA0102F9D1002A40F0DE80059B0CAA93
:10462000013B52F82330002B40F0CE80099A012341
:1046300052F8041D01330029FAD0009A13440132C4
:10464000914600990A9802930144089802EB000AE7
:104650000AF1804AA3980AF1FF3A00EB8A0A20A8DF
:1046600000EBC108CDE9066770A901EBC202009218
:104670005AF8040FC8F720F9039B002BE8E8020161
:1046800020DB049E47460024002577E90223F6E854
:104690000201C8F77BF902460B4620462946C7F7B8
:1046A000BFFF5E4504460D46EFD1009BE3E802459F
:1046B0000093029B09F101099945D9DDDDE90667FF
:1046C000009313E700240025EFE700BF18D6040885
:1046D000ABAAAA2A0000703E0000704100002040F2
:1046E00055D1009B0CAA013B52F82350ED15002D2B
:1046F0007FF77AAF009B002B0AF1010A40F3438257
:104700000CAB002253F8044B002C3BD0C4F1807456
:1047100043F8044C6FF07F40009C03E01968411A95
:1047200043F8041B01329442F8DC0124002E0DDD15
:10473000012E3ED0022E09D1009B5A1E0CAB0CA9B3
:1047400053F82230C3F3150341F82230022D7FF4D1
:104750004BAF42464B4694490020C7F75FFF804667
:104760008946002C3FF440AF30469FED8D0B00F0A2
:104770004BFA4046494653EC102BC7F74FFF804693
:10478000894631E7009901329142BBDCCEE7874B85
:104790000022C8F781FB002840F0C480054623E7CB
:1047A000009B002B0AF1010AD8BF0024A8DC012ECF
:1047B000C0D1009B5A1E0CAB0CA953F82230C3F396
:1047C000160341F82230C1E7009B5A1C914613465C
:1047D00037E7002400256EE6009A0CAB541ECDE9A5
:1047E000035A53F82430183E5BB902F18043013B71
:1047F0000CAA02EB830353F8042D013C183E002A57
:10480000F9D030469FED660B00F0FEF9002C57EC16
:10481000106BC0F2C48104F1010A0CAB03EB8A05F2
:104820004FEACA0270ABDFF8889103EBCA0A4FF077
:104830000008934655F8040DC8F73EF832463B464B
:10484000C8F7A4F84B466AE90201424630463946A9
:10485000C8F79CF80CAB9D4206460F46EAD1ABF177
:10486000080370A95A4601EB030A0DF590784FF042
:104870000009CDE9064243465246A346CA46DDF842
:104880001490CDF81480B9F1000FC0F28380DFF8E6
:10489000248100931746002600240025029201E09F
:1048A000564510DCF7E80223F8E80201C8F76EF875
:1048B00002460B4620462946C7F7B2FE0136B145EF
:1048C00004460D46ECDA009B029A0BF1FF3BBBF16C
:1048D000FF3FE3E802450AF1010AA2F10802D2D142
:1048E000A29BDDF81480022BDDE9064264DC002B7C
:1048F0002FDC10D108EB02040020002174E9022310
:10490000C7F78EFE4445F9D1039B002B40F0378159
:104910000B9BC3E90001049B03F007000DF5197D13
:10492000BDE8F08F009B002B0AF1010AC8BF0225E9
:104930003FF7E6AE42464B461B490020C7F76EFEE6
:104940000225804689464FE600216FF01703089143
:1049500059E508EB02050026002775E902233046D9
:104960003946C7F75DFE454506460F46F5D13B463D
:10497000D5E900013246C7F751FE039B002B00F03A
:10498000E2800B9D07F10043C5E90063002C40F075
:10499000DE80E7E00024002597E700BFAFF300804A
:1049A000000000000000F03F0000F03F0000E03F8A
:1049B0000000703ED8D50408A29B032BABD1002C7D
:1049C00000F0FD8008EBC4054FEAC40AD5E9006792
:1049D000CDE905A50095A946029479E9024530463E
:1049E000394622462B46C7F71BFEB246BB46064653
:1049F0000F4632463B4620462946C7F70FFE524631
:104A00005B46C7F70DFEC145C9E90201C9E9006768
:104A1000E3D1029C012CDDE905A500F0D080D5E9A9
:104A20000045009E08F1080B474676E902892046BA
:104A3000294642464B46CDE90045C7F7F1FD0446FD
:104A40000D4622462B4640464946C7F7E7FDDDE9BD
:104A50000023C7F7E5FDB345C6E90201C6E90045F5
:104A6000E3D10AF10804B8463C4407F110050020E0
:104A7000002174E90223C7F7D3FDA542F9D1039BB6
:104A8000D8E90067D8E90245002B47D10B9BC3E961
:104A90000401C3E90067C3E90245049B03F0070072
:104AA0000DF5197DBDE8F08F704249EC108BCDE912
:104AB000035A00F0A9F855EC104B4B4B002220464E
:104AC0002946C8F7E9F9F8B1484B002220462946A3
:104AD000C7F75CFFC8F70AFA0746C7F7EDFE424B77
:104AE0000022C7F753FF02460B4620462946C7F768
:104AF00095FDC8F7FBF9009B0CAA5C1C42F823004B
:104B0000183642F824707CE620462946C8F7EEF9AC
:104B1000009B0CAA1C4642F8230072E632460B9E0C
:104B200007F10043C6E9002305F10043C6E902434B
:104B300001F10043C6E90403049B03F007000DF5EF
:104B4000197DBDE8F08F0B9BC3E900676CB14AAEDD
:104B50000125F6E802230135C7F762FDAC42F8DA19
:104B6000039B13B101F1004319460B9BC3E90201FA
:104B7000049B03F007000DF5197DBDE8F08F01F1EE
:104B800000431946C4E6022D7FF42EAD02460B46C3
:104B900000201749C7F742FD8046894624E5A29BBD
:104BA000022B06DC002B0DDC7FF4B5AE00200021CB
:104BB000AAE6A29B032B7FF4AEAE0DF59078002001
:104BC00000215CE7039BDDE9480133B10B9C002227
:104BD0004FF00043C4E90023C4E70B9C00220023EC
:104BE000C4E90023C1E700BF000070410000703E2F
:104BF0000000F03F51EC100B024621F0004343EC63
:104C0000102B70470000000070B555EC104BC5F339
:104C10000A5206462B4672BB25F00043234329D097
:104C20003B4B204629460022C7F7B0FE394B9E4237
:104C300004460D4652DBC1F30A520B46363A4CF29B
:104C400050318E4223DC164440F2FE7296421EDC46
:104C5000002E34DC16F1350F38DB6FF31E53363679
:104C600043EA065520462C4B29460022C7F78EFE04
:104C700041EC100B70BD40F2FF718A42DFD1224639
:104C800020462946C7F7CCFC41EC100B70BD002D27
:104C900017A1D1E9000107DB15A3D3E90023C7F76A
:104CA00075FE41EC100B70BD13A1D1E9000110A3FA
:104CB000D3E90023C7F76AFE41EC100BF3E76FF36B
:104CC0001E5343EA065545EC104B70BD002D0CA158
:104CD000D1E9000102DA0CA1D1E9000108A3D3E96E
:104CE0000023C7F753FE41EC100B70BDAFF30080FB
:104CF0009C7500883CE4377E9C7500883CE437FE58
:104D000059F3F8C21F6EA50159F3F8C21F6EA581B1
:104D100000005043B03CFFFF0000903C2DE9F84FED
:104D2000784855EC104BA84300F0A680002D214692
:104D30002A46234656DD2C1500F0D280C2F313021A
:104D4000E107A4F2FF3742F4801203D4D90F01EB3C
:104D500042025B005200002602EBD3727F105B0020
:104D60001624B4464FF400110CEB010090424FEAB8
:104D7000D3754FEA430303DC00EB010C121A0E4417
:104D8000013C05EB42024FEA5101EDD1A04620253E
:104D90004FF000400AE03CD0510001EBD371013DDF
:104DA0000A464FEA43034FEA50003ED0944508EBD1
:104DB000000EF0DABEF1000F0EEB00080CDBE1464E
:104DC000A2EB0C019E4588BF01F1FF314900CC46A2
:104DD000A3EB0E030444E0E7B8F1000FEFDB0CF1A6
:104DE0000109EDE725F0004020433FD0002D6AD1B6
:104DF000D90A153A5B050029FAD0CE0214461846A6
:104E00000A466ED520254FF0FF31E840641A024370
:104E100094E79E4502D94FEA4C01BEE7BEF1000F70
:104E20000EEB000824DB0021D2E7194312D0DFF893
:104E3000D8A0DFF8D8B0DAE90001DBE90023C7F732
:104E4000EDFBDAE9008902460B4640464946C8F7C1
:104E500019F8F8B96508711001F17F5101F50011D9
:104E600001EB075345EAC67243EC102BBDE8F88FFF
:104E7000B8F1000FB3DAD6E722462B462046294682
:104E8000C7F784FD22462B46C7F7CAFB41EC100B3F
:104E9000BDE8F88FB4F1FF3FDAE90001DBE9002358
:104EA0002BD0C7F7BDFBDAE9008902460B46404626
:104EB0004946C7F7DDFF10B3A31C04F1020508BF84
:104EC00001366D08C7E722462B4620462946C7F71C
:104ED000A5FB02460B46C7F783FE41EC100BC5E766
:104EE000084600235200D502194603F10103F9D503
:104EF000C3F1200500FA03F387E70136ABE701347D
:104F0000A8E700BF0000F07F30D6040828D60408C8
:104F100051EC100BC1F30A532DE9F041A3F2FF3518
:104F2000132D0C46064632DC002D20DB384B43FAAD
:104F300005F801EA080303430F462DD032A3D3E955
:104F40000023C7F76DFB00220023C7F7AFFF40B176
:104F5000002C03DA4FF480132B411F4427EA080486
:104F600000262346324643EC102BBDE8F08126A3F1
:104F7000D3E90023C7F754FB00220023C7F796FFAD
:104F80000028EED0002C2ADB00263446E9E7332D3A
:104F900006DDB5F5806F1BD041EC100BBDE8F0814C
:104FA000A3F213434FF0FF37DF400742F4D016A3BC
:104FB000D3E90023C7F734FB00220023C7F776FFAD
:104FC0000028CED0002C334610DB23EA0706C8E7C2
:104FD00002460B46C7F724FB41EC100BDEE724F03A
:104FE000004426430DD14FF00044BAE7142D06D0FB
:104FF000C5F134050122AA401344B342E5D201347D
:10500000E3E7044C0026ACE79C7500883CE4377E5F
:10501000FFFF0F000000F0BF7FB500241023CDE993
:105020000234036815469E6912686B46CDE9004458
:10503000B0479DF8043003F00603062B03BF009B26
:105040002B600120204604B070BD009890420CBF38
:10505000062001207047000010B5034B0360044692
:1050600000F035F9204610BD70D6040810B504468E
:10507000FFF7F2FF2046082100F042F8204610BD5D
:105080002DE9F0411F46DDE90834DDF81880984528
:105090000646154607D1079900F01EF918B165714B
:1050A0000020BDE8F0813946304600F015F90028AF
:1050B000F6D00123C4F800802571A371F0E738B55C
:1050C00015461C4600F008F920B10823E3600623CA
:1050D0002560237138BD2DE9F04105460C46164682
:1050E0001F4600F0F9F848B9032F07D82368324665
:1050F000294620465B69BDE8F0411847BDE8F081CC
:1051000000F074BB00F072BB0120704710B5034B78
:105110000360044600F0DBF8204610BDD0D604083A
:1051200010B50446FFF7F2FF20460821FFF7E8FF1D
:10513000204610BD012838BF012010B50446204686
:10514000E6F7ACFC00B110BD00F066FB08B9F6F75D
:1051500077F98047F3E7FFF7EDBF012070470000C4
:1051600010B5034B0360044600F068FB204610BDF9
:1051700020D7040810B50446FFF7F2FF204610219F
:10518000FFF7BEFF204610BD012B2DE9F04106467A
:105190000C46C06817461D4603D80B4900F09CF822
:1051A00048B9F068E16803681E693A46AB1CB4462A
:1051B000BDE8F0416047E0680368DB68984780F02D
:1051C0000100C0B2BDE8F08178D8040810B5034BE7
:1051D00003600446FFF740FF204610BD78D704085F
:1051E00010B50446FFF7F2FF20460C21FFF788FFB9
:1051F000204610BD2DE9F041DDF8188090450646A7
:105200000F4615461C460BD0B0680368CDF81880D1
:105210001E6A2A4623463946B446BDE8F041604737
:10522000194600F059F80028EED00620BDE8F081BC
:105230002DE9F14F0D461946DDE90A4BDDE90CA6D3
:1052400081461746984600F047F890B1002D34602B
:10525000377109DB2C44A24514BF01240624B47124
:10526000002001B0BDE8F08F0235F9D10123B37100
:10527000F6E7544506D15946484600F02DF808B1E6
:105280007771EDE7D9F808000368CDE90CA6CDE900
:105290000A4BDC693A4643462946A44601B0BDE8BC
:1052A000F04F60472DE9F04107460C4615461E4673
:1052B000FFF705FF48B9B86803689F692A46334677
:1052C0002146BC46BDE8F0416047BDE8F08170472B
:1052D0000020704700207047814208B50ED040681A
:1052E00003782A2B0CD049680B782A2B08BF013190
:1052F000C6F736FFB0FA80F0400908BD0120FCE790
:105300000020FAE7FFF7E8BF10B5034B036004463F
:10531000FFF7A2FE204610BDF0D7040810B50446E2
:10532000FFF7F2FF20461821FFF7EAFE204610BDE6
:105330002DE9F74FDDF830A0524505468846164660
:10534000994605D0EF6805EBC70547B9012020E075
:105350001946FFF7C1FF0028F4D0062019E0EC68D9
:10536000A30719D5221214F0010404D018F1030F79
:1053700012D033689A58A8680368CDF800A0D3F813
:1053800020B032444B464146D847032804D9204335
:10539000C0B203B0BDE8F08F013F083DD5E7F0B4DF
:1053A0000D1E049C164606DB2E44B4420CBF06209C
:1053B0000120F0BC7047023505D0056804942C6AC2
:1053C000A446F0BC60470120F3E72DE9F04F91B00F
:1053D000CDE905231D9C1C9AA368DB0644BF8368A6
:1053E000A3601A9B934281460F4608D11B99FFF791
:1053F00073FF20B1059B63714FF0000882E00699AE
:105400004846FFF769FF98B11A9B2360002F059B60
:10541000237108DB1A9B1F441C9BBB4214BF01274E
:105420000627A771E8E70237E6D10123A371E3E776
:10543000002FA9BF1C9B0790DB1B07934FF0020CAA
:105440000123CDE908C3059B4FF0000843F0010399
:10545000CDF828800B93D9F80CA009EBCA0BBAF150
:10546000000F09D10A9B002B4CD0089B012B49D07F
:105470000123CDE9083AEEE70023CDE90D33DBF84F
:105480000C30A5680F95DE0743BF1A980B9A006889
:10549000059A4FEA232148BF41581A9801440798BA
:1054A00038B18842099E2CBF00200120B04200F094
:1054B000B380980706D4BB1C02D1AE0700F0AE80C3
:1054C00002F0FD02DBF808000DAD036803951C9D9A
:1054D00002951B9DCDE900153946DD69069BA8475D
:1054E00063799DF839209DF83A500D991343062DA4
:1054F000637101D0022D09D19DF8383021602371EC
:10550000A5718046404611B0BDE8F08F2268B8F121
:10551000000F13D1A2B99DF838202160227121B16A
:105520001BB1D9F80830DD07EBD56379042BE8D03F
:105530000AF1FF3AABF1080B804690E7002A37D01A
:10554000914206D123799DF83820134323714046B8
:10555000EBE709B90028FAD0032BA67904D9D907BB
:1055600029D5A3689B0726D57EB9032D05D9EE075B
:1055700041D5D9F8083098073DD51C9B0093069873
:105580001B9B3946FFF70BFF0646E5B9032E05D9ED
:10559000F10732D5D9F808309A072ED51C9B009315
:1055A0000D9A1B9B06983946FFF7F9FE05460AE05F
:1055B0000029D1D1CBE7012E38BF0126012D38BFFC
:1055C0000125F6B2EDB285EA0603DBB2032B16D94C
:1055D000032D81BF0D9B23602E469DF8383086BF7A
:1055E000237100204046B307A67102D416F00106CD
:1055F0009BD1002085E70126E5E70125E3E735405B
:10560000EDB20023032D236003D90223A3710120EF
:1056100077E70120A07188E701230A93404687E7D6
:105620002DE9F04F8BB00546049101921C46FFF71F
:1056300046FD002862D1D4F80890D5F80C8019F006
:10564000100F18BFD5F8089009F0010305EBC80743
:105650004FF0000A05930DF1180BB8F1000F04D1BB
:105660002079003818BF012049E0FA68CDF818A069
:1056700002F00103029302F0020303930399059BD6
:105680008DF81CA00B43CDE9089A03D108F1FF382F
:10569000083FE2E7019B002B34D0029B121213B1AA
:1056A000019B1B689A58019B1A44B86804990368C7
:1056B0009B691E465B46B0470028E7D0099B082B34
:1056C00003D1029B0BB1BB6809939DF81C30032BDF
:1056D00005D9039A1AB923F002038DF81C30E1684A
:1056E000C1B99BE80F0084E80F002379032B05D98B
:1056F0009A0709D5AB6813F0010FC7D101200BB091
:10570000BDE8F08F019AD0E7DB07F7D5AB6813F05F
:10571000020FF2E72368069A934204D00023236025
:1057200002232371EAE72BB123799DF81C20134350
:105730002371ABE709980828F2D00829F0D0FFF7C9
:10574000CBFD0028F0D1EBE708B5F5F779FE08B5F9
:10575000F5F776FE08B5F5F773FE08B5F5F770FEB8
:105760000FB408B5F5F76CFE08B5F5F769FE2DE93D
:10577000F041DDE906680D4617461C4636B19642F3
:1057800030D8324619462846DEF744F9B8F1000F02
:1057900011D0BE420FD04246E919A819DEF73AF9F6
:1057A000BE4208D9EB19A219934206D332462146CC
:1057B0002846DEF72FF9BDE8F081A34208D8641B24
:1057C000E41B3444324629192846D7F7B7F9F2E7E3
:1057D0001F1B3A4621462846DEF71CF9F21BA91981
:1057E000E819F2E7B8F1000FD5D1DBE7E6F758B9D1
:1057F00010B5034B03600446FFF769FD204610BD5A
:1058000050D8040810B50446FFF7F2FF20460821DF
:10581000FFF776FC204610BD024B1868BFF35B8F84
:10582000704700BFC0330120C068C96810B4046865
:1058300024690233A4465DF8044B604710B5034B5E
:1058400003600446FFF743FD204610BDB8D80408A6
:1058500010B50446FFF7F2FF20461021FFF750FC79
:10586000204610BD2DE9F04704460D4616461F465A
:10587000FFF732FD8146804668B928492846FFF780
:105880002BFDF0B12368264953F8040CFFF724FDE3
:1058900030B1C6F800904FF001084046BDE8F087EF
:1058A0002368204953F8040CFFF716FD48B1E0685F
:1058B0000368DB68984710B11B4B3360EBE71B4B69
:1058C000FBE72A68236852F8041C53F8040CFFF71E
:1058D00003FD00B3FA07E0D5AB68A16803F06000F0
:1058E00001F0600230EA020C18BF134023EA010302
:1058F00022EA00021A43D0D1CB072368D3F818E07C
:1059000058BF27F001073B46324629462046F44659
:10591000BDE8F04760478046BFE700BF6CD8040889
:105920000CD7040810D90408D8D80408D4D804081F
:1059300007EE900AF5EEC07AF1EE10FA01D400F00D
:105940000BB8F1EE677A08B517EE900A00F004F88C
:10595000404261EB410108BDD0B5C6F7BFFF0C4B1B
:10596000002206460F46C7F711F8C7F7E7FA0446C4
:10597000C6F792FF074B0022C7F708F802460B460E
:1059800030463946C6F74AFEC7F7D8FA2146D0BD99
:105990000000F03D0000F041D0B50C4B002206465F
:1059A0000F46C6F7F3FFC7F7C9FA0446C6F774FFF8
:1059B000074B0022C6F7EAFF02460B46304639463F
:1059C000C6F72CFEC7F7BAFA2146D0BD0000F03D5D
:1059D0000000F0412DE9F047089D0E4604460F46B1
:1059E000002B4AD194468C45B2FA82F260D942B17A
:1059F000C2F12003974020FA03F30CFA02FC1F4384
:105A000094404FEA1C4E1FFA8CF6B7FBFEF1230CB4
:105A10000EFB117743EA074301FB06F098420AD9CF
:105A20001CEB030301F1FF3780F01581984240F22F
:105A30001281023963441B1AA4B2B3FBFEF00EFBC1
:105A4000103344EA034400FB06F6A6420AD91CEBD5
:105A5000040400F1FF3380F00081A64240F2FD8093
:105A60006444023840EA0140A41B00211DB1D44027
:105A70000023C5E90043BDE8F0878B4205D90DB18D
:105A8000C5E9000100210846F5E7B3FA83F10029D2
:105A900046D1B34202D3824200F2F580841A66EB0B
:105AA000030201201746002DE5D0C5E90047E2E7D3
:105AB000002A40F09380A1EB0C034FEA1C471FFA29
:105AC0008CFE0121B3FBF7F607FB1630230C43EAEB
:105AD00000430EFB06F0984208D91CEB030306F1C5
:105AE000FF3802D2984200F2D08046461B1AA4B278
:105AF000B3FBF7F007FB103344EA03440EFB00FE50
:105B0000A64508D91CEB040400F1FF3302D2A645D8
:105B100000F2B6801846A4EB0E0440EA0640A5E762
:105B2000C1F120078B4022FA07FC4CEA030C06FA6D
:105B300001FE20FA07F426FA07F344EA0E0400FAFD
:105B400001F84FEA1C404FEA1449B3FBF0FE1FFA7C
:105B50008CF600FB1E3349EA03430EFB06F9994518
:105B600002FA01F20BD91CEB03030EF1FF3A80F0AD
:105B70008580994540F28280AEF1020E6344A3EB2A
:105B80000909A4B2B9FBF0F300FB139944EA0944F4
:105B900003FB06F6A64208D91CEB040403F1FF3010
:105BA00068D2A64266D9023B644443EA0E40A41B75
:105BB000A0FB02E6B4427346B14652D34FD05DB16A
:105BC000B8EB030264EB090404FA07F722FA01F3C5
:105BD0001F43CC40C5E9007400214CE7C2F120010D
:105BE00020FA01F30CFA02FC26FA01F19640334345
:105BF0004FEA1C471FFA8CFEB1FBF7F007FB1016AB
:105C0000190C41EA064100FB0EF68E4204FA02F43A
:105C100008D91CEB010100F1FF382DD28E422BD99F
:105C200002386144891B9BB2B1FBF7F607FB1611E2
:105C300043EA014306FB0EF1994208D91CEB03032A
:105C400006F1FF3814D2994212D9023E63445B1A1E
:105C500046EA004136E73946EDE6184602E7F045E8
:105C6000ADD2BEEB020366EB0C060138B146A6E7E7
:105C70004646ECE7034698E74046D3E7D6467EE73C
:105C80006444023847E708460DE7023E63442DE7C7
:105C9000F8B500BFF8BC08BC9E467047F8B500BF19
:085CA000F8BC08BC9E467047E9
:105CA800280037004600370078003700B400370076
:105CB80028001E0037001E0046001E00780037002E
:105CC80001030403050307030203030308030B038B
:105CD8000A0309030C034103440345034703420332
:105CE800430348034B034A0349034C0381038403DA
:105CF800850387038203830388038B038A0389034D
:105D08008C030000000000000000000000000000FC
:105D18000000000000000000F401460032001400FA
:105D28001E0028000F001400F40146003200140081
:105D38001E0028000F001400A10F00000000000042
:105D4800000000000000000000000000000000004B
:105D580000000000010204080A10200000000000F2
:105D6800000000000000000000000000000000002B
:105D78007F830408848304088983040885830408CE
:105D8800698304086E83040873830408798304080C
:105D98002E830408358304084A83040859830408B9
:105DA800C00000008096184B8096984A8096184A42
:105DB80000000000000000000000000000000000DB
:105DC80000000000248704083B87040813870408A0
:105DD800188704081F870408E003E103E203E303CC
:105DE800E403E503E603E703E8030000000000001E
:105DF800000000000000000000000000000000009B
:105E0800538A04085F8A04086B8A0408646566611B
:105E1800756C745461736B0049444C450000000074
:105E2800546D725100000000546D72205376630067
:105E38005F757362645F71646566000041766169CD
:105E48006C61626C6520636C61737365732028757F
:105E5800736520636C732E302E68656C7020666FD6
:105E680072206D6F726520696E666F293A0A0000AC
:105E78002E0000004634303756475F444953434F9D
:105E88000000000055736167653A20002053697A65
:105E9800653A200030782530386C782530386C78B1
:105EA8002530386C780000002C2066756E637469A4
:105EB8006F6E3A2000000000617373657274696F39
:105EC8006E2022257322206661696C65643A20661B
:105ED800696C6520222573222C206C696E6520254B
:105EE80064257325730A0000494E4600696E6600F2
:105EF8004E414E006E616E003031323334353637E4
:105F080038396162636465660000000030313233FD
:105F1800343536373839414243444546000000009D
:105F2800286E756C6C290000300000004C435F43FC
:105F38004F4C4C41544500004C435F435459504525
:105F4800000000004C435F4D4F4E455441525900EC
:105F58004C435F4E554D4552494300004C435F54F6
:105F6800494D45004C435F4D455353414745530008
:105F7800496E66696E697479000000004E614E00D2
:105F880042616C6C6F6320737563636565646564F7
:105F9800000000002F646174612F6A656E6B696E82
:105FA800732F776F726B73706163652F474E552D32
:105FB800746F6F6C636861696E2F61726D2D313318
:105FC8002F7372632F6E65776C69622D63796777BB
:105FD800696E2F6E65776C69622F6C6962632F73C7
:105FE80074646C69622F64746F612E630000000032
:105FF8002F646174612F6A656E6B696E732F776F9A
:10600800726B73706163652F474E552D746F6F6C9B
:10601800636861696E2F61726D2D31332F737263FE
:106028002F6E65776C69622D63796777696E2F6E5D
:1060380065776C69622F6C6962632F7374646C692D
:10604800622F6D707265632E63000000145E040891
:106058000000000000000000000000000000000038
:106068000010000010000000000000000000000008
:10607800000000000102030400000000000000000E
:106088000102030406070809000610160006101688
:10609800000000004D6F0108DD6F0108097001085C
:1060A8005570010809710108D1710108000000004C
:1060B80000000000817301089173010895730108BD
:1060C800A57301085574010819760108000000003D
:1060D800000000004D770108C1770108ED7701083D
:1060E8001578010805790108097901080000000000
:1060F80000000050430000000400000000050000FC
:10610800000004404D0000000600000000100000E0
:1061180000000050430000000400000000050000DB
:10612800000004404D0000000600000000100000C0
:1061380004000A00C100C20001010201030120019C
:1061480021010102020203020402050206020702FB
:1061580008021002110220023002400241024202EB
:106168004302440245025002600261028002810239
:1061780082028302840285028602900200030103E0
:1061880002030303040305030703080309030A03BF
:106198000B030C03200321032203260327032803F0
:1061A80029032A032C034103420343034403450301
:1061B8004703480349034A034B034C036003610345
:1061C800620366036703680369036A036C03810358
:1061D80082038303840385038703880389038A036F
:1061E8008B038C03A003A103A203A603A703A803A0
:1061F800A903AA03AC03C003C103C203C303C403B6
:10620800C503D003D103D203D303D403E003E103CE
:10621800E203E303E403E503E603E703E80300041A
:1062280001041004110413041404000501050205F7
:1062380003050405050506050705080509050A05FA
:106248000B050C050D050E050F05100511051205AA
:1062580013051405150516051705000001000200B1
:1062680004000A00C100C20001010201030120016B
:1062780021010102020203020402050206020702CA
:1062880008021002110220023002400241024202BA
:106298004302440245025002600261027002800219
:1062A8008102820283028402850286029002000330
:1062B8000103020303030403050307030803090397
:1062C8000A030B030C0320032103220323032403E3
:1062D800250326032703280329032A032B032C035A
:1062E8004103420343034403450347034803490367
:1062F8004A034B034C0360036103620363036403B3
:10630800650366036703680369036A036B036C0329
:106318008103820383038403850387038803890336
:106328008A038B038C03A003A103A203A303A40382
:10633800A503A603A703A803A903AA03AB03AC03F9
:10634800C003C103C203C303C403C503D003D103FD
:10635800D203D303D403E003E103E203E303E4033A
:10636800E503E603E703E80300040104100411044D
:1063780013041404000501050205030504050505B9
:1063880006050705080509050A050B050C050D0591
:106398000E050F0510051105120513051405150541
:1063A8001605170505010904A101A10085010509C4
:1063B8001901294015002501954075018102050143
:1063C80009300931093209330934093509370936E1
:1063D80016018026FF7F751095088102C00600FF10
:1063E8000900A10185A10901150026040075089579
:1063F800019101090275109501910109037508952C
:1064080001910109047520950191010905754095CF
:10641800019101090675409501910185A1090115B0
:10642800002604007508950181010902751095017F
:1064380081010903750895018101090475209501F9
:10644800810109057540950181010906754095018D
:106458008101C0050F0992A1028502099F09A009BF
:10646800A409A60994150025013500450175019573
:1064780005810295038103C00921A1028501092232
:10648800150125283501452875089501910209252A
:10649800A1020926092709300931093209330934CB
:1064A8000940094109420943250B15013501450BEE
:1064B800750895019100C009500954095109A7159B
:1064C8000026FF7F350046FF7F66031055FD7510D7
:1064D8009504910255006600000952150026FF0038
:1064E80035004610277508950191020953150125B5
:1064F80008350145087508950191020955A102055D
:10650800010930093115002501750195029102C074
:10651800050F095695019102950591030957A102A6
:106528000B01000A000B02000A0066140055FE1554
:106538000027A08C0000350047A08C0000660000F2
:106548007510950291025500660000C0050F0958A4
:10655800A1020B01000A000B02000A0026FD7F754C
:106568001095029102C0C0095AA10285020922159C
:1065780001252835014528750895019102095B090F
:106588005D16000026FF7F36000046FF7F751095D8
:10659800029102095C095E66031055FD27FF7F0022
:1065A8000047FF7F000075209102450066000055F6
:1065B80000C0095FA10285030922150125283501BC
:1065C8004528750895019102092315002503350012
:1065D80045037504950191020958A1020B01000AAF
:1065E800000B02000A00750295029102C016008095
:1065F80026FF7F36008046FF7F0960751095019160
:106608000236008046FF7F096109629502910216F1
:10661800000026FF7F36000046FF7F096309647586
:106628001095029102096546FF7F95019102C00904
:106638006EA1028504092215012528350145287512
:106648000895019102097016000026FF7F360000A8
:1066580026FF7F751095019102096F16008026FFAD
:106668007F36008046FF7F9501751091020971669B
:10667800140055FE1500279F8C00003500479F8C9D
:1066880000007510950191020972150127FF7F001E
:1066980000350147FF7F000066031055FD75209502
:1066A8000191026600005500C00973A10285050921
:1066B80022150125283501452875089501910209FB
:1066C8007016018026FF7F36018046FF7F75109582
:1066D800019102C00974A102850609221501252825
:1066E8003501452875089501910209750976160046
:1066F8008026FF7F36008046FF7F75109502910245
:10670800C0050F0977A102850A0922150125283538
:106718000145287508950191020978A102097909AE
:106728007A097B15012503750895019100C0097C3C
:10673800150026FF00350046FF009102C00990A110
:1067480002850B092215012528350145287508956C
:10675800019102C00995A102850C0996A102099729
:1067680009980999099A099B099C1501250675013B
:1067780095089102C0C0097DA102850D097E15000A
:1067880026FF003500461027750895019102C009BB
:10679800ABA10285110925A102092609270930099B
:1067A80031093209330934094009410942094325AD
:1067B8000B15013501450B75089501B100C00501A0
:1067C800093B150026FF01350046FF01750A9501B2
:1067D800B1027506B101C0050F0989A10285120928
:1067E80022252815013501452875089501B10209AA
:1067F8008BA102098C098D098E15012503350145E8
:106808000375089501B100C009AC150027FFFF000A
:1068180000350047FFFF000075109501B100C00961
:106828007FA1028513098075109501150035002791
:10683800FFFF000047FFFF0000B102098326FF00A9
:1068480046FF0075089501B10209A909AA750195C5
:10685800021500250135004501B10275069501B103
:1068680003C0C00005010904A101A10085010509B3
:10687800190129401500250195407501810205017E
:10688800093009310932093309340935093709361C
:1068980016018026FF7F751095088102C00600FF4B
:1068A8000900A10185A109011500260400750895B4
:1068B8000191010902751095019101090375089567
:1068C800019101090475209501910109057540950B
:1068D800019101090675409501910185A1090115EC
:1068E80000260400750895018101090275109501BB
:1068F8008101090375089501810109047520950135
:1069080081010905754095018101090675409501C8
:106918008101C0C0766563746F723A3A5F4D5F64F7
:10692800656661756C745F617070656E6400636143
:106938006E6E6F7420637265617465207374643A57
:106948003A766563746F72206C6172676572207441
:1069580068616E206D61785F73697A6528290045E2
:106968006E61626C65206C6F777061737320666905
:106978006C746572730066696C7465720041757435
:106988006F72616E67696E67006175746F63616CC1
:1069980000416E616C6F67206F7574707574207636
:1069A800616C75657300416C6C207261772076614B
:1069B8006C7565730072617776616C004D696E2045
:1069C80076616C7565206C696D69742028616472E4
:1069D8003D6368616E29006D696E004D61782076AF
:1069E800616C7565206C696D697420286164723DFD
:1069F8006368616E29006D617800766563746F72F3
:106A08003A3A5F4D5F7265616C6C6F635F696E7374
:106A18006572740062617369635F737472696E672B
:106A28003A3A5F4D5F6372656174650030303031AA
:106A38003032303330343035303630373038303922
:106A4800313031313132313331343135313631371A
:106A58003138313932303231323232333234323500
:106A680032363237323832393330333133323333E6
:106A780033343335333633373338333934303431CC
:106A880034323433343434353436343734383439B2
:106A980035303531353235333534353535363537AA
:106AA8003538353936303631363236333634363590
:106AB8003636363736383639373037313732373376
:106AC800373437353736373737383739383038315C
:106AD8003832383338343835383638373838383942
:106AE800393039313932393339343935393639373A
:106AF80039383939004F766572616C6C20666F726F
:106B0800636520737472656E67746800706F77656B
:106B18007200526F746174696F6E2072616E67657E
:106B280020696E2064656700646567726565730037
:106B3800456E6473746F702073746966666E6573EE
:106B4800730065736761696E005A65726F206178BA
:106B58006973007A65726F656E6300496E76657257
:106B680074206178697300696E766572740049648F
:106B78006C6520737072696E6720737472656E67D6
:106B880074680069646C65737072696E6700496E39
:106B9800646570656E64656E742064616D7065729D
:106BA80020656666656374006178697364616D70F9
:106BB800657200496E646570656E64656E74206602
:106BC80072696374696F6E206566666563740061D7
:106BD8007869736672696374696F6E00496E64657B
:106BE80070656E64656E7420696E65727469612083
:106BF8006566666563740061786973696E65727449
:106C0800696100456E636F646572207479706520F0
:106C18006765742F7365742F6C69737400656E6390
:106C280074797065004D6F746F722064726976654F
:106C3800722074797065206765742F7365742F6C82
:106C4800697374006472767479706500456E636F59
:106C580064657220706F736974696F6E0053706534
:106C68006564206C696D697420696E206465672F9E
:106C780073006D6178737065656400546F72717527
:106C8800652072617465206C696D697420696E2075
:106C9800636F756E74732F6D73006D6178746F72A6
:106CA8007175657261746500456666656374207206
:106CB8006174696F2E20526564756365732067611E
:106CC8006D652065666665637473206578636C75A9
:106CD80064696E6720656E6473746F702E20323538
:106CE800353D31303025006678726174696F004136
:106CF80078697320746F7271756500637572746F4B
:106D080072717565004178697320706F7369746971
:106D18006F6E00637572706F7300417869732073CA
:106D28007065656400637572737064004178697397
:106D380020616363656C00637572616363656C00F1
:106D4800456E636F64657220746F20617869732083
:106D58006765617220726564756374696F6E202857
:106D680076616C202F206164722920312D323536EE
:106D780000726564756374696F6E0042697175614C
:106D8800642066696C7465722070726F66696C65E0
:106D980020666F7220737065656420616E6420617F
:106DA8006363656C0066696C74657250726F6669BE
:106DB8006C655F6964004269717561642066696C1D
:106DC800746572206672657120616E6420712A3163
:106DD800303020666F722073706565640066696C78
:106DE80074657253706565640042697175616420E9
:106DF80066696C746572206672657120616E6420C4
:106E0800712A31303020666F7220616363656C00CF
:106E180066696C746572416363656C005265706F76
:106E28007274656420656E636F64657220435052A6
:106E380000637072004578706F6E656E7469616C7E
:106E480020637572766520636F7272656374696F0B
:106E58006E2028785E2876616C2F6578706F736372
:106E6800616C65292B3129005363616C657220635D
:106E78006F6E7374616E7420666F72206578706FC0
:106E8800006578706F7363616C6500626173696334
:106E98005F737472696E673A20636F6E737472758C
:106EA8006374696F6E2066726F6D206E756C6C20EE
:106EB8006973206E6F742076616C69640052533474
:106EC80038352053696D706C656D6F74696F6E200D
:106ED800696E746572666163650046464220617832
:106EE80069730041786973206F7574206F6620623A
:106EF8006F756E64730062617369635F737472693E
:106F08006E673A3A617070656E6400300043414EB6
:106F1800207370656564207072657365742028211C
:106F280020666F72206C697374290053656E642043
:106F380043414E206672616D652E2041647226566B
:106F4800616C756520726571756972656400736539
:106F58006E6400536574206C656E677468206F6694
:106F6800206E657874206672616D6573006C656E5D
:106F78000063616E0062617369635F737472696E46
:106F8800673A3A5F4D5F7265706C61636500436193
:106F98006E20706F72740062617369635F737472DC
:106FA800696E673A3A7375627374720025733A2092
:106FB8005F5F706F73202877686963682069732042
:106FC800257A7529203E20746869732D3E73697A85
:106FD8006528292028776869636820697320257ADD
:106FE800752900737973005B3E21000A5D000A5021
:106FF80072656669782C436C6173732049442C2050
:10700800436C617373206465736372697074696F2C
:107018006E0A0030782558003A20004E6F20636FC2
:107028006D6D616E64732E00436F6D6D616E6420CB
:107038006E616D652C434D442049442C2044657392
:107048006372697074696F6E2C20466C6167730A8D
:10705800003078256C5800205200205700205741F6
:107068000020524100204900202853545229002072
:107078002844454255472900293A0A00636D6409A6
:10708800666C616773096465736372697074696FAC
:107098006E0A0A000928002053545200204442472F
:1070A80000202909004944206F6620636C617373CE
:1070B800006E616D65206F6620636C617373006E8E
:1070C800616D65005072696E74732068656C70201C
:1070D800666F7220636F6D6D616E647300436F6DD0
:1070E8006D616E642068616E646C657220696E649F
:1070F800657800636D6475696400436F6D6D616EDA
:10710800642068616E646C657220696E7374616E68
:107118006365206E756D62657200696E7374616E69
:10712800636500466C616773206F66206120636F3A
:107138006D6D616E642069642028616472292E2057
:107148002D3120696620636D6420696420696E763C
:10715800616C696400636D64696E666F0053796E73
:107168007461783A0A4765743A20636C732E28690B
:107178006E7374616E63652E29636D643F206F7250
:1071880020636C732E28696E7374616E63652E2993
:10719800636D643F6164720A5365743A20636C736B
:1071A8002E28696E7374616E63652E29636D643D64
:1071B80076616C206F7220636C732E28696E73740D
:1071C800616E63652E29636D643D76616C3F616411
:1071D800720043444320696E746572666163652E6C
:1071E80020004F4B004E4F545F464F554E440045CC
:1071F8005252004E6F6E65005D0A00434443434D92
:107208004400766563746F723A3A5F4D5F72616EDF
:1072180067655F696E7365727400436F6E74726F31
:107228006C7320696E7465726E616C2046464220EC
:107238006566666563747300667800465843616CDA
:107248006300436F6E7374616E7420666F7263655A
:107258002066696C746572206672657175656E6307
:10726800790066696C74657243664672657100439D
:107278006F6E7374616E7420666F726365206669E1
:107288006C74657220512D666163746F7200666953
:107298006C74657243665100537072696E6720673B
:1072A80061696E004672696374696F6E206761690F
:1072B8006E0044616D706572206761696E00496E89
:1072C8006572746961206761696E00555365642051
:1072D800656666656374732073696E63652072659D
:1072E8007365742028496E666F207072696E742009
:1072F800617320737472292E207365742030207492
:107308006F207265736574004C69737420656666D6
:10731800656374732064657461696C732E2073658A
:1073280074203020746F207265736574006566661A
:107338006563747344657461696C73004C69737434
:107348002061637475616C2065666665637473207B
:10735800666F726365732E0065666665637473464F
:107368006F726365730044616D7065722062697144
:1073780075616420667265710064616D7065725F25
:10738800660044616D706572206269717561642080
:10739800710064616D7065725F7100467269637433
:1073A800696F6E206269717561642066726571002B
:1073B8006672696374696F6E5F66004672696374AA
:1073C800696F6E2062697175616420710066726907
:1073D8006374696F6E5F7100496E657274696120CC
:1073E800626971756164206672657100696E6572A3
:1073F8007469615F6600496E6572746961206269CB
:1074080071756164207100696E65727469615F717C
:1074180000436F6E646974696F6E616C206566669F
:10742800656374732066696C7465722070726F6628
:10743800696C653A20302064656661756C743B2020
:107448003120637573746F6D0025206F66206D6140
:107458007820737065656420666F72206772616456
:1074680075616C20696E6372656173650066726927
:107478006374696F6E5063745370656564546F52BA
:10748800616D7075700025660062617369635F7372
:107498007472696E673A3A7265706C616365002C44
:1074A80020007B226D6178223A002C2022637572BD
:1074B80072223A002C20226E62223A007D00736309
:1074C800616C653A002C666163746F723A00436FB1
:1074D8006E7374616E742C0052616D702C00537160
:1074E800756172652C0053696E652C005472696170
:1074F8006E676C652C00536177746F6F74682055E4
:10750800702C00536177746F6F746820446F776EC6
:107518002C00537072696E672C0044616D7065723F
:107528002C00496E65727469612C00467269637437
:10753800696F6E2C00437573746F6D2C0045666619
:1075480065637473006572727072696E7400776136
:10755800726E0063726974006E6F20696E666F00E8
:10756800434D445F4D41494E00496E76616C6964F4
:1075780020636F6D6D616E64004572726F72207763
:1075880068696C6520657865637574696E672063E2
:107598006F6D6D616E6400484944434D44006566F3
:1075A80066656374735F63616C6320213D206E754B
:1075B8006C6C707472007669727475616C20766F89
:1075C8006964204869644646423A3A7365745F467E
:1075D800464228626F6F6C29004646426F617264AA
:1075E8002F5372632F4869644646422E63707000B9
:1075F8007669727475616C20766F69642048696475
:107608004646423A3A7365745F6761696E287569E0
:107618006E74385F742900766F696420486964461F
:1076280046423A3A7365745F66696C74657273288A
:107638004646425F4566666563742A2900493243B7
:1076480020737065656420707265736574006932B3
:10765800630049324320706F72740066786D00468B
:107668004642206163746976650066666273746178
:1076780074650045666665637420747970650052A8
:107688006573657420616C6C2065666665637473E8
:10769800206F7220656666656374206164720043BA
:1076A8007265617465206E657720656666656374CA
:1076B800206F6620747970652076616C2E20526583
:1076C8007475726E7320696E646578206F72202DF0
:1076D80031206F6E20657272006E657700313662F8
:1076E800206D61676E6974756465206F66206E6FC2
:1076F8006E20636F6E642E20656666656374206114
:107708006472006D616700456E61626C652F446943
:107718007361626C65206566666563742061647276
:1077280000506572696F64206F66206566666563E0
:10773800742061647200706572696F6400447572C8
:107748006174696F6E206F66206566666563742074
:10775800616472006475726174696F6E004F666669
:10776800736574206F6620636F6E642E206566668D
:107778006563742061647200446561647A6F6E6544
:10778800206F6620636F6E642E206566666563747D
:107798002061647200646561647A6F6E650053618C
:1077A8007475726174696F6E206F6620636F6E64A2
:1077B8002E20656666656374206164720073617467
:1077C80000436F656666696369656E74206F66203D
:1077D800636F6E642E2065666665637420616472EB
:1077E80000636F656666004761696E20666F722088
:1077F8007468697320617869732028696E7374618D
:107808006E63652920313662006178697367616942
:107818006E00436F6E7374616E743D312C52616DEE
:10782800703D322C5371756172653D332C53696E0E
:10783800653D342C547269616E676C653D352C5317
:107848006177746F6F74682055703D362C5361777B
:10785800746F6F746820446F776E3D372C53707265
:10786800696E673D382C44616D7065723D392C49ED
:107878006E65727469613D31302C46726963746952
:107888006F6E3D31310045666665637473206D61C6
:107898006E61676572005072696E742073797374D3
:1078A800656D2068656C7000577269746520616C3D
:1078B8006C2073657474696E677320746F20666CCE
:1078C800617368007361766500526573657420633F
:1078D800686970007265626F6F74007265626F6FBD
:1078E8007420696E746F2044465520626F6F746C03
:1078F8006F6164657200646675004C697374206119
:107908007661696C61626C65206D61696E636C613A
:1079180073736573006C736D61696E004C69737481
:107928002061637469766520636C61737365732085
:107938002846756C6C6E616D653A636C736E616D2B
:10794800653A696E73743A636C7369643A6964780A
:1079580029006C7361637469766500496E74657299
:107968006E616C20766F6C74616765286D562900AE
:1079780076696E740045787465726E616C20766FF6
:107988006C74616765286D562900766578740051B6
:1079980075657279206F72206368616E6765206D06
:1079A80061696E636C617373004669726D776172A9
:1079B800652076657273696F6E00737776657200FD
:1079C80048617264776172652074797065006877C0
:1079D800747970650057726974652076616C756595
:1079E80020746F20666C61736820616464726573CB
:1079F8007300666C61736872617700526561642018
:107A0800616C6C20666C6173682076617269616272
:107A18006C6573202876616C3A6164722900666C23
:107A280061736864756D7000526561642065727277
:107A38006F72207374617465730052657365742086
:107A48006572726F7273006572726F7273636C72B3
:107A5800004D656D6F727920696E666F00686561AB
:107A680070667265650073657420666F726D617407
:107A78003D3120746F20657261736520616C6C20E4
:107A880073746F7265642076616C75657300666FD8
:107A9800726D617400456E61626C65206F7220645E
:107AA800697361626C6520646562756720636F6DD8
:107AB8006D616E6473006465627567004765742064
:107AC800636869702064657620696420616E64204B
:107AD8007265762069640064657669640047657438
:107AE800203936622063686970207569642E2041E8
:107AF8006472302D322073656C20626C6B004368B1
:107B080069702074656D706572617475726520693D
:107B18006E20430074656D70004163636573732064
:107B28004F5450206D656D6F7279006F747000430B
:107B3800686970207369676E617475726520696E13
:107B4800204F54502E2073657461647220746F2026
:107B5800777269746520646174612E207365743D61
:107B68003120746F206C6F636B007369676E61748A
:107B78007572650053797374656D20436F6D6D611F
:107B88006E647300555342002530386C78253038C0
:107B98006C782530386C78004272616B65207265AC
:107BA800736973746F7220737475636B206F6E00E2
:107BB8003130306B003132356B003235306B003587
:107BC80030306B00313030306B003130306B622F29
:107BD80073003430306B622F7300414453313131BC
:107BE800332F342F3520616E616C6F6720736F758A
:107BF80072636500766563746F723A3A5F4D5F66CB
:107C0800696C6C5F696E7365727400616473416E50
:107C1800616C6F67006164733131317800416D6F59
:107C2800756E74206F6620696E70757473202831C4
:107C38002D34206F7220312D3220696620646966E8
:107C4800666572656E7469616C2900696E70757419
:107C58007300446966666572656E7469616C206D4F
:107C68006F646520284368303D20307020316E20D5
:107C78004368313D20327020336E2900646966669E
:107C880000504741207363616C652028302D3529E9
:107C9800004461746120726174652028302D372991
:107CA80000362E313434563A302C342E303936568C
:107CB8003A312C322E303438563A322C312E30327A
:107CC80034563A332C302E353132563A342C302E45
:107CD800323536563A350038205350533A302C3125
:107CE80036205350533A312C3332205350533A32C2
:107CF8002C3634205350533A332C313238205350D9
:107D0800533A342C323530205350533A352C3437CB
:107D180035205350533A362C383630205350533A86
:107D28003700414453313131582041444300342015
:107D3800313662206178657320706572203634624E
:107D4800207061636B65740063616E616E616C6F56
:107D5800670043414E206672616D65204944206F7B
:107D680066206669727374207061636B65742E2077
:107D78004E657874207061636B65742049442B31BB
:107D880000416D6F756E74206F6620616E616C6F57
:107D9800672061786573004D61786D696D756D2038
:107DA800616D6F756E74206F6620616E616C6F67B0
:107DB8002061786573006D6178616D6F756E740010
:107DC80043414E20416E616C6F670043414E206213
:107DD8007573206465627567206272696467652ED1
:107DE800205468697320636C61737320697320473A
:107DF800565245542F536176767943414E20636F2E
:107E08006D70617469626C65210043414E3A00539C
:107E1800656E642061206672616D65206F722067EF
:107E28006574206C61737420726563656976656436
:107E3800206672616D650053656E6420612052543E
:107E480052206672616D6500727472004368616EDB
:107E58006765206F72206765742043414E20626118
:107E680075640043414E2042726964676520284763
:107E780056524554290063616E62746E00416D6FFD
:107E8800756E74206F6620627574746F6E7300620D
:107E9800746E6E756D00496E7665727420627574C5
:107EA800746F6E730043414E206672616D652049A0
:107EB800440043414E20427574746F6E73005265DE
:107EC8006D6F74652043414E20416E616C6F672F62
:107ED8004469676974616C20736F757263650042E9
:107EE8007574746F6E206F75747075742043414E8D
:107EF8002049440063616E696462746E00416E617A
:107F08006C6F67206F757470757420737461727408
:107F18002043414E2049440063616E696461696E83
:107F280000456E61626C656420627574746F6E20C2
:107F3800736F75726365730062746E7479706573BC
:107F480000456E61626C6520627574746F6E207393
:107F58006F757263650061646462746E004765746E
:107F680020617661696C61626C6520627574746FFA
:107F78006E20736F7572636573006C7362746E0044
:107F8800456E61626C656420616E616C6F67207319
:107F98006F75726365730061696E747970657300DB
:107FA80047657420617661696C61626C6520616EF9
:107FB800616C6F6720736F7572636573006C7361B2
:107FC800696E00456E61626C6520616E616C6F67F9
:107FD80020736F757263650061646461696E004344
:107FE800414E20696E74657276616C2072617465A9
:107FF8000043757272656E74206469676974616C98
:10800800206F757470757473006476616C730043C7
:10801800757272656E7420616E616C6F67206F7522
:108028007470757473006176616C73004646424DD6
:1080380041494E00487A3A0043414E2072656D6FBF
:108048007465204469676974616C2F416E616C6F57
:1080580067004C6F63616C2041424E20656E636F10
:108068006465720A00435052206F6620656E636F24
:1080780064657200456E61626C6520696E6465783E
:108088002070696E006C6F63616C656E63004C6F85
:1080980063616C2041424E00466F726365206665DD
:1080A80065646261636B204849442067616D65209F
:1080B800636F6E74726F6C6C657200484944204738
:1080C800616D6570616420284578742046464229B0
:1080D80000456D657267656E63792073746F7020F3
:1080E800627574746F6E207472696767657265640F
:1080F800004646422000487A0A5553422000464628
:108108004220737461747573006666626163746992
:1081180076650047657420657374696D617465647C
:108128002065666665637420757064617465207384
:108138007065656400686964726174650047657498
:1081480020657374696D6174656420636F6E737400
:1081580020666F7263652072617465006366726180
:108168007465004368616E6765204849442067610B
:108178006D657061642075706461746520726174E6
:10818800650068696473656E6473706400456D6545
:108198007267656E63792073746F70006573746FAE
:1081A8007000464642204A6F79737469636B2028D1
:1081B8003220417869732900464642205768656530
:1081C8006C202831204178697329004661696C73F5
:1081D800616665206D61696E636C61737320776990
:1081E8007468206E6F2066656174757265732E20E1
:1081F80043686F6F736520612064696666657265A0
:108208006E74206D61696E636C6173732E2073796F
:10821800732E6C736D61696E20746F2067657420AE
:1082280061206C6973740042617369632028466138
:10823800696C736166652900416E616C6F672070B7
:10824800696E7320736F757263650A006170696E79
:1082580000456E61626C65642070696E73004176DA
:1082680061696C61626C652070696E730041494E8A
:108278002D50696E73004469676974616C20706978
:108288006E20627574746F6E20736F75726365000B
:108298006470696E0050696E20706F6C61726974E9
:1082A800790070696E2076616C75657300546F672C
:1082B800676C6520746F2070756C7365206D6F64D2
:1082C80065206D61736B0070756C736500442D508B
:1082D800696E730050574D206F7574707574206DFA
:1082E8006F746F72206472697665720070776D645E
:1082F80072760050574D20706572696F64207365FF
:108308006C656374696F6E0050574D206D6F6465BE
:1083180000496E7665727420646972656374696F6A
:108328006E006469720052432050504D0030252D74
:108338003530252D313030252043656E74657265E2
:108348006400302D313030252050574D2F4449528C
:1083580000302D31303025206475616C2050574D28
:1083680000336B687A00396B687A0031376B687A4A
:108378000032346B687A0032306D730031356D73BA
:108388000031306D7300435243206572726F722062
:10839800636F756E74006372636572720055415243
:1083A80054206572726F7220636F756E7400756108
:1083B800727465727200566F6C7461676520696EBD
:1083C800206D5600766F6C7461676500546F72712A
:1083D800756520696E206D41005374617475732052
:1083E800666C61677300526573746172742064729D
:1083F80069766572007265737461727400526561A2
:10840800642F577269746520726177207265676995
:1084180073746572007265670044657669636520E8
:1084280074797065006465767479706500736D326F
:108438000053696D706C656D6F74696F6E2064654B
:108448007669636520696E76616C696420636F6E16
:1084580066696775726174696F6E0053696D706CD7
:10846800656D6F74696F6E20320053696D706C654D
:108478006D6F74696F6E2031006D74656E63004DA9
:1084880054454E4300637300506F736974696F6E8F
:1084980000506172697479206572726F7220636F1F
:1084A800756E7400456E636F646572206D6F6465E8
:1084B80020284D54363832353D303B4D543638330C
:1084C800353D31290053504920737065656420702B
:1084D800726573657400526561642F5772697465BB
:1084E80020726567697374657200536176652074DC
:1084F8006F206D656D6F7279004D54363832353A9C
:10850800300A4D54363833353A31004D61676E5470
:10851800656B205350490043414E206964206F66C3
:10852800204F44726976650043414E20626175644C
:10853800726174650063616E737064004F447269A0
:108548007665206572726F7220666C616773004F82
:108558004472697665207374617465004D61782092
:10856800746F7271756520746F2073656E64206610
:108578006F72207363616C696E67006D6178746FE8
:1085880072717565004F447269766520566275731D
:10859800007662757300536574203120746F207300
:1085A8007461727420616E7469636F6767696E675E
:1085B8002063616C6962726174696F6E00616E74C8
:1085C80069636F6767696E67004F447269766520F3
:1085D800636F6E6E656374696F6E20737461746522
:1085E80000636F6E6E65637465640053746F7265C3
:1085F80020656E636F646572206F666673657400CC
:1086080073746F7265706F73004F4472697665207A
:108618006D6F746F72206472697665722077697401
:10862800682043414E006F647276004F44524956A9
:1086380045004F447269766520284D3129004F4422
:108648007269766520284D30290070636662746E01
:10865800003430306B622F73206D6F646500627474
:108668006E6E756D2F382064657669636573207248
:10867800657175697265642E2041646472657373EF
:108688006573207374617274696E67206174203039
:108698007832302E0049324320504346383537343B
:1086A80000535049203220427574746F6E00535045
:1086B80049206D6F64650043757420627574746F2A
:1086C8006E732072696768740062746E63757400F3
:1086D800496E766572740062746E706F6C004E75C8
:1086E8006D626572206F6620627574746F6E7300B8
:1086F8005350492043532070696E0073706973703A
:108708006565640073706962746E00466173740015
:108718004D656469756D00536C6F770054687275A8
:1087280073746D61737465722F4845463430323105
:108738004254003734787831363500535049204256
:108748007574746F6E7320320053504920427574EB
:10875800746F6E7320310053686966746572206D9A
:108768006F646500582D7468726573686F6C642057
:10877800666F722031263220676561727300783126
:108788003200582D7468726573686F6C6420666F68
:108798007220352636206765617273007835360099
:1087A800592D7468726573686F6C6420666F7220E7
:1087B8003126332635206765617273007931333588
:1087C80000592D7468726573686F6C6420666F72E7
:1087D8002032263426362067656172730079323478
:1087E800360050696E20666F722052207369676E7A
:1087F800616C0072657662746E0043532070696E16
:1088080020666F7220535049206D6F646573006352
:108818007370696E0058207369676E616C20616EB1
:10882800616C6F672070696E00786368616E0059CB
:10883800207369676E616C20616E616C6F67207070
:10884800696E00796368616E00416E616C6F6720C4
:1088580076616C756573004465636F646564206751
:108868006561720073686966746572004732392DF4
:1088780048004732392053657175656E7469616CBB
:10888800004732372D4800473237205365717565E8
:108898006E7469616C00416E616C6F6720362B31B4
:1088A80020676561722073686966746572206275F5
:1088B80074746F6E20736F757263650053686966B0
:1088C80074657220416E616C6F670043414E206988
:1088D80064206F66204F70656E4646426F61726411
:1088E8002041786973006F66666263616E6964002F
:1088F80043414E206964206F6620564553430076F5
:1089080065736363616E69640043414E20626175FB
:1089180064202120666F7220696E666F0056455389
:1089280043206572726F722073746174650065729A
:10893800726F72666C616773005645534320737497
:108948006174650076657363737461746500564578
:10895800534320737570706C7920766F6C746167FF
:108968006520286D562900456E636F646572207511
:108978007064617465207261746500656E6372610C
:108988007465005645534320706F736974696F6E40
:108998000043757272656E74205645534320746F98
:1089A8007271756500466F726365206120706F7320
:1089B8006974696F6E2075706461746500666F72A2
:1089C8006365706F737265616400456E61626C65A2
:1089D800205645534320656E636F64657200757356
:1089E80065656E636F64657200476574206F7220F9
:1089F80073657420656E636F646572206F66667355
:108A0800657400564553432043414E20696E746592
:108A1800726661636500766573630056455343204B
:108A28003200564553432031004F70656E2046464C
:108A3800426F617264004646426F61726420463438
:108A4800303756475F444953434F004646426F61AB
:108A5800726420434443004646426F617264204872
:108A68004944004646426F617264204D49444900BA
:108A78003230416E616C6F674178697350726F6311
:108A8800657373696E67000070D60408788A0408F5
:108A980000000000908A04084D9F01087D9F01088E
:108AA800313443686F6F7361626C65436C617373D3
:108AB8000000000070D60408A88A04083132416E0C
:108AC800616C6F67536F757263650000F0D70408B7
:108AD800C48A04080000000002000000BC8A0408E0
:108AE80002000000709E0408020800000000000058
:108AF800BC8A04080000000000000000000000001C
:108B080001A8010800000000D48A04080000000041
:108B1800000000000000000005A8010809A80108DD
:108B2800F8FFFFFFD48A04080000000000000000DE
:108B380009760208097602083131417865734D617A
:108B48006E6167657200000070D60408408B0408E7
:108B580000000000508B04088DAA0108F1AA010842
:108B6800537431315F4D757465785F62617365491F
:108B78004C4E395F5F676E755F63787831325F4C52
:108B88006F636B5F706F6C696379453045450000B2
:108B980070D60408688B0408466276450000000019
:108BA800D0D60408A08B0408537431395F53705F22
:108BB8006D616B655F7368617265645F746167009E
:108BC80070D60408B08B0408537431365F53705F55
:108BD800636F756E7465645F62617365494C4E3985
:108BE8005F5F676E755F63787831325F4C6F636B78
:108BF8005F706F6C696379453045450078D7040824
:108C0800D08B0408988B04083441786973000000FD
:108C1800F0D70408108C04080000000003000000CE
:108C2800709E040802000000149404080208000062
:108C3800449904080228000031384D6F746F72534C
:108C4800696D706C656D6F74696F6E31000000003E
:108C580078D70408408C04082CBB04085A3961648E
:108C6800645F636C6173734931314D6F746F724423
:108C7800726976657253305F453131636C61737325
:108C88005F656E7472794954305F455374386F70FC
:108C980074696F6E616C49744545556C76455F0023
:108CA80070D60408648C04085046627645000000BB
:108CB80020D70408B08C040800000000A88B040822
:108CC8005A396164645F636C61737349384D6F74BA
:108CD8006F7250574D31314D6F746F7244726976AF
:108CE8006572453131636C6173735F656E74727957
:108CF8004954305F455374386F7074696F6E616C96
:108D080049744545556C76455F00000070D60408E7
:108D1800C88C04085A396164645F636C6173734971
:108D280031304F447269766543414E3131314D6F70
:108D3800746F72447269766572453131636C617320
:108D4800735F656E7472794954305F455374386F38
:108D58007074696F6E616C49744545556C76455FF2
:108D68000000000070D604081C8D04085A3961649C
:108D7800645F636C6173734936564553435F3131A1
:108D8800314D6F746F724472697665724531316323
:108D98006C6173735F656E7472794954305F4553C3
:108DA80074386F7074696F6E616C49744545556CA1
:108DB80076455F0070D60408748D04085A396164DA
:108DC800645F636C6173734931384D6F746F7253AC
:108DD800696D706C656D6F74696F6E3131314D6F8F
:108DE800746F72447269766572453131636C617370
:108DF800735F656E7472794954305F455374386F88
:108E08007074696F6E616C49744545556C76455F41
:108E18000000000070D60408C48D04085A39616443
:108E2800645F636C6173734931304F44726976656E
:108E380043414E3231314D6F746F724472697665B9
:108E480072453131636C6173735F656E7472794911
:108E580054305F455374386F7074696F6E616C4934
:108E6800744545556C76455F0000000070D60408CF
:108E7800248E04085A396164645F636C61737349B2
:108E880036564553435F3231314D6F746F724472B9
:108E980069766572453131636C6173735F656E74B1
:108EA80072794954305F455374386F7074696F6EC6
:108EB800616C49744545556C76455F0070D6040869
:108EC8007C8E0408537432335F53705F636F756E22
:108ED8007465645F7074725F696E706C6163654914
:108EE80037456E636F64657253614976454C4E39F8
:108EF8005F5F676E755F63787831325F4C6F636B65
:108F08005F706F6C696379453045450078D7040810
:108F1800CC8E0408048C0408537431355F53705F99
:108F2800636F756E7465645F707472495037456E0F
:108F3800636F6465724C4E395F5F676E755F637807
:108F48007831325F4C6F636B5F706F6C6963794522
:108F58003045450078D70408208F0408048C04089D
:108F680000000000188C04089DC1010821C20108F6
:108F7800E9C0010805C4010811AD0108D5AC010814
:108F8800C5CB010869AE0108A1D10108F8FFFFFFB0
:108F9800188C0408D9AC010811C201083FC20108A5
:108FA80011FC010815FC010861D90108D106020865
:108FB80025AD0108DDCB0108B103020885010208CF
:108FC8005DFC0108C7AC010859FC010819FC01083F
:108FD80061FC0108E1FB0108CBAC0108F50A0208B5
:108FE800C5050208D8FFFFFF188C040819C201083C
:108FF80037C2010891AE010800000000588C04082F
:10900800D5AD010819AE0108E1AC0108D1AC0108E1
:109018006D530308ED4D0308E14D0308B1720208D2
:109028002D4A0308154A030801B30108DDAC0108FD
:10903800434A0308194A03083F4A030879530308B7
:10904800A9560308A5CB01080D4E0308C54A030815
:10905800A54A0308F0FFFFFF588C04080BAE01086F
:109068003BAE0108FBAC0108CDAC0108A14A0308DE
:10907800694A0308D1420208774202088D42020871
:10908800254A030891530308E4FFFFFF588C04089E
:10909800C3AC010805AE010835AE010811FC010892
:1090A80015FC01083F570308D1060208F5AC010872
:1090B800BDCB0108B1030208850102085DFC010867
:1090C800C7AC010859FC010819FC010861FC01083A
:1090D800E1FB0108CBAC0108F50A0208C505020846
:1090E800C4FFFFFF588C040811AE01082FAE010819
:1090F800914F0308E14A0308BD4A03080000000035
:10910800148F0408A5AD0108C5AD0108A7AD010875
:1091180099AE010841AE0108000000005C8F040808
:1091280093AD0108AFAD010895AD0108BDAD0108CB
:10913800A1AD0108000000000000000031324275B6
:1091480074746F6E536F757263650000F0D704080E
:10915800449104080000000002000000BC8A0408D2
:1091680002000000709E04080208000000000000D1
:1091780054910408000000000000000000000000F6
:1091880059DD0108000000005DDD0108F8FFFFFF60
:10919800549104080000000000000000097602084D
:1091A800097602084E31326370705F6672656572C7
:1091B800746F73313542696E61727953656D617090
:1091C800686F72654500000078D70408AC91040800
:1091D800C8A204083743414E506F72740000000063
:1091E80078D70408DC910408709E04080000000089
:1091F800D0910408B9DD0108CDDD010800000000A8
:10920800E891040800000000000000000976020848
:1092180009760208000000000000000000000000BD
:109228000000000000000000000000000000000036
:109238000000000000000000000000000000000026
:1092480000000000A5DD010821DE010831DE01086B
:10925800D1DE0108E1DD010849DE0108A9DD0108C8
:1092680000000000313043414E506F72745F32424B
:1092780000000000F0D704086C9204080000000009
:1092880003000000E8910408020000001494040898
:1092980002240000B093040802440000000000000B
:1092A8007C9204088DE4010829E501086BE30108B4
:1092B800DFE20108CBE1010897E1010849E1010873
:1092C8003BE2010801E2010875E7010801E4010831
:1092D80031E1010811E3010821E101082BE101084E
:1092E800B7E10108A5DD010821DE010831DE01082A
:1092F800D1DE0108E1DD010849DE0108A9DD010828
:109308001DE1010809E201085DE101087DE10108AC
:10931800BDEA0108F9E0010815E10108DCFFFFFFDB
:109328007C92040819E1010819E5010845E50108DE
:1093380011FC010815FC0108E9EC0108D106020836
:109348000DE10108ADFE0108B1030208850102081C
:109358005DFC0108C7AC010859FC010819FC0108AB
:1093680061FC0108E1FB0108CBAC0108F50A020821
:10937800C5050208BCFFFFFF7C92040821E501082F
:109388003DE50108B5EF01088FE10108B7EF0108D5
:1093980033E2010875E10108313043616E48616EBE
:1093A800646C65720000000070D60408A09304087D
:1093B80000000000B093040849F0010865F00108B6
:1093C800B5EF0108B7EF0108B7EF0108B7EF0108DB
:1093D800B7EF010839436D6450617273657200001C
:1093E80070D60408DC93040800000000E893040821
:1093F800B5FB0108CDFB01083134436F6D6D616E1B
:109408006448616E646C65720000000070D60408E0
:10941800009404080000000014940408C3AC010878
:10942800000000000000000011FC010815FC010804
:1094380055FC0108D106020800000000ADFE010835
:10944800B1030208850102085DFC0108C7AC0108E8
:1094580059FC010819FC010861FC0108E1FB01083D
:10946800CBAC0108F50A0208C50502083136436F7E
:109478006D6D616E64496E74657266616365000046
:1094880070D60408749404083232537472696E6793
:10949800436F6D6D616E64496E7465726661636574
:1094A8000000000078D70408909404088894040801
:1094B80032304344435F436F6D6D616E64496E742F
:1094C8006572666163650000F0D70408B894040803
:1094D8000000000002000000AC9404080200000034
:1094E800F8A2040802300000000000008894040874
:1094F80000000000000000006110020800000000E9
:109508004D0D020800000000951B0208510D0208CD
:10951800550D020800000000AC940408000000008B
:109528000000000049100208570D02084D0D0208FE
:1095380000000000951B0208510D0208550D020895
:1095480000000000D0940408291F0208611F0208C7
:10955800FD120208570D02084D0D0208311E0208BF
:10956800951B0208610D02082F0E02085916020801
:10957800D0FFFFFFD0940408591F0208751F020886
:10958800B316020885BB0208313745666665637401
:109598007343616C63756C61746F7200F0D7040873
:1095A800909504080000000003000000709E040865
:1095B800020000001494040802080000F8A204083D
:1095C80000280000313745666665637473436F6E23
:1095D80074726F6C4974660070D60408CC950408E0
:1095E80070D60408F09504082A5A4E313745666645
:1095F8006563747343616C63756C61746F72313049
:1096080073657446696C74657273455031304646AB
:10961800425F45666665637445556C5253743130D4
:10962800756E697175655F707472493642697175D6
:1096380061645374313464656661756C745F646524
:109648006C6574654953335F4545455F000000000C
:1096580070D60408609604082A5A4E313745666663
:109668006563747343616C63756C61746F723130D8
:1096780073657446696C746572734550313046463B
:10968800425F45666665637445556C525374313064
:10969800756E697175655F70747249364269717566
:1096A80061645374313464656661756C745F6465B4
:1096B8006C6574654953335F454545305F0000006C
:1096C80070D60408D09604082A5A4E313745666683
:1096D8006563747343616C63756C61746F72313068
:1096E80073657446696C74657273455031304646CB
:1096F800425F45666665637445556C5253743130F4
:10970800756E697175655F707472493642697175F5
:1097180061645374313464656661756C745F646543
:109728006C6574654953335F454545315F000000FA
:1097380070D60408409704082A5A4E3137456666A1
:109748006563747343616C63756C61746F723130F7
:1097580073657446696C746572734550313046465A
:10976800425F45666665637445556C525374313083
:10977800756E697175655F70747249364269717585
:1097880061645374313464656661756C745F6465D3
:109798006C6574654953335F454545325F00000089
:1097A80070D60408B09704082A5A4E3137456666C1
:1097B8006563747343616C63756C61746F72313087
:1097C80073657446696C74657273455031304646EA
:1097D800425F45666665637445556C525374313013
:1097E800756E697175655F70747249364269717515
:1097F80061645374313464656661756C745F646563
:109808006C6574654953335F454545335F00000017
:1098180000000000A49504081133020871330208FF
:1098280075200208AB2B0208951F02087D1F02084D
:1098380041370208B13C0208192F02082121020809
:10984800F8FFFFFFA4950408811F0208613302088E
:109858008F33020811FC010815FC01084D4202086B
:10986800D1060208A91F02082D2F0208B103020819
:10987800850102085DFC0108C7AC010859FC010814
:1098880019FC010861FC0108E1FB0108CBAC0108E7
:10989800F50A0208C5050208D8FFFFFFA4950408C9
:1098A80069330208873302083121020885BB0208A0
:1098B800D6740408E0740408E6740408EE74040816
:1098C800F4740408FE7404080B7504081A75040877
:1098D800227504082A750408337504083D750408C0
:1098E80037456E636F6465720000000078D704081E
:1098F800E8980408BC8A040800000000F4980408EA
:10990800694202087F42020855420208CDAC0108AC
:109918006B42020873420208D142020877420208E9
:109928008D4202087D4202086F42020831324572B8
:10993800726F7248616E646C6572000070D60408BC
:109948003499040831324572726F725072696E74BC
:1099580065720000F0D704084C9904080000000064
:10996800020000004499040800000000F8A204085E
:109978000004000000000000449904083145020872
:109988004D45020825430208000000005C990408C0
:10999800614502088945020869430208ED4C02083E
:1099A800FCFFFFFF5C990408814502089D450208F9
:1099B800454D020885BB0208313145787469486114
:1099C8006E646C657200000070D60408C0990408C3
:1099D80000000000D0990408A94D0208014E0208B1
:1099E800A54D020832344646426F6172644D616982
:1099F8006E436F6D6D616E645468726561640000DA
:109A080078D70408EC990408F8A2040800000000BC
:109A1800089A04085D500208A55002082D4F020854
:109A280085BB0208C151020832304849445F436F80
:109A38006D6D616E64496E74657266616365000080
:109A4800F0D70408309A0408000000000200000063
:109A58008894040802000000F8A204080208000024
:109A680000000000489A0408695B0208B15B02081C
:109A78003D5B0208CD5B02084D0D0208D15D02086E
:109A8800951B0208395A0208550D0208775A020830
:109A9800F8FFFFFF489A0408A95B0208C55B0208A3
:109AA800B55A020885BB0208364869644646420032
:109AB800F0D70408B09A0408000000000200000073
:109AC80010A2040802000000E09504080204000047
:109AD80000000000B89A040881600208C16002080A
:109AE800056802080F600208096002085960020848
:109AF8002B6002083B600208D56002080961020871
:109B08004B600208FCFFFFFFB89A040801610208D5
:109B180043600208336002087960020819200208CD
:109B2800B91F02083961020831610208BD22020822
:109B3800392202085160020837493243506F727463
:109B480000000000F0D70408409B04080000000053
:109B5800030000005C9C0408020000001494040840
:109B680002040000709E04080224000039493243B0
:109B7800446576696365000070D60408749B040820
:109B8800000000004C9B04088D690208D169020896
:109B9800256902084F6902088B6D0208216E0208C8
:109BA800F5690208BD6B0208016902081D6902080F
:109BB800FCFFFFFF4C9B040821690208C1690208E9
:109BC800ED69020811FC010815FC01086D70020816
:109BD800D106020815690208ADFE0108B1030208A2
:109BE800850102085DFC0108C7AC010859FC0108A1
:109BF80019FC010861FC0108E1FB0108CBAC010874
:109C0800F50A0208C5050208DCFFFFFF4C9B0408A3
:109C1800C9690208E5690208196A0208ED6B0208B9
:109C280000000000809B0408796902087D69020829
:109C38002D6D0208D36D02087B6902087B69020852
:109C48009D6D0208313049324348616E646C65721B
:109C58000000000070D604084C9C040800000000B6
:109C68005C9C0408B9710208D57102087570020875
:109C7800757002087570020831314D6F746F724447
:109C8800726976657200000078D70408809C040821
:109C9800BC8A040831384D6F746F7253696D706CEB
:109CA800656D6F74696F6E320000000078D7040824
:109CB8009C9C04082CBB04085A396164645F636C7B
:109CC8006173734931384D6F746F7253696D706C7D
:109CD800656D6F74696F6E3231314D6F746F724498
:109CE8007269766572453131636C6173735F656E55
:109CF8007472794954305F455374386F7074696F62
:109D08006E616C49744545556C76455F00000000EE
:109D180070D60408C09C040800000000909C040849
:109D28000D7302082573020821720208D1AC0108DC
:109D3800357202083972020837720208B1720208D5
:109D4800197202084172020801B301081D72020863
:109D580000000000B49C04084572020889720208D9
:109D6800E9710208D1AC01086D530308ED4D0308F1
:109D7800E14D0308B17202082D4A0308154A030889
:109D880001B30108DDAC0108434A0308194A030876
:109D98003F4A030879530308A9560308A5CB0108CD
:109DA8000D4E0308C54A0308A54A0308F0FFFFFF44
:109DB800B49C04087B720208AB72020803720208A2
:109DC800CDAC0108A14A0308694A0308D142020838
:109DD800774202088D420208254A03089153030876
:109DE800E4FFFFFFB49C0408C3AC010875720208C5
:109DF800A572020811FC010815FC01083F57030869
:109E0800D1060208FD710208BDCB0108B1030208A2
:109E1800850102085DFC0108C7AC010859FC01086E
:109E280019FC010861FC0108E1FB0108CBAC010841
:109E3800F50A0208C5050208C4FFFFFFB49C040820
:109E4800817202089F720208914F0308E14A0308D1
:109E5800BD4A0308313750657273697374656E744F
:109E680053746F726167650070D604085C9E0408BD
:109E780000000000709E0408E976020805770208D1
:109E8800097602080976020837535049506F7274F0
:109E98000000000078D70408909E040850A0040829
:109EA80039535049446576696365000070D60408E3
:109EB800A89E0408000000009C9E0408B57C0208C7
:109EC800E17C02083F780208697802089378020862
:109ED800419602084196020841960208BD78020898
:109EE80000000000B49E0408617F0208817F020818
:109EF800957F0208097802080B7802080D78020895
:109F08000F7802086F7C02088D7C0208117802081D
:109F180015780208313653656C65637461626C6547
:109F2800496E70757473000070D604081C9F04088D
:109F380000000000309F0408B58302084584020829
:109F480005860208C3850208838302087B87020806
:109F5800378702085984020879820208198802089A
:109F68003953657269616C4646420000F0D70408AF
:109F7800689F040800000000020000001494040810
:109F880002000000E0950408022000000000000024
:109F9800749F0408C3AC0108B1890208F589020856
:109FA80011FC010815FC01084D900208D1060208B1
:109FB80031890208ADFE0108B103020885010208D3
:109FC8005DFC0108C7AC010859FC010819FC01082F
:109FD80061FC0108E1FB0108CBAC0108F50A0208A5
:109FE800C5050208458902085389020887890208BD
:109FF80095890208A3890208E0FFFFFF749F0408FF
:10A008008D890208851F02088D1F02087F890208B2
:10A0180019200208B91F02084B8902089B89020807
:10A02800BD22020839220208A98902080000FF7F20
:10A03800FF7FFF7FFF7F0000313053706948616EFA
:10A04800646C65720000000070D6040840A0040823
:10A058000000000050A00408D5960208F1960208F6
:10A068004196020841960208419602084196020864
:10A078004196020841960208419602083134537904
:10A088007374656D436F6D6D616E647300000000DD
:10A0980078D7040884A00408149404080000000079
:10A0A80098A00408F19702082D9802084D98020814
:10A0B80011FC010815FC010855FC010845A7020818
:10A0C80019980208ADFE0108B103020885010208CB
:10A0D8005DFC0108C7AC010859FC010819FC01081E
:10A0E80061FC0108E1FB0108CBAC0108F50A020894
:10A0F800C5050208313254696D657248616E646C39
:10A108006572000070D60408FCA004080000000076
:10A118000CA10408F5AE02084DAF0208F1AE020822
:10A128003855415254506F727400000078D70408B3
:10A1380028A10408E0A1040831305541525444656F
:10A14800766963650000000070D6040840A1040821
:10A158000000000034A1040889B00208ADB002086C
:10A16800C1B00208FDB002080000000050A10408B8
:10A1780067B0020875B0020865B002085FB202084D
:10A18800B5B20208395553426465766963650000C3
:10A1980078D704088CA10408F8A20408000000007D
:10A1A80098A10408EDB2020801B3020821B302081D
:10A1B80085BB020815B30208E5B20208E9B2020835
:10A1C800F5B40208FDB30208313155617274486173
:10A1D8006E646C657200000070D60408D0A1040893
:10A1E80000000000E0A1040815B7020831B7020812
:10A1F80081B6020881B60208313355736248696432
:10A2080048616E646C65720070D6040800A2040888
:10A218000000000010A2040831B8020839B802088A
:10A2280037B8020833B802084E31326370705F667F
:10A2380072656572746F73354D7574657845000085
:10A2480070D6040830A204084E31326370705F661D
:10A2580072656572746F7331334D757465785374B4
:10A26800616E64617264450078D7040850A20408DE
:10A2780048A204080000000048A2040800000000EA
:10A2880000000000000000000000000000000000C6
:10A2980070A2040879B8020889B80208C9B8020887
:10A2A800DDB802084E31326370705F6672656572A0
:10A2B800746F733953656D6170686F72654500001E
:10A2C80070D60408ACA2040800000000C8A2040864
:10A2D800CDBA0208E5BA02084E31326370705F6683
:10A2E80072656572746F733654687265616445008F
:10A2F80070D60408E0A2040800000000F8A20408D0
:10A3080000000000000000000000000085BB0208FB
:10A31800313743414E5F6D73675F6865616465728D
:10A328005F72780070D6040818A3040800000000C3
:10A338002CA30408BDBF0208BFBF02083137526909
:10A348006E674275666665725772617070657200F5
:10A3580070D6040844A304080000000058A30408A9
:10A3680011C7020829C70208000000000400000005
:10A37800080000000C0000000102040101010200B5
:10A3880044070120007A030AE02D012037001B0052
:10A3980050C30000C37B04081B001B00A0860100FB
:10A3A800B87B040814001C0048E80100BD7B0408C1
:10A3B8000B001A0090D00300C27B040805001A00A5
:10A3C80020A10700C77B040802001A0040420F00C2
:10A3D800CC7B040801000000E8A304080200000088
:10A3E800A0860100000000000000000000400000FE
:10A3F8000000000000000000000000000000000055
:10A40800D27B0408801A060000000000000000004B
:10A4180000400000000000000000000000000000F4
:10A4280000000000DA7B04080030001000203741EB
:10A43800445331313158000078D7040836A4040851
:10A44800809B04083230414453313131585F416EAA
:10A45800616C6F67536F757263650000F0D704080D
:10A468004CA40408000000000500000040A40408F3
:10A4780002000000D48A0408021C00001494040896
:10A4880002380000908A040802580000F8A2040864
:10A4980002A400000000000040A404082DCC02081B
:10A4A8004DCC020805CC020861CC02087B69020881
:10A4B8007B6902089D6D02080000000064A404087E
:10A4C80009CE020895CE020805CC020861CC020824
:10A4D800E3CD020867CD020867CC020875CC0208F4
:10A4E800B5D402084DD002080DD2020809CC0208E2
:10A4F80089D10208F9CB0208ADD60208E4FFFFFFB4
:10A5080064A4040885CE0208C9CE020825CC020836
:10A5180001CC020805D30208DCFFFFFF64A404088D
:10A528007DCE0208C1CE020809CD020869D502080D
:10A53800C8FFFFFF64A40408FDCB020875CE02081B
:10A54800B9CE020811FC010815FC0108A9D80208B7
:10A55800D10602081DCC0208A1D10208B1030208E5
:10A56800850102085DFC0108C7AC010859FC010817
:10A5780019FC010861FC0108E1FB0108CBAC0108EA
:10A58800F50A0208C5050208A8FFFFFF64A404082D
:10A598006DCE0208B1CE02085CFFFFFF64A4040878
:10A5A8008DCE0208A9CE0208CFD0020885BB0208CA
:10A5B80010051105120513051405150516051705CF
:10A5C8003943616E416E616C6F67494C6838454527
:10A5D8000000000078D70408C8A5040894A9040856
:10A5E8005A396164645F636C6173734931314C6FCC
:10A5F80063616C416E616C6F673132416E616C6F83
:10A6080067536F75726365453131636C6173735F4E
:10A61800656E7472794954305F455374386F70743D
:10A62800696F6E616C49744545556C76455F0000ED
:10A6380070D60408E8A504085A396164645F636C3D
:10A64800617373493943616E416E616C6F67494C40
:10A65800683845453132416E616C6F67536F75726A
:10A668006365453131636C6173735F656E747279CC
:10A678004954305F455374386F7074696F6E616CFC
:10A6880049744545556C76455F00000070D604084E
:10A6980040A604085A396164645F636C6173734946
:10A6A8003230414453313131585F416E616C6F67CC
:10A6B800536F757263653132416E616C6F67536FAA
:10A6C80075726365453131636C6173735F656E7470
:10A6D80072794954305F455374386F7074696F6E7E
:10A6E800616C49744545556C76455F0070D6040821
:10A6F8009CA6040800000000DCA50408BDD80208D8
:10A70800F5D80208E9DE020805A8010809A8010829
:10A7180057E10208F9DF0208B9D9020855E2020830
:10A7280005DF0208F8FFFFFFDCA50408E1D80208EE
:10A7380009D9020813E0020883E10208E4FFFFFFD9
:10A74800DCA50408E7D802080FD9020863DF02086D
:10A75800B7EF0108B7EF0108B7EF0108B7EF010835
:10A76800E0FFFFFFDCA50408C3AC0108EDD8020830
:10A7780015D9020811FC010815FC01085DE402085E
:10A78800D1060208FDDE0208F9D90208B103020861
:10A79800850102085DFC0108C7AC010859FC0108E5
:10A7A80019FC010861FC0108E1FB0108CBAC0108B8
:10A7B800F50A0208C50502085A396164645F636CCA
:10A7C8006173734931324C6F63616C427574746F95
:10A7D8006E733132427574746F6E536F7572636540
:10A7E800453131636C6173735F656E747279495476
:10A7F800305F455374386F7074696F6E616C49745B
:10A808004545556C76455F0070D60408C0A7040816
:10A818005A396164645F636C6173734931335350AF
:10A82800495F427574746F6E735F3131324275746B
:10A83800746F6E536F75726365453131636C617304
:10A84800735F656E7472794954305F455374386F1D
:10A858007074696F6E616C49744545556C76455FD7
:10A868000000000070D6040818A804085A3961646A
:10A87800645F636C617373493133536869667465E7
:10A8880072416E616C6F673132427574746F6E53CA
:10A898006F75726365453131636C6173735F656EA3
:10A8A8007472794954305F455374386F7074696FA6
:10A8B8006E616C49744545556C76455F0000000033
:10A8C80070D6040874A804085A396164645F636C1C
:10A8D800617373493134504346383537344275749F
:10A8E800746F6E733132427574746F6E536F757214
:10A8F8006365453131636C6173735F656E7472793A
:10A908004954305F455374386F7074696F6E616C69
:10A9180049744545556C76455F00000070D60408BB
:10A92800D0A804085A396164645F636C6173734921
:10A93800313043616E427574746F6E733132427593
:10A9480074746F6E536F75726365453131636C61F2
:10A9580073735F656E7472794954305F4553743808
:10A968006F7074696F6E616C49744545556C7645B6
:10A978005F00000070D604082CA904083133436135
:10A988006E416E616C6F674261736500F0D70408B1
:10A9980084A904080000000003000000D48A040809
:10A9A80002000000B0930408021C0000149404087C
:10A9B800022000000000000094A904086DDF0208CE
:10A9C800CDDF0208E9DE020805A8010809A8010888
:10A9D80057E10208F9DF0208B9D9020855E202086E
:10A9E80005DF0208F8FFFFFF94A90408BDDF02088D
:10A9F800F1DF020813E0020883E10208E4FFFFFF29
:10AA080094A90408B5DF0208E9DF020863DF020839
:10AA1800B7EF0108B7EF0108B7EF0108B7EF010872
:10AA2800E0FFFFFF94A90408C3AC0108C5DF0208D2
:10AA3800E1DF020811FC010815FC01085DE40208C9
:10AA4800D1060208FDDE0208F9D90208B10302089E
:10AA5800850102085DFC0108C7AC010859FC010822
:10AA680019FC010861FC0108E1FB0108CBAC0108F5
:10AA7800F50A0208C5050208F109DEAD3943616E21
:10AA88004272696467650000F0D7040884AA040864
:10AA98000000000002000000A8B70408020000003F
:10AAA800B0930408029400000000000090AA040873
:10AAB800C1E502082DE602086DE4020865E4020813
:10AAC8007D2F030891EE0208BDF002088D2E0308C1
:10AAD800852E0308852E030871EB02085DE702083E
:10AAE8002DE5020889E40208F8FFFFFF90AA040890
:10AAF80069E402081DE602084BE6020811FC010899
:10AB080015FC0108A5EC0208D106020881E4020838
:10AB180095E70208B1030208850102085DFC0108F7
:10AB2800C7AC010859FC010819FC010861FC0108BF
:10AB3800E1FB0108CBAC0108F50A0208C5050208CB
:10AB48006CFFFFFF90AA040825E6020843E6020806
:10AB580091E5020897E40208B7EF0108B7EF01088A
:10AB6800B7EF0108313043616E427574746F6E73CC
:10AB780000000000F0D704086CAB040800000000D7
:10AB8800030000005491040802000000B093040878
:10AB980002100000149404080214000000000000D1
:10ABA8007CAB0408D1F3020831F4020889F30208E7
:10ABB80059DD0108A5F302085DDD010801F6020868
:10ABC8005DF402081DF7020893F40208F8FFFFFF7E
:10ABD8007CAB040821F4020855F402088BF402083F
:10ABE8004BF60208F0FFFFFF7CAB040819F40208DB
:10ABF8004DF40208B3F40208B7EF0108B7EF0108F3
:10AC0800B7EF0108B7EF0108ECFFFFFF7CAB0408C2
:10AC1800C3AC010829F4020845F4020811FC010834
:10AC280015FC01083DF90208D10602089DF3020847
:10AC3800ADFE0108B1030208850102085DFC0108A8
:10AC4800C7AC010859FC010819FC010861FC01089E
:10AC5800E1FB0108CBAC0108F50A0208C5050208AA
:10AC6800313243414E496E7075744D61696E000012
:10AC7800F0D7040868AC04080000000004000000D5
:10AC8800A8B7040802000000709E0408029400009F
:10AC9800309F0408029C0000F8A2040802D80000B3
:10ACA8000000000078AC040835FE0208A9FE02087E
:10ACB80045F9020865E4020855FA0208852E0308DA
:10ACC800872E03088D2E0308852E0308852E03087A
:10ACD800E50103088DFB020861F90208B3FA0208CE
:10ACE8001B090308F8FFFFFF78AC040869E40208B1
:10ACF80099FE0208D7FE020811FC010815FC01089C
:10AD080029070308D106020859F90208A1FB02081D
:10AD1800B1030208850102085DFC0108C7AC0108FF
:10AD280059FC010819FC010861FC0108E1FB010854
:10AD3800CBAC0108F50A0208C50502086CFFFFFF45
:10AD480078AC040891FE0208CFFE0208ADF90208AB
:10AD580039FB020864FFFFFF78AC040889FE02088B
:10AD6800C7FE020805860208C38502088383020815
:10AD78007B8702083787020859840208798202080B
:10AD88001988020828FFFFFF78AC0408A1FE020812
:10AD9800BFFE02082D09030885BB02083132456E43
:10ADA800636F6465724C6F63616C0000F0D70408D0
:10ADB800A4AD04080000000005000000F498040891
:10ADC80002000000D0990408020C00000CA104083D
:10ADD800001000001494040802140000709E040877
:10ADE8000234000000000000B4AD0408590903084B
:10ADF800D509030835090308CDAC01085109030832
:10AE0800130C0308D1420208774202088D42020857
:10AE1800210C03086F4202088D0A0308170D030866
:10AE28002D0D0308090B0308090A03083B0A030848
:10AE3800F4FFFFFFB4AD0408C5090308010A0308BD
:10AE4800D10A0308F0FFFFFFB4AD0408BD090308E9
:10AE5800F9090308230D0308ECFFFFFFB4AD04084C
:10AE6800C3AC0108B5090308F109030811FC01087E
:10AE780015FC0108B90E0308D106020849090308A0
:10AE8800490B0308B1030208850102085DFC0108AB
:10AE9800C7AC010859FC010819FC010861FC01084C
:10AEA800E1FB0108CBAC0108F50A0208C505020858
:10AEB800CCFFFFFFB4AD0408CD090308E909030876
:10AEC800330A0308830A03085A396164645F636CB0
:10AED8006173734937456E636F64657253305F45BC
:10AEE8003131636C6173735F656E74727949543084
:10AEF8005F455374386F7074696F6E616C4974453F
:10AF080045556C76455F000070D60408D0AE04083D
:10AF18005A396164645F636C617373493132456E99
:10AF2800636F6465724C6F63616C37456E636F6401
:10AF38006572453131636C6173735F656E747279E4
:10AF48004954305F455374386F7074696F6E616C23
:10AF580049744545556C76455F00000070D6040875
:10AF680018AF04085A396164645F636C617373498C
:10AF780031324D74456E636F64657253504937457D
:10AF88006E636F646572453131636C6173735F65BD
:10AF98006E7472794954305F455374386F707469B0
:10AFA8006F6E616C49744545556C76455F000000CD
:10AFB80070D604086CAF04083946464248494445EF
:10AFC8007874000078D70408C0AF040840B20408B9
:10AFD800537432335F53705F636F756E7465645F6B
:10AFE8007074725F696E706C61636549313745666C
:10AFF800666563747343616C63756C61746F7253D7
:10B00800614976454C4E395F5F676E755F63787846
:10B0180031325F4C6F636B5F706F6C696379453079
:10B028004545000078D70408D8AF0408048C040804
:10B03800537432335F53705F636F756E7465645F0A
:10B048007074725F696E706C6163654939536572BB
:10B0580069616C46464253614976454C4E395F5F9B
:10B06800676E755F63787831325F4C6F636B5F70C2
:10B078006F6C6963794530454500000078D704084E
:10B0880038B00408048C040800000000CCAF0408A1
:10B09800711203080D1303082D11030865E4020853
:10B0A80021120308852E0308872E03088D2E030816
:10B0B8002916030875190308D1230308D9110308B1
:10B0C800F1150308011903089D1C0308F11B030867
:10B0D800651C0308F8FFFFFFCCAF040869E4020809
:10B0E800FD1203085313030811FC010815FC01089D
:10B0F8004D290308D1060208411103081912030853
:10B10800B1030208850102085DFC0108C7AC01080B
:10B1180059FC010819FC010861FC0108E1FB010860
:10B12800CBAC0108F50A0208C50502086CFFFFFF51
:10B13800CCAF0408F51203084B130308E91C0308F5
:10B1480085BB020834FFFFFFCCAF0408ED120308EB
:10B1580043130308211603086B1903082CFFFFFF8C
:10B16800CCAF0408E51203083B1303085D1C030871
:10B1780028FFFFFFCCAF0408DD12030833130308D0
:10B1880037B8020833B8020824FFFFFFCCAF040821
:10B19800D51203082B130308951C030820FFFFFF93
:10B1A800CCAF040805130308231303080586020817
:10B1B800C3850208838302087B8702083787020851
:10B1C80059840208798202081988020800000000E0
:10B1D8002CB004084B110308AD11030855110308DE
:10B1E800D11103085D1103080000000084B00408B1
:10B1F80049110308BD1103084D110308CB110308B9
:10B208008511030832324849445F47616D657061B2
:10B21800645265706F72745F62617365000000004C
:10B2280070D604080CB204083130464642484944F6
:10B238004D61696E00000000F0D7040830B20408C0
:10B248000000000007000000A8B704080200000082
:10B25800F8A2040802940000709E040800CC0000C4
:10B26800D099040800D4000010A2040802D80000F5
:10B278004499040800DC0000309F040800E0000046
:10B2880031374849445F47616D6570616452657044
:10B298006F7274496C45000078D7040888B20408B6
:10B2A80028B2040831374849445F47616D657061C9
:10B2B800645265706F7274497345000078D704084A
:10B2C800ACB2040828B204080000000040B2040828
:10B2D80000000000000000000000000065E4020813
:10B2E80000000000852E0308872E03088D2E030812
:10B2F8002916030875190308D1230308D91103086F
:10B30800F1150308011903089D1C0308F11B030824
:10B31800651C0308F8FFFFFF40B2040869E402084F
:10B32800000000000000000011FC010815FC0108E5
:10B338004D290308D106020800000000191203086D
:10B34800B1030208850102085DFC0108C7AC0108C9
:10B3580059FC010819FC010861FC0108E1FB01081E
:10B36800CBAC0108F50A0208C50502086CFFFFFF0F
:10B3780040B204080000000000000000E91C0308B7
:10B3880085BB020834FFFFFF40B20408000000003C
:10B3980000000000211603086B1903082CFFFFFFAB
:10B3A80040B2040800000000000000005D1C030813
:10B3B80028FFFFFF40B20408000000000000000062
:10B3C80037B8020833B8020824FFFFFF40B2040868
:10B3D8000000000000000000951C030820FFFFFF8C
:10B3E80040B20408000000000000000005860208C2
:10B3F800C3850208838302087B870208378702080F
:10B40800598402087982020819880208000000009D
:10B41800A0B20408451503089515030899150308F3
:10B428009D150308A9150308C5150308B5150308D4
:10B4380000000000C4B20408C51403081515030869
:10B44800191503081D15030829150308DB1503083A
:10B458003515030800000000E8030000010102019F
:10B468000401080131314646424A6F7973746963B1
:10B478006B00000078D704086CB4040840B20408D4
:10B48800537432335F53705F636F756E7465645FB6
:10B498007074725F696E706C61636549364869647F
:10B4A80046464253614976454C4E395F5F676E7533
:10B4B8005F63787831325F4C6F636B5F706F6C6974
:10B4C800637945304545000078D7040888B40408F6
:10B4D800048C0408000000007CB40408092A03084E
:10B4E8009D2A03085529030865E40208B9290308B9
:10B4F800852E0308872E03088D2E030829160308B6
:10B5080075190308D1230308D9110308F115030895
:10B51800011903089D1C0308F11B0308651C030897
:10B52800F8FFFFFF7CB4040869E402088D2A0308C9
:10B53800E32A030811FC010815FC01084D2903083A
:10B54800D10602086929030819120308B103020881
:10B55800850102085DFC0108C7AC010859FC010817
:10B5680019FC010861FC0108E1FB0108CBAC0108EA
:10B57800F50A0208C50502086CFFFFFF7CB4040841
:10B58800852A0308DB2A0308E91C030885BB02088F
:10B5980034FFFFFF7CB404087D2A0308D32A03087C
:10B5A800211603086B1903082CFFFFFF7CB404085D
:10B5B800752A0308CB2A03085D1C030828FFFFFF30
:10B5C8007CB404086D2A0308C32A030837B80208A4
:10B5D80033B8020824FFFFFF7CB40408652A030877
:10B5E800BB2A0308951C030820FFFFFF7CB404084E
:10B5F800952A0308B32A030805860208C3850208AA
:10B60800838302087B870208378702085984020867
:10B61800798202081988020800000000D0B40408E2
:10B6280071290308A529030873290308B329030806
:10B638007D29030838464642576865656C00000056
:10B6480078D704083CB6040840B20408000000009B
:10B6580048B60408752C0308092D0308F92B0308BC
:10B6680065E40208152C0308852E0308872E0308B5
:10B678008D2E03082916030875190308D12303081A
:10B68800D9110308F1150308011903089D1C0308C3
:10B69800F11B0308651C0308F8FFFFFF48B6040800
:10B6A80069E40208F92C03084F2D030811FC01086E
:10B6B80015FC01084D290308D10602080D2C0308C2
:10B6C80019120308B1030208850102085DFC01088C
:10B6D800C7AC010859FC010819FC010861FC010804
:10B6E800E1FB0108CBAC0108F50A0208C505020810
:10B6F8006CFFFFFF48B60408F12C0308472D030828
:10B70800E91C030885BB020834FFFFFF48B604089C
:10B71800E92C03083F2D0308211603086B190308B9
:10B728002CFFFFFF48B60408E12C0308372D030857
:10B738005D1C030828FFFFFF48B60408D92C03083E
:10B748002F2D030837B8020833B8020824FFFFFF7B
:10B7580048B60408D12C0308272D0308951C0308B4
:10B7680020FFFFFF48B60408012D03081F2D03081A
:10B7780005860208C3850208838302087B870208BE
:10B788003787020859840208798202081988020852
:10B7980031314646426F6172644D61696E00000046
:10B7A800F0D7040898B70408000000000200000061
:10B7B800BC8A04080200000014940408020800006F
:10B7C80000000000A8B70408D12F0308213003089F
:10B7D800652E030865E402087D2F0308852E0308FB
:10B7E800872E03088D2E0308852E0308852E03084F
:10B7F800812E0308C12E0308F8FFFFFFA8B704082D
:10B8080069E40208193003083530030811FC0108FF
:10B8180015FC0108F92E0308D1060208792E030841
:10B82800F12E0308B1030208850102085DFC010836
:10B83800C7AC010859FC010819FC010861FC0108A2
:10B84800E1FB0108CBAC0108F50A0208C5050208AE
:10B8580031314C6F63616C416E616C6F6700000041
:10B86800F0D7040858B804080000000003000000DE
:10B87800D48A04080200000014940408021C000082
:10B88800908A0408023C00000000000068B8040820
:10B8980061300308AD300308453003083D30030824
:10B8A8004134030879310308D9300308D534030833
:10B8B80019320308F8FFFFFF68B804089D30030831
:10B8C800D1300308E131030871310308E4FFFFFFB9
:10B8D80068B804084130030895300308C9300308E4
:10B8E80011FC010815FC010869360308D106020895
:10B8F800593003085D320308B103020885010208C4
:10B908005DFC0108C7AC010859FC010819FC0108D5
:10B9180061FC0108E1FB0108CBAC0108F50A02084B
:10B92800C5050208C4FFFFFF68B80408A53003086E
:10B93800C1300308000501050205030504050505D6
:10B9480006050705080509050A050B050C050D057B
:10B958000E050F0531324C6F63616C427574746F5C
:10B968006E730000F0D704085CB9040800000000FA
:10B978000200000054910408020000001494040816
:10B9880000100000000000006CB904089536030898
:10B99800CD3603087936030871360308CD39030814
:10B9A8005DDD0108F13A030851370308F136030851
:10B9B80031380308F8FFFFFF6CB90408BD360308E7
:10B9C800E9360308193703088B380308F0FFFFFF2F
:10B9D8006CB9040875360308C5360308E136030850
:10B9E80011FC010815FC0108253D0308D1060208D1
:10B9F8008D36030891370308B10302088501020850
:10BA08005DFC0108C7AC010859FC010819FC0108D4
:10BA180061FC0108E1FB0108CBAC0108F50A02084A
:10BA2800C5050208384D6F746F7250574D000000FD
:10BA3800F0D704082CBA0408000000000300000036
:10BA4800909C0408020000001494040802100000EE
:10BA5800709E0408023000000000000038BA040894
:10BA6800AD3E0308313F0308793D0308D1AC010816
:10BA780091400308A33D0308953D0308B1720208ED
:10BA8800197202084172020801B301081D72020806
:10BA9800B73D030819430308F1460308A13F03080B
:10BAA800F0FFFFFF38BA0408C3AC0108213F0308C0
:10BAB8004D3F030811FC010815FC010871490308F2
:10BAC800D10602088D3D0308B53F0308B1030208FB
:10BAD800850102085DFC0108C7AC010859FC010892
:10BAE80019FC010861FC0108E1FB0108CBAC010865
:10BAF800F50A0208C5050208D0FFFFFF38BA040896
:10BB0800293F0308453F0308DD3D03085D4303085B
:10BB180031374D6F746F7253696D706C656D6F74EA
:10BB2800696F6E00F0D7040818BB04080100000014
:10BB380004000000909C040802000000F498040827
:10BB48000210000014940408021C000050A104080C
:10BB5800023C0000000000002CBB040800000000AC
:10BB68000000000000000000D1AC01086D5303087C
:10BB7800ED4D0308E14D0308B17202082D4A030890
:10BB8800154A030801B30108DDAC0108434A03085C
:10BB9800194A03083F4A030879530308A9560308BA
:10BBA800A5CB01080D4E0308C54A0308A54A03089A
:10BBB800F0FFFFFF2CBB040800000000000000009D
:10BBC80000000000CDAC0108A14A0308694A030837
:10BBD800D1420208774202088D420208254A03082A
:10BBE80091530308E4FFFFFF2CBB0408C3AC010812
:10BBF800000000000000000011FC010815FC01080D
:10BC08003F570308D106020800000000BDCB010819
:10BC1800B1030208850102085DFC0108C7AC0108F0
:10BC280059FC010819FC010861FC0108E1FB010845
:10BC3800CBAC0108F50A0208C5050208C4FFFFFFDE
:10BC48002CBB04080000000000000000914F03080E
:10BC5800E14A0308BD4A030831324D74456E636FEB
:10BC68006465725350490000F0D7040860BC0408AA
:10BC78000000000005000000F4980408020000001D
:10BC8800B49E0408020C0000709E0408024C0000D8
:10BC98001494040802540000F8A204080074000078
:10BCA8000000000070BC0408AD5903083D5A0308A1
:10BCB8005D590308CDAC0108595903088559030893
:10BCC800D1420208CB5A03088D4202087959030869
:10BCD800975903081D5E0308255F0308735A030874
:10BCE800796303083D5B0308F4FFFFFF70BC040899
:10BCF8002D5A03086B5A0308957F02080978020831
:10BD08000B7802087B5B03080F7802086F7C020837
:10BD18008D7C02081178020815780208B4FFFFFF2D
:10BD280070BC0408255A0308635A0308C35A030859
:10BD3800955F0308ACFFFFFF70BC0408C3AC0108A3
:10BD48001D5A03085B5A030811FC010815FC010879
:10BD5800FD670308D106020871590308ADFE010802
:10BD6800B1030208850102085DFC0108C7AC01089F
:10BD780059FC010819FC010861FC0108E1FB0108F4
:10BD8800CBAC0108F50A0208C50502088CFFFFFFC5
:10BD980070BC0408355A0308535A0308B35E0308F5
:10BDA80085BB0208394F447269766543414E0000ED
:10BDB800F0D70408ACBD040801000000060000002C
:10BDC800909C040802000000709E04080210000005
:10BDD800F498040802180000B09304080224000034
:10BDE8001494040802280000F8A20408004800007F
:10BDF80031304F447269766543414E31000000008E
:10BE080078D70408F8BD0408B8BD040831304F4499
:10BE18007269766543414E320000000078D7040805
:10BE280014BE0408B8BD040800000000B8BD04082A
:10BE3800000000000000000000000000D1AC010874
:10BE4800AD6F03086971030895710308B1720208A0
:10BE5800916803085168030801B3010805680308DD
:10BE680051700308B96A0308ED6803087D6D03087B
:10BE7800E3680308AB68030855680308E968030822
:10BE8800D9690308F1680308E9740308E571030830
:10BE9800F0FFFFFFB8BD040800000000000000002C
:10BEA800B16A0308D1690308E8FFFFFFB8BD0408B9
:10BEB800000000000000000000000000CDAC0108F8
:10BEC8008D6B0308DB680308B96D03087742020825
:10BED8008D42020889680308876B0308DCFFFFFFAF
:10BEE800B8BD040800000000000000003F6B030814
:10BEF800856B0308B7EF0108B7EF0108B7EF010832
:10BF0800D8FFFFFFB8BD0408C3AC0108000000005B
:10BF18000000000011FC010815FC0108FD78030869
:10BF2800D106020800000000FD710308B1030208F1
:10BF3800850102085DFC0108C7AC010859FC01082D
:10BF480019FC010861FC0108E1FB0108CBAC010800
:10BF5800F50A0208C5050208B8FFFFFFB8BD0408C6
:10BF680000000000000000006171030885BB0208A2
:10BF78000000000008BE04081D6F0308796F03085D
:10BF880009680308D1AC0108AD6F0308697103089B
:10BF980095710308B1720208916803085168030893
:10BFA80001B301080568030851700308B96A03085A
:10BFB800ED6803087D6D0308E3680308AB680308B0
:10BFC80055680308E9680308D9690308F168030894
:10BFD800E9740308E5710308F0FFFFFF08BE0408D1
:10BFE8006B6F0308A56F0308B16A0308D1690308DA
:10BFF800E8FFFFFF08BE0408656F03089F6F03088A
:10C0080025680308CDAC01088D6B0308DB680308BD
:10C01800B96D0308774202088D420208896803084F
:10C02800876B0308DCFFFFFF08BE04085F6F030887
:10C03800996F03083F6B0308856B0308B7EF010886
:10C04800B7EF0108B7EF0108D8FFFFFF08BE0408E3
:10C05800C3AC0108596F0308936F030811FC01086A
:10C0680015FC0108FD780308D10602081D680308BD
:10C07800FD710308B1030208850102085DFC01088F
:10C08800C7AC010859FC010819FC010861FC01084A
:10C09800E1FB0108CBAC0108F50A0208C505020856
:10C0A800B8FFFFFF08BE0408716F03088D6F03080F
:10C0B8006171030885BB02080000000024BE040863
:10C0C8008D6E0308E96E03082D680308D1AC0108DA
:10C0D800AD6F03086971030895710308B17202080E
:10C0E800916803085168030801B30108056803084B
:10C0F80051700308B96A0308ED6803087D6D0308E9
:10C10800E3680308AB68030855680308E96803088F
:10C11800D9690308F1680308E9740308E57103089D
:10C12800F0FFFFFF24BE0408DB6E0308156F030849
:10C13800B16A0308D1690308E8FFFFFF24BE0408B9
:10C14800D56E03080F6F030849680308CDAC0108D2
:10C158008D6B0308DB680308B96D03087742020892
:10C168008D42020889680308876B0308DCFFFFFF1C
:10C1780024BE0408CF6E0308096F03083F6B030849
:10C18800856B0308B7EF0108B7EF0108B7EF01089F
:10C19800D8FFFFFF24BE0408C3AC0108C96E03081A
:10C1A800036F030811FC010815FC0108FD7803085A
:10C1B800D106020841680308FD710308B1030208AB
:10C1C800850102085DFC0108C7AC010859FC01089B
:10C1D80019FC010861FC0108E1FB0108CBAC01086E
:10C1E800F50A0208C5050208B8FFFFFF24BE0408C7
:10C1F800E16E0308FD6E03086171030885BB020840
:10C2080037504346383537340000000078D70408E3
:10C2180008C20408809B0408313450434638353737
:10C2280034427574746F6E7300000000F0D7040810
:10C2380020C20408000000000400000014C2040822
:10C248000200000014940408020C00005491040831
:10C25800022C0000F8A20408023C000000000000C4
:10C2680014C2040839790308597903082D6D0208A6
:10C27800D36D02087B6902087B6902089D6D02087C
:10C288000000000034C204086D790308D17903085E
:10C298002D6D0208D36D02087B690208717A0308C4
:10C2A800257A0308897B0308057A0308C97C0308F3
:10C2B800257E0308D97B030835790308117903081B
:10C2C80005790308057E0308F4FFFFFF34C204085C
:10C2D8000D790308C1790308FD79030811FC0108E9
:10C2E80015FC010881800308D10602082D7903088E
:10C2F8001D7E0308B1030208850102085DFC0108E0
:10C30800C7AC010859FC010819FC010861FC0108C7
:10C31800E1FB0108CBAC0108F50A0208C5050208D3
:10C32800D4FFFFFF34C20408B9790308F57903087C
:10C3380025790308097903085D7C0308D77A03087F
:10C34800CCFFFFFF34C20408B1790308ED79030874
:10C358001D7A0308FD7C0308C4FFFFFF34C20408EC
:10C36800C9790308E5790308D17B030885BB02086E
:10C3780031315350495F427574746F6E7300000019
:10C38800F0D7040878C30408000000000300000088
:10C3980054910408020000001494040802100000DC
:10C3A800B49E04080230000031335350495F42758F
:10C3B80074746F6E735F310078D70408B0C30408D3
:10C3C80088C304080000000088C3040800000000B7
:10C3D8000000000000000000898003088181030834
:10C3E8005DDD0108998A030869820308B1800308A2
:10C3F80063850308AD800308F8FFFFFF88C30408BE
:10C408000000000000000000FB800308D585030839
:10C41800F0FFFFFF88C304088D80030800000000B8
:10C428000000000011FC010815FC01088D8C0308B0
:10C43800D1060208000000007D820308B10302084B
:10C44800850102085DFC0108C7AC010859FC010818
:10C4580019FC010861FC0108E1FB0108CBAC0108EB
:10C46800F50A0208C5050208D0FFFFFF88C30408C3
:10C478000000000000000000957F0208097802080B
:10C488000B7802080D7802080F7802086F7C020802
:10C498008D7C020811780208157802080000000057
:10C4A800C0C304083D83030875830308918003080B
:10C4B80089800308818103085DDD0108998A0308E2
:10C4C80069820308B180030863850308AD80030807
:10C4D800F8FFFFFFC0C304086183030889830308CA
:10C4E800FB800308D5850308F0FFFFFFC0C30408DD
:10C4F8008D800308678303088F83030811FC0108F4
:10C5080015FC01088D8C0308D1060208A5800308D4
:10C518007D820308B1030208850102085DFC010859
:10C52800C7AC010859FC010819FC010861FC0108A5
:10C53800E1FB0108CBAC0108F50A0208C5050208B1
:10C54800D0FFFFFFC0C304086D8303089583030869
:10C55800957F0208097802080B7802080D7802080E
:10C568000F7802086F7C02088D7C02081178020897
:10C5780015780208180000002000000028000000BC
:10C588000702130E4E313353686966746572416E43
:10C59800616C6F6732324732375368696674657207
:10C5A800427574746F6E436C69656E744500000063
:10C5B80078D704088CC50408B49E0408313353683E
:10C5C8006966746572416E616C6F6700F0D7040824
:10C5D800C4C50408000000000200000054910408CB
:10C5E800020000001494040800100000000000007D
:10C5F800B8C50408598D03086D8D0308957F020896
:10C60800097802080B7802080D7802080F780208EA
:10C618006F7C02088D7C02081178020815780208E0
:10C6280000000000D4C5040881910308D5910308CF
:10C63800298D0308218D0308ED900308458D030813
:10C64800818D0308999203087196030801950308E0
:10C65800F8FFFFFFD4C50408C5910308F19103084A
:10C66800E58D030831930308F0FFFFFFD4C50408E4
:10C67800258D0308CD910308E991030811FC0108F1
:10C6880015FC0108E5980308D10602083D8D03084A
:10C6980015950308B1030208850102085DFC01082D
:10C6A800C7AC010859FC010819FC010861FC010824
:10C6B800E1FB0108CBAC0108F50A0208C505020830
:10C6C8000101000000000101375665736343414EC4
:10C6D80000000000F0D70408D0C6040801000000DC
:10C6E80006000000909C040802000000709E0408E8
:10C6F80002100000F498040802180000B09304081F
:10C70800022400001494040802280000F8A2040877
:10C718000048000036564553435F310078D7040877
:10C728001CC70408DCC6040836564553435F32006C
:10C7380078D7040830C70408DCC6040800000000E5
:10C74800DCC6040800000000000000002172020896
:10C75800D1AC0108159F0308319F030835990308D8
:10C76800B1720208439903088D99030801B30108BF
:10C778003D990308799A0308B99B0308A19903080E
:10C78800679E0308879903084F990308E99B0308E4
:10C7980081A3030885A80308B5A4030849A10308D1
:10C7A800F0FFFFFFDCC604080000000000000000E6
:10C7B800E19B0308719A0308E8FFFFFFDCC6040841
:10C7C800000000000000000055420208CDAC01083E
:10C7D800939A03087F990308859E03087742020805
:10C7E8008D420208259C0308D99A0308DCFFFFFF45
:10C7F800DCC604080000000000000000ADA4030827
:10C80800B7EF0108B7EF0108B7EF0108B7EF010864
:10C81800D8FFFFFFDCC60408C3AC01080000000015
:10C828000000000011FC010815FC010801AD030817
:10C83800D106020800000000CDA40308B1030208D5
:10C84800850102085DFC0108C7AC010859FC010814
:10C8580019FC010861FC0108E1FB0108CBAC0108E7
:10C86800F50A0208C5050208B8FFFFFFDCC6040880
:10C87800000000000000000011A2030885BB0208A8
:10C888000000000024C7040855A00308B1A003084D
:10C89800ED980308D1AC0108159F0308319F0308E0
:10C8A80035990308B1720208439903088D99030862
:10C8B80001B301083D990308799A0308B99B030855
:10C8C800A1990308679E0308879903084F990308ED
:10C8D800E99B030881A3030885A80308B5A40308F6
:10C8E80049A10308F0FFFFFF24C70408A3A0030819
:10C8F800DFA00308E19B0308719A0308E8FFFFFF24
:10C9080024C704089DA00308D9A0030809990308AF
:10C91800CDAC0108939A03087F990308859E030804
:10C92800774202088D420208259C0308D99A030819
:10C93800DCFFFFFF24C7040897A00308D3A003085F
:10C94800ADA40308B7EF0108B7EF0108B7EF010876
:10C95800B7EF0108D8FFFFFF24C70408C3AC0108DC
:10C9680091A00308CDA0030811FC010815FC0108DB
:10C9780001AD0308D106020801990308CDA40308F4
:10C98800B1030208850102085DFC0108C7AC010873
:10C9980059FC010819FC010861FC0108E1FB0108C8
:10C9A800CBAC0108F50A0208C5050208B8FFFFFF6D
:10C9B80024C70408A9A00308C7A0030811A20308F4
:10C9C80085BB02080000000038C70408C59F03089B
:10C9D80021A0030811990308D1AC0108159F030889
:10C9E800319F030835990308B17202084399030877
:10C9F8008D99030801B301083D990308799A030842
:10CA0800B99B0308A1990308679E0308879903083F
:10CA18004F990308E99B030881A3030885A8030825
:10CA2800B5A4030849A10308F0FFFFFF38C70408AD
:10CA380013A003084FA00308E19B0308719A030899
:10CA4800E8FFFFFF38C704080DA0030849A0030842
:10CA58002D990308CDAC0108939A03087F99030820
:10CA6800859E0308774202088D420208259C030828
:10CA7800D99A0308DCFFFFFF38C7040807A003089A
:10CA880043A00308ADA40308B7EF0108B7EF0108F6
:10CA9800B7EF0108B7EF0108D8FFFFFF38C7040850
:10CAA800C3AC010801A003083DA0030811FC01085C
:10CAB80015FC010801AD0308D106020825990308F1
:10CAC800CDA40308B1030208850102085DFC010832
:10CAD800C7AC010859FC010819FC010861FC0108F0
:10CAE800E1FB0108CBAC0108F50A0208C5050208FC
:10CAF800B8FFFFFF38C7040819A0030837A00308C8
:10CB080011A2030885BB02085A396164645F636C2B
:10CB18006173734931314646426F6172644D616990
:10CB28006E53305F453131636C6173735F656E744A
:10CB380072794954305F455374386F7074696F6EF9
:10CB4800616C49744545556C76455F0070D604089C
:10CB580010CB04085A396164645F636C617373496C
:10CB680038464642576865656C31314646426F61C2
:10CB780072644D61696E453131636C6173735F65D1
:10CB88006E7472794954305F455374386F707469A4
:10CB98006F6E616C49744545556C76455F000000C1
:10CBA80070D604085CCB04085A396164645F636C0E
:10CBB8006173734931314646424A6F7973746963C8
:10CBC8006B31314646426F6172644D61696E453121
:10CBD80031636C6173735F656E7472794954305F49
:10CBE800455374386F7074696F6E616C497445454C
:10CBF800556C76455F00000070D60408B0CB040879
:10CC08005A396164645F636C61737349394646429B
:10CC180048494445787431314646426F6172644DE3
:10CC280061696E453131636C6173735F656E7472EF
:10CC3800794954305F455374386F7074696F6E6109
:10CC48006C49744545556C76455F000070D60408FC
:10CC580008CC04085A396164645F636C6173734972
:10CC68003943616E42726964676531314646426F85
:10CC78006172644D61696E453131636C6173735FD4
:10CC8800656E7472794954305F455374386F7074A7
:10CC9800696F6E616C49744545556C76455F000057
:10CCA80070D604085CCC04085A396164645F636C0C
:10CCB80061737349313243414E496E7075744D61E9
:10CCC800696E31314646426F6172644D61696E45E5
:10CCD8003131636C6173735F656E74727949543076
:10CCE8005F455374386F7074696F6E616C49744531
:10CCF80045556C76455F000070D60408B0CC040832
:10CD080009026B00030100E032080B000202020076
:10CD180000090400000102020004052400200105A6
:10CD280024010001042402060524060001070582E7
:10CD38000308001009040100020A000000070501A9
:10CD480002400000070581024000000904020002B9
:10CD58000300000509211101000122B00007058325
:10CD6800034000010705020340000109026B0003AC
:10CD78000100E032080B0002020200000904000072
:10CD88000102020004052400200105240100010419
:10CD9800240206052406000107058203080010097D
:10CDA800040100020A000000070501024000000714
:10CDB8000581024000000904020002030000050981
:10CDC800211101000122BF04070583034000010768
:10CDD80005020340000109024B00020100E032088D
:10CDE8000B00020202000009040000010202000414
:10CDF800052400200105240100010424020605245D
:10CE08000600010705820308001009040100020A50
:10CE180000000007050102400000070581024000EC
:10CE28000012010002000201400912B0FF000101D6
:10CE38000203010000202020202020202020282874
:10CE480028282820202020202020202020202020C2
:10CE58002020202020881010101010101010101002
:10CE68001010101010040404040404040404041032
:10CE780010101010101041414141414101010101C0
:10CE8800010101010101010101010101010101018A
:10CE98001010101010104242424242420202020296
:10CEA800020202020202020202020202020202025A
:10CEB800101010102000000000000000000000000A
:10CEC800000000000000000000000000000000005A
:10CED800000000000000000000000000000000004A
:10CEE800000000000000000000000000000000003A
:10CEF800000000000000000000000000000000002A
:10CF08000000000000000000000000000000000019
:10CF18000000000000000000000000000000000009
:10CF280000000000000000000000000000000000F9
:10CF38000000000000000000303030303030303069
:10CF48003030303030303030202020202020202059
:10CF58002020202020202020303030303030303049
:10CF68003030303030303030202020202020202039
:10CF7800202020202020202005000000190000008B
:10CF88007D000000000000000080E03779C34143C5
:10CF9800176E05B5B5B89346F5F93FE9034F384D17
:10CFA800321D30F94877825A3CBF737FDD4F1575C3
:10CFB800000000000000F03F0000000000002440D6
:10CFC80000000000000059400000000000408F40B1
:10CFD800000000000088C34000000000006AF8401C
:10CFE8000000000080842E4100000000D012634140
:10CFF8000000000084D797410000000065CDCD41B6
:10D00800000000205FA00242000000E87648374296
:10D01800000000A2941A6D42000040E59C30A24234
:10D028000000901EC4BCD64200003426F56B0C43A9
:10D038000080E03779C3414300A0D8855734764350
:10D0480000C84E676DC1AB43003D9160E458E143B1
:10D05800408CB5781DAF154450EFE2D6E41A4B4426
:10D0680092D54D06CFF08044F64AE1C7022DB5446B
:10D07800B49DD9794378EA44000FC93F000F49406D
:10D0880000CB9640000FC9400053FB4000CB16412F
:10D0980000ED2F41000F49410031624100537B41AF
:10D0A800003A8A4100CB9641005CA34100EDAF41B4
:10D0B800007EBC41000FC94100A0D5410031E241CA
:10D0C80000C2EE410053FB4100F20342003A0A421B
:10D0D8000083104200CB164200141D42005C23421C
:10D0E80000A5294200ED2F4200363642007E3C4220
:10D0F80000C74242000F4942A2000000F9000000A8
:10D10800830000006E0000004E0000004400000094
:10D118001500000029000000FC00000027000000A6
:10D1280057000000D1000000F500000034000000A6
:10D13800DD000000C0000000DB000000620000000D
:10D1480095000000990000003C000000430000002A
:10D158009000000041000000FE00000051000000A7
:10D1680063000000AB000000DE000000BB00000010
:10D17800C500000061000000B700000024000000A6
:10D188006E0000003A000000420000004D00000060
:10D19800D2000000E0000000060000004900000086
:10D1A8002E000000EA00000009000000D100000085
:10D1B800920000001C000000FE0000001D0000009E
:10D1C800EB0000001C000000B10000002900000076
:10D1D800A70000003E000000E800000082000000F8
:10D1E80035000000F50000002E000000BB00000024
:10D1F8004400000084000000E90000009C000000DA
:10D208007000000026000000B40000005F0000006D
:10D218007E0000004100000039000000910000007D
:10D22800D600000039000000830000005300000011
:10D2380039000000F40000009C0000008400000099
:10D248005F0000008B000000BD000000F900000036
:10D25800280000003B0000001F000000F80000004C
:10D2680097000000FF000000DE000000050000003D
:10D27800980000000F000000EF0000002F000000E1
:10D28800110000008B0000005A0000000A00000096
:10D298006D0000001F0000006D0000003600000057
:10D2A8007E000000CF00000027000000CB00000037
:10D2B80009000000B70000004F0000004600000011
:10D2C8003F000000660000009E0000005F000000B4
:10D2D800EA0000002D000000750000002700000093
:10D2E800BA000000C7000000EB000000E5000000E5
:10D2F800F10000007B0000003D0000000700000076
:10D3080039000000F70000008A0000005200000009
:10D3180092000000EA0000006B000000FB00000023
:10D328005F000000B10000001F0000008D00000039
:10D338005D00000008000000560000000300000027
:10D348003000000046000000FC0000007B000000E8
:10D358006B000000AB000000F0000000CF000000F0
:10D36800BC000000200000009A000000F40000004B
:10D37800360000001D000000A9000000E3000000C6
:10D3880091000000610000005E000000E60000005F
:10D398001B00000008000000650000009900000064
:10D3A800850000005F00000014000000A0000000DD
:10D3B80068000000400000008D000000FF00000031
:10D3C800D8000000800000004D000000730000003D
:10D3D80027000000310000000600000006000000E1
:10D3E8001500000056000000CA000000730000008D
:10D3F800A8000000C900000060000000E200000072
:10D408007B000000C00000008C0000006B000000E2
:10D418000000C93F0000F0390000DA370000A233ED
:10D428000000842E0000502B0000C2270000D022EC
:10D438000000C41F0000C61B0000441704000000C1
:10D448000700000009000000FB21F93FFB2109400B
:10D458007CD91240FB2119407A6A1F407CD92240AE
:10D46800BBFD2540FB2129403A462C407A6A2F40D3
:10D478005C4731407CD932409C6B3440BBFD354021
:10D48800DB8F3740FB2139401BB43A403A463C40D9
:10D498005AD83D407A6A3F404C7E40405C47414004
:10D4A8006C1042407CD942408CA243409C6B444063
:10D4B800AC344540BBFD4540CBC64640DB8F4740BA
:10D4C800EB584840FB21494083F9A200444E6E00C6
:10D4D800FC291500D1572700DD34F50062DBC000B8
:10D4E8003C999500419043006351FE00BBDEAB00C0
:10D4F800B761C5003A6E2400D24D42004906E000EB
:10D5080009EA2E001C92D100EB1DFE0029B11C0077
:10D51800E83EA700F535820044BB2E009CE9840054
:10D52800B4267000417E5F00D691390053833900DC
:10D538009CF439008B5F840028F9BD00F81F3B007C
:10D54800DEFF97000F980500112FEF000A5A8B0095
:10D558006D1F6D00CF7E360009CB2700464FB70000
:10D568009E663F002DEA5F00BA277500E5EBC7000D
:10D578003D7BF100F739070092528A00FB6BEA0005
:10D588001FB15F00085D8D00300356007BFC46002C
:10D59800F0AB6B0020BCCF0036F49A00E3A91D0065
:10D5A8005E619100081BE60085996500A0145F0084
:10D5B8008D40680080D8FF0027734D0006063100B3
:10D5C800CA561500C9A873007BE260006B8CC000C6
:10D5D80000000040FB21F93F000000002D44743E8C
:10D5E800000000809846F83C0000006051CC783B71
:10D5F80000000080831BF0390000004020257A38A5
:10D60800000000802282E336000000001DF3693527
:10D6180002000000030000000400000006000000F3
:10D6280059F3F8C21F6EA501000000000000F03F8A
:10D638004E31305F5F637878616269763131375F88
:10D648005F636C6173735F747970655F696E666F31
:10D658004500000078D7040838D60408ACD7040879
:10D66800000000005CD60408595004086D500408F6
:10D67800D1520408D1520408D7500408195004089C
:10D68800BF500408815004084B5004084E31305FE5
:10D698005F637878616269763132305F5F66756E94
:10D6A8006374696F6E5F747970655F696E666F45E4
:10D6B8000000000078D7040894D60408ACD7040802
:10D6C80000000000BCD604080D51040821510408CC
:10D6D800D15204080951040805530408D552040816
:10D6E8004E31305F5F637878616269763131395FD6
:10D6F8005F706F696E7465725F747970655F696E6B
:10D70800666F450078D70408E8D60408A4D804084A
:10D71800000000000CD70408615104087551040882
:10D728005B510408D152040865580408D55204080E
:10D73800895104084E31305F5F6378786162697699
:10D748003132305F5F73695F636C6173735F7479E3
:10D7580070655F696E666F450000000078D7040841
:10D768003CD704085CD604080000000064D704080D
:10D77800CD510408E1510408D1520408D1520408DB
:10D78800D750040819500408A55204083152040857
:10D79800F5510408537439747970655F696E666F62
:10D7A8000000000070D604089CD704084E31305F92
:10D7B8005F637878616269763132315F5F766D696F
:10D7C8005F636C6173735F747970655F696E666FB0
:10D7D8004500000078D70408B4D704085CD60408CC
:10D7E80000000000DCD70408095304081D5304088E
:10D7F800D1520408D1520408D7500408195004081B
:10D8080021560408CB530408315304084E31305FC5
:10D818005F637878616269763132335F5F66756E0F
:10D8280064616D656E74616C5F747970655F696E53
:10D83800666F450078D7040814D80408ACD70408E4
:10D84800000000003CD80408F157040805580408F3
:10D85800D1520408D152040805530408D5520408CB
:10D86800446E000050D8040868D804087600000008
:10D8780050D8040874D804084E31305F5F63787854
:10D88800616269763131375F5F70626173655F74B9
:10D898007970655F696E666F4500000078D7040887
:10D8A80080D80408ACD7040800000000A4D80408F5
:10D8B8003D58040851580408D1520408D1520408AC
:10D8C80065580408D552040829580408FFFFFFFFCB
:10D8D80000000000000000004E31305F5F63787880
:10D8E800616269763132395F5F706F696E74657233
:10D8F8005F746F5F6D656D6265725F747970655F87
:10D90800696E666F4500000078D70408E0D80408FF
:04D91800A4D8040883
:08D91C0064E7FB7F010000003D
:10D924002DB40308D5D200083DDD010801EF01083C
:10D934004D4D02081D530208CD750208A5BA020810
:10D94400B5BC02089DBF0208B9C9020875CA02081D
:10D9540095DA020859DD0208091003082D3D030871
:10D9640079490308BD8C030835B00308C5B0030822
:10D97400ADD200086D9E010841DD0108E5E0010813
:10D984002DEF0108E51E0208714D0208054F02083B
:10D9940079530208D175020851B00208C1BC0208CB
:10D9A400A9BF02082DCA0208A5CB020881DB020820
:10D9B400B1DE0208F5100308DD490308098D0308E8
:08D9C40039B0030831B103087A
:10D9CC000024F4000100000010000000AAAAAAAA7A
:10D9DC0010000C00B0270120385E04080000000085
:10D9EC00000000000000000000000000000000002B
:10D9FC00000000000000000000000000000000001B
:10DA0C00000000000000000000000000000000000A
:10DA1C0000000000000000000000000000000000FA
:10DA2C00000000000000000000000000FF000000EB
:10DA3C00E9880408010A0000966F0408010C000034
:10DA4C008800001000000000000000000000000032
:10DA5C0000000000000000000100000045750408F3
:10DA6C00020A0200FB710408600000005A760408E8
:10DA7C00020C0000FB710408800000008E78040882
:10DA8C00030A00007C7B0408100002000100000067
:10DA9C00000000000000000000000000000C02402C
:10DAAC0000800000000000000000000000000000EA
:10DABC00000C0240004000000000000000000000CC
:10DACC0000000000000C024000200000641900005F
:10DADC00295CF541A00F000088130000E8FD000050
:10DAEC000100000094A30408060000002A7D04082D
:10DAFC0043000000C87D0408420000006B7E04084F
:10DB0C000C000000BA7E04082500000040800408C8
:10DB1C00050000009680040861000000C380040822
:10DB2C0003000000AA81040802000000C081040860
:10DB3C00010000002F820408000000007582040818
:10DB4C0041000000D5820408210000006583040810
:10DB5C0084000000638404088A00000072840408B6
:10DB6C008900000013850408620000003A8604084E
:10DB7C008600000046860408850000009D86040887
:10DB8C00240000005187040822000000C488040807
:10DB9C0023000000238A0408880000002A8A040855
:10DBAC0087000000090400000000000000000000D5
:10DBBC000000000000000000000000000000000059
:10DBCC000000000000000000000000000000000049
:10DBDC000000000000000000000000000000000039
:10DBEC0000000000700D0120300200100000000049
:10DBFC0000000000C03001202831012090310120AC
:10DC0C000000000000000000000000000000000008
:10DC1C0000000000000000000000000000000000F8
:10DC2C0000000000000000000000000000000000E8
:10DC3C0000000000000000000000000000000000D8
:10DC4C0000000000000000000000000000000000C8
:10DC5C0000000000000000000000000000000000B8
:10DC6C0000000000000000000000000000000000A8
:10DC7C000000000000000000000000000000000098
:10DC8C000000000000000000010000000000000087
:10DC9C000E33CDAB34126DE6ECDE05000B0000004C
:10DCAC000000000000000000000000000000000068
:10DCBC000000000000000000000000000000000058
:10DCCC000000000000000000000000000000000048
:10DCDC000000000000000000000000000000000038
:10DCEC000000000000000000000000000000000028
:10DCFC000000000000000000000000000000000018
:10DD0C000000000000000000000000000000000007
:10DD1C000000000003000000C0300120FFFFFFFFE7
:10DD2C0000000200000000000000000000000000E5
:10DD3C0068030010680300107003001070030010DB
:10DD4C00780300107803001080030010800300108B
:10DD5C00880300108803001090030010900300103B
:10DD6C009803001098030010A0030010A0030010EB
:10DD7C00A8030010A8030010B0030010B00300109B
:10DD8C00B8030010B8030010C0030010C00300104B
:10DD9C00C8030010C8030010D0030010D0030010FB
:10DDAC00D8030010D8030010E0030010E0030010AB
:10DDBC00E8030010E8030010F0030010F00300105B
:10DDCC00F8030010F8030010000400100004001009
:10DDDC0008040010080400101004001010040010B7
:10DDEC001804001018040010200400102004001067
:10DDFC002804001028040010300400103004001017
:10DE0C0038040010380400104004001040040010C6
:10DE1C004804001048040010500400105004001076
:10DE2C005804001058040010600400106004001026
:10DE3C0068040010680400107004001070040010D6
:10DE4C007804001078040010800400108004001086
:10DE5C008804001088040010900400109004001036
:10DE6C009804001098040010A0040010A0040010E6
:10DE7C00A8040010A8040010B0040010B004001096
:10DE8C00B8040010B8040010C0040010C004001046
:10DE9C00C8040010C8040010D0040010D0040010F6
:10DEAC00D8040010D8040010E0040010E0040010A6
:10DEBC00E8040010E8040010F0040010F004001056
:10DECC00F8040010F8040010000500100005001004
:10DEDC0008050010080500101005001010050010B2
:10DEEC001805001018050010200500102005001062
:10DEFC002805001028050010300500103005001012
:10DF0C0038050010380500104005001040050010C1
:10DF1C004805001048050010500500105005001071
:10DF2C005805001058050010600500106005001021
:10DF3C0068050010680500107005001070050010D1
:10DF4C007805001078050010800500108005001081
:10DF5C008805001088050010900500109005001031
:10DF6C009805001098050010A0050010A0050010E1
:10DF7C00A8050010A8050010B0050010B005001091
:10DF8C00B8050010B8050010C0050010C005001041
:10DF9C00C8050010C8050010D0050010D0050010F1
:10DFAC00D8050010D8050010E0050010E0050010A1
:10DFBC00E8050010E8050010F0050010F005001051
:10DFCC00F8050010F80500100006001000060010FF
:10DFDC0008060010080600101006001010060010AD
:10DFEC00180600101806001020060010200600105D
:10DFFC00280600102806001030060010300600100D
:10E00C0038060010380600104006001040060010BC
:10E01C00480600104806001050060010500600106C
:10E02C00580600105806001060060010600600101C
:10E03C0068060010680600107006001070060010CC
:10E04C00780600107806001080060010800600107C
:10E05C00880600108806001090060010900600102C
:10E06C009806001098060010A0060010A0060010DC
:10E07C00A8060010A8060010B0060010B00600108C
:10E08C00B8060010B8060010C0060010C00600103C
:10E09C00C8060010C8060010D0060010D0060010EC
:10E0AC00D8060010D8060010E0060010E00600109C
:10E0BC00E8060010E8060010F0060010F00600104C
:10E0CC00F8060010F80600100007001000070010FA
:10E0DC0008070010080700101007001010070010A8
:10E0EC001807001018070010200700102007001058
:10E0FC002807001028070010300700103007001008
:10E10C0038070010380700104007001040070010B7
:10E11C004807001048070010500700105007001067
:10E12C005807001058070010600700106007001017
:10E13C004300000000000000000000000000000090
:10E14C0000000000000000000000000000000000C3
:10E15C004300000000000000000000000000000070
:10E16C0000000000000000000000000000000000A3
:10E17C004300000000000000000000000000000050
:10E18C000000000000000000000000000000000083
:10E19C004300000000000000000000000000000030
:10E1AC000000000000000000000000000000000063
:10E1BC004300000000000000000000000000000010
:10E1CC000000000000000000000000000000000043
:10E1DC0043000000000000000000000000000000F0
:10E1EC000000000000000000000000000000000023
:10E1FC0043000000000000000000000000000000D0
:10E20C000000000000000000000000000000000002
:10E21C0099070408690C0408000000003CCE0408AF
:10E22C00785E0408BC5E0408BC5E0408BC5E04088E
:10E23C00BC5E0408BC5E0408BC5E0408BC5E04083A
:10E24C00BC5E0408BC5E0408FFFFFFFFFFFFFFFF7E
:10E25C00FFFFFFFFFFFF000001004153434949004E
:10E26C0000000000000000000000000000000000A2
:10E27C000000000000000000000041534349490029
:10E28C000000000000000000000000000000000082
:0CE29C0000000000000000000000000076
:040000050803B16DCE
:00000001FF
#METADATA
#MCU_TARGET F407VG_DISCO
#INC_TARGET_CONSTANTS_H_ 
#HW_TYPE "F407VG_DISCO"
#HW_TYPE_INT 3 
#FW_DEVID 0x413 
#DEFAULTMAIN 1 
#FFBWHEEL 
#FFBJOYSTICK 
#CANBRIDGE 
#FFBHIDEXT 
#CANINPUTMAIN 
#LOCALBUTTONS 
#SPIBUTTONS 
#SHIFTERBUTTONS 
#PCF8574BUTTONS 
#ANALOGAXES 
#PWMDRIVER 
#LOCALENCODER 
#CANBUS 
#ODRIVE 
#VESC 
#MTENCODERSPI 
#CANBUTTONS 
#CANANALOG 
#ADS111XANALOG 
#SIMPLEMOTION 
#TIM_ENC htim2
#TIM_PWM htim1
#TIM_MICROS_HALTICK htim7 
#TIM_USER htim9 
#TIM_TMC htim6 
#UART_PORT_EXT huart1 
#UART_PORT_MOTOR huart3 
#UART_BUF_SIZE 1 
#I2C_PORT hi2c1
#ADC1_CHANNELS 5 	
#ADC2_CHANNELS 2		
#VSENSE_HADC hadc2
#ADC_CHAN_VINT 1	
#ADC_CHAN_VEXT 0 
#VSENSE_ADC_BUF ADC2_BUF
#AIN_HADC hadc1	
#ADC_PINS 3	
#ADC_CHAN_FPIN 0 
#TEMPSENSOR_ADC_VAL ADC1_BUF[3] 
#ADC_INTREF_VAL ADC1_BUF[4] 
#BUTTON_PINS 8
#HSPI2 hspi2
#EXT3_SPI_PORT hspi3
#CANPORT hcan1
#USE_EEPROM_EMULATION 
#PAGE0_ID FLASH_SECTOR_1
#PAGE1_ID FLASH_SECTOR_2
#EEPROM_START_ADDRESS ((uint32_t)0x08004000) 
#PAGE_SIZE (uint32_t)0x4000  
#CCRAM_SEC ".ccmram"
